country,state,city,station,last_update,latitude,longitude,pollutant_id,pollutant_min,pollutant_max,pollutant_avg,aqi,aqi_bucket,temperature_c,humidity_percent,wind_speed_kmh,year,month,day,hour,day_of_week,season,Population,Digital Elevation Model,is_weekend,time_period,pollutant_range,temperature_category,humidity_category,wind_speed_category
india,andhra pradesh,kadapa,"yerramukkapalli, kadapa - appcb",2026-07-01 23:00:00.000000000,14.465052,78.824187,ozone,39.0,41.0,40.0,20,good,23.8,68.2,10.6,2026,7,1,23,wednesday,summer,127010.0,135.0,0,Evening,2.0,Moderate,Moderate,Moderate
india,andhra pradesh,machilipatnam,"srinivas nagar colony, machilipatnam - appcb",2026-07-01 23:00:00.000000000,16.186555,81.13219,no2,13.0,33.0,18.0,15,good,30.6,60.3,19.1,2026,7,1,23,wednesday,summer,192827.0,11.0,0,Evening,20.0,Warm,Moderate,Moderate
india,andhra pradesh,machilipatnam,"srinivas nagar colony, machilipatnam - appcb",2026-07-01 23:00:00.000000000,16.186555,81.13219,nh3,3.0,5.0,4.0,1,good,28.4,44.3,8.8,2026,7,1,23,wednesday,summer,192827.0,11.0,0,Evening,2.0,Warm,Moderate,Low
india,andhra pradesh,nellore,"ambedkar nagar, nellore - appcb",2026-07-01 23:00:00.000000000,14.438164,79.966814,pm10,45.0,106.0,66.0,96,moderate,39.6,38.9,2.5,2026,7,1,23,wednesday,summer,404158.0,21.0,0,Evening,61.0,Hot,Low,Low
india,andhra pradesh,rajamahendravaram,"anand kala kshetram, rajamahendravaram - appcb",2026-07-01 23:00:00.000000000,16.9872867,81.7363176,pm2.5,5.0,19.0,11.0,12,good,21.4,47.7,28.3,2026,7,1,23,wednesday,summer,304804.0,34.0,0,Evening,14.0,Moderate,Moderate,High
india,andhra pradesh,tirumala,"toll gate, tirumala - appcb",2026-07-01 23:00:00.000000000,13.67,79.35,so2,4.0,10.0,6.0,21,good,15.9,46.9,16.4,2026,7,1,23,wednesday,summer,18013.0,858.0,0,Evening,6.0,Moderate,Moderate,Moderate
india,andhra pradesh,tirumala,"toll gate, tirumala - appcb",2026-07-01 23:00:00.000000000,13.67,79.35,co,12.0,22.0,17.0,3,good,37.8,34.3,4.8,2026,7,1,23,wednesday,summer,18013.0,858.0,0,Evening,10.0,Hot,Low,Low
india,andhra pradesh,tirupati,"vaikuntapuram, tirupati - appcb",2026-07-01 23:00:00.000000000,13.615387,79.40923,pm2.5,32.0,46.0,37.0,37,good,31.3,86.2,21.8,2026,7,1,23,wednesday,summer,250821.0,156.0,0,Evening,14.0,Warm,High,High
india,andhra pradesh,tirupati,"vaikuntapuram, tirupati - appcb",2026-07-01 23:00:00.000000000,13.615387,79.40923,pm10,55.0,66.0,59.0,64,moderate,26.6,92.5,14.1,2026,7,1,23,wednesday,summer,250821.0,156.0,0,Evening,11.0,Warm,High,Moderate
india,andhra pradesh,vijayawada,"rajiv gandhi park, vijayawada - appcb",2026-07-01 23:00:00.000000000,16.509717,80.612222,pm2.5,47.0,87.0,65.0,67,moderate,31.2,76.2,7.8,2026,7,1,23,wednesday,summer,874587.0,47.0,0,Evening,40.0,Warm,High,Low
india,andhra pradesh,vijayawada,"rajiv gandhi park, vijayawada - appcb",2026-07-01 23:00:00.000000000,16.509717,80.612222,pm10,48.0,87.0,66.0,56,moderate,23.2,69.2,13.5,2026,7,1,23,wednesday,summer,874587.0,47.0,0,Evening,39.0,Moderate,Moderate,Moderate
india,andhra pradesh,vijayawada,"hb colony, vijayawada - appcb",2026-07-01 23:00:00.000000000,16.536107,80.594233,no2,14.0,23.0,17.0,22,good,36.0,38.0,18.9,2026,7,1,23,wednesday,summer,874587.0,47.0,0,Evening,9.0,Hot,Low,Moderate
india,andhra pradesh,vijayawada,"hb colony, vijayawada - appcb",2026-07-01 23:00:00.000000000,16.536107,80.594233,nh3,3.0,5.0,4.0,39,good,26.9,65.0,11.3,2026,7,1,23,wednesday,summer,874587.0,47.0,0,Evening,2.0,Warm,Moderate,Moderate
india,andhra pradesh,vijayawada,"rajiv nagar, vijayawada - appcb",2026-07-01 23:00:00.000000000,16.554731,80.64911,nh3,4.0,6.0,5.0,19,good,31.3,31.0,19.1,2026,7,1,23,wednesday,summer,874587.0,47.0,0,Evening,2.0,Warm,Low,Moderate
india,andhra pradesh,visakhapatnam,"gvm corporation, visakhapatnam - appcb",2026-07-01 23:00:00.000000000,17.72,83.3,pm2.5,13.0,97.0,44.0,25,good,16.4,36.9,13.2,2026,7,1,23,wednesday,summer,1063178.0,24.0,0,Evening,84.0,Moderate,Low,Moderate
india,andhra pradesh,visakhapatnam,"gvm corporation, visakhapatnam - appcb",2026-07-01 23:00:00.000000000,17.72,83.3,nh3,3.0,3.0,3.0,27,good,24.7,69.4,15.9,2026,7,1,23,wednesday,summer,1063178.0,24.0,0,Evening,0.0,Moderate,Moderate,Moderate
india,arunachal pradesh,naharlagun,"naharlagun, naharlagun - apspcb",2026-07-01 23:00:00.000000000,27.103358,93.679645,nh3,1.0,1.0,1.0,25,good,25.0,71.4,3.2,2026,7,1,23,wednesday,summer,26912.0,159.0,0,Evening,0.0,Warm,High,Low
india,arunachal pradesh,naharlagun,"naharlagun, naharlagun - apspcb",2026-07-01 23:00:00.000000000,27.103358,93.679645,so2,10.0,17.0,12.0,27,good,30.2,58.9,0.3,2026,7,1,23,wednesday,summer,26912.0,159.0,0,Evening,7.0,Warm,Moderate,Low
india,assam,guwahati,"lgbi airport, guwahati - pcba",2026-07-01 23:00:00.000000000,26.10887,91.589544,co,36.0,45.0,40.0,46,good,36.6,56.2,26.8,2026,7,1,23,wednesday,summer,899094.0,59.0,0,Evening,9.0,Hot,Moderate,High
india,assam,guwahati,"railway colony, guwahati - pcba",2026-07-01 23:00:00.000000000,26.181742,91.78063,no2,3.0,3.0,3.0,19,good,18.1,69.1,2.4,2026,7,1,23,wednesday,summer,899094.0,59.0,0,Evening,0.0,Moderate,Moderate,Low
india,assam,guwahati,"iitg, guwahati - pcba",2026-07-01 23:00:00.000000000,26.2028636,91.70046436,no2,1.0,3.0,2.0,47,good,19.7,46.4,18.7,2026,7,1,23,wednesday,summer,899094.0,59.0,0,Evening,2.0,Moderate,Moderate,Moderate
india,assam,guwahati,"iitg, guwahati - pcba",2026-07-01 23:00:00.000000000,26.2028636,91.70046436,nh3,5.0,5.0,5.0,16,good,26.0,63.3,20.1,2026,7,1,23,wednesday,summer,899094.0,59.0,0,Evening,0.0,Warm,Moderate,High
india,assam,guwahati,"iitg, guwahati - pcba",2026-07-01 23:00:00.000000000,26.2028636,91.70046436,so2,40.0,43.0,41.0,10,good,25.6,88.2,27.3,2026,7,1,23,wednesday,summer,899094.0,59.0,0,Evening,3.0,Warm,High,High
india,assam,guwahati,"iitg, guwahati - pcba",2026-07-01 23:00:00.000000000,26.2028636,91.70046436,ozone,1.0,16.0,6.0,13,good,23.2,55.8,9.6,2026,7,1,23,wednesday,summer,899094.0,59.0,0,Evening,15.0,Moderate,Moderate,Low
india,assam,guwahati,"pan bazaar, guwahati - pcba",2026-07-01 23:00:00.000000000,26.1875,91.744194,nh3,1.0,1.0,1.0,21,good,23.1,85.4,21.7,2026,7,1,23,wednesday,summer,899094.0,59.0,0,Evening,0.0,Moderate,High,High
india,assam,guwahati,"pan bazaar, guwahati - pcba",2026-07-01 23:00:00.000000000,26.1875,91.744194,so2,29.0,32.0,31.0,31,good,39.2,90.5,19.2,2026,7,1,23,wednesday,summer,899094.0,59.0,0,Evening,3.0,Hot,High,Moderate
india,assam,silchar,"tarapur, silchar - pcba",2026-07-01 23:00:00.000000000,24.82827,92.79525,no2,17.0,17.0,17.0,49,good,25.4,41.8,13.3,2026,7,1,23,wednesday,summer,152393.0,24.0,0,Evening,0.0,Warm,Moderate,Moderate
india,delhi,delhi,"pusa, delhi - iitm",2026-07-01 23:00:00.000000000,28.63611,77.173332,no2,1.5,3.0,2.0,452,hazardous,25.8,39.5,2.4,2026,7,1,23,wednesday,summer,10927986.0,227.0,0,Evening,1.5,Warm,Low,Low
india,delhi,delhi,"ignou_maidan garhi, delhi - dpcc",2026-07-01 23:00:00.000000000,28.493624,77.201159,so2,2.0,4.0,3.0,47,good,28.2,81.3,13.2,2026,7,1,23,wednesday,summer,10927986.0,227.0,0,Evening,2.0,Warm,High,Moderate
india,delhi,delhi,"jnu, delhi - dpcc",2026-07-01 23:00:00.000000000,28.540721,77.168544,pm10,13.0,141.0,84.0,64,moderate,20.4,45.6,5.8,2026,7,1,23,wednesday,summer,10927986.0,227.0,0,Evening,128.0,Moderate,Moderate,Low
india,delhi,delhi,"jnu, delhi - dpcc",2026-07-01 23:00:00.000000000,28.540721,77.168544,nh3,0.0,8.0,2.0,0,good,36.6,81.9,17.2,2026,7,1,23,wednesday,summer,10927986.0,227.0,0,Evening,8.0,Hot,High,Moderate
india,delhi,delhi,"alipur, delhi - dpcc",2026-07-01 23:00:00.000000000,28.815329,77.15301,so2,2.0,4.0,3.0,10,good,26.2,91.4,2.2,2026,7,1,23,wednesday,summer,10927986.0,227.0,0,Evening,2.0,Warm,High,Low
india,delhi,delhi,"narela, delhi - dpcc",2026-07-01 23:00:00.000000000,28.822836,77.101981,nh3,6.0,14.0,9.0,37,good,21.4,52.6,0.4,2026,7,1,23,wednesday,summer,10927986.0,227.0,0,Evening,8.0,Moderate,Moderate,Low
india,delhi,delhi,"talkatora garden, delhi - dpcc",2026-07-01 23:00:00.000000000,28.62181,77.1944633,pm2.5,42.0,105.0,76.0,58,moderate,38.4,33.1,23.2,2026,7,1,23,wednesday,summer,10927986.0,227.0,0,Evening,63.0,Hot,Low,High
india,delhi,delhi,"commonwealth sports complex, delhi - dpcc",2026-07-01 23:00:00.000000000,28.615828,77.271992,pm10,52.0,119.0,89.0,82,moderate,22.3,52.0,9.9,2026,7,1,23,wednesday,summer,10927986.0,227.0,0,Evening,67.0,Moderate,Moderate,Low
india,delhi,delhi,"commonwealth sports complex, delhi - dpcc",2026-07-01 23:00:00.000000000,28.615828,77.271992,nh3,0.0,8.0,3.0,6,good,26.2,54.7,28.5,2026,7,1,23,wednesday,summer,10927986.0,227.0,0,Evening,8.0,Warm,Moderate,High
india,delhi,delhi,"cantonment area, delhi - dpcc",2026-07-01 23:00:00.000000000,28.594169,77.1251,no2,19.0,65.0,27.0,10,good,27.9,85.6,3.6,2026,7,1,23,wednesday,summer,10927986.0,227.0,0,Evening,46.0,Warm,High,Low
india,delhi,delhi,"nsut jaffarpur, delhi - dpcc",2026-07-01 23:00:00.000000000,28.594004,76.909423,pm10,81.0,152.0,113.0,101,unhealthy for sensitive groups,22.5,36.0,20.8,2026,7,1,23,wednesday,summer,10927986.0,227.0,0,Evening,71.0,Moderate,Low,High
india,bihar,araria,"kharahiya basti, araria - bspcb",2026-07-01 23:00:00.000000000,26.146529,87.454184,pm2.5,42.0,140.0,63.0,75,moderate,26.2,62.1,26.1,2026,7,1,23,wednesday,summer,67474.0,56.0,0,Evening,98.0,Warm,Moderate,High
india,bihar,arrah,"new dm office, arrah - bspcb",2026-07-01 23:00:00.000000000,25.5626095,84.663264,pm2.5,20.0,110.0,62.0,60,moderate,24.5,38.6,7.5,2026,7,1,23,wednesday,summer,223676.0,64.0,0,Evening,90.0,Moderate,Low,Low
india,bihar,arrah,"new dm office, arrah - bspcb",2026-07-01 23:00:00.000000000,25.5626095,84.663264,no2,6.0,9.0,7.0,12,good,19.4,66.4,7.0,2026,7,1,23,wednesday,summer,223676.0,64.0,0,Evening,3.0,Moderate,Moderate,Low
india,bihar,arrah,"new dm office, arrah - bspcb",2026-07-01 23:00:00.000000000,25.5626095,84.663264,nh3,2.0,2.0,2.0,14,good,23.7,37.6,16.5,2026,7,1,23,wednesday,summer,223676.0,64.0,0,Evening,0.0,Moderate,Low,Moderate
india,bihar,aurangabad,"gurdeo nagar, aurangabad - bspcb",2026-07-01 23:00:00.000000000,24.75746,84.366208,pm2.5,8.5,26.0,17.0,314,hazardous,17.7,89.5,7.8,2026,7,1,23,wednesday,summer,1016441.0,588.0,0,Evening,17.5,Moderate,High,Low
india,bihar,begusarai,"lohiyanagar, begusarai - bspcb",2026-07-01 23:00:00.000000000,25.42742023,86.13886079,pm2.5,15.0,50.0,32.0,36,good,39.3,87.2,17.5,2026,7,1,23,wednesday,summer,103060.0,47.0,0,Evening,35.0,Hot,High,Moderate
india,bihar,begusarai,"lohiyanagar, begusarai - bspcb",2026-07-01 23:00:00.000000000,25.42742023,86.13886079,pm10,23.0,133.0,80.0,65,moderate,33.0,58.9,7.8,2026,7,1,23,wednesday,summer,103060.0,47.0,0,Evening,110.0,Warm,Moderate,Low
india,bihar,bhagalpur,"mayaganj, bhagalpur - bspcb",2026-07-01 23:00:00.000000000,25.265194,87.012947,nh3,0.0,5.0,2.0,16,good,35.5,57.1,15.4,2026,7,1,23,wednesday,summer,361548.0,52.0,0,Evening,5.0,Hot,Moderate,Moderate
india,bihar,bhagalpur,"mayaganj, bhagalpur - bspcb",2026-07-01 23:00:00.000000000,25.265194,87.012947,ozone,6.0,75.0,22.0,32,good,18.0,31.0,9.3,2026,7,1,23,wednesday,summer,361548.0,52.0,0,Evening,69.0,Moderate,Low,Low
india,bihar,bhagalpur,"dm office_kachari chowk, bhagalpur - bspcb",2026-07-01 23:00:00.000000000,25.251013,86.989001,so2,9.0,38.0,24.0,46,good,19.0,89.6,15.9,2026,7,1,23,wednesday,summer,361548.0,52.0,0,Evening,29.0,Moderate,High,Moderate
india,bihar,muzaffarpur,"mit-daudpur kothi, muzaffarpur - bspcb",2026-07-01 23:00:00.000000000,26.1403345,85.3650192,nh3,0.0,0.0,0.0,25,good,38.9,84.0,14.8,2026,7,1,23,wednesday,summer,333200.0,60.0,0,Evening,0.0,Hot,High,Moderate
india,bihar,patna,"drm office danapur, patna - bspcb",2026-07-01 23:00:00.000000000,25.586562,85.043586,nh3,9.0,10.0,9.0,38,good,27.9,53.4,11.6,2026,7,1,23,wednesday,summer,1599920.0,53.0,0,Evening,1.0,Warm,Moderate,Moderate
india,bihar,patna,"drm office danapur, patna - bspcb",2026-07-01 23:00:00.000000000,25.586562,85.043586,co,38.0,48.0,42.0,27,good,23.5,79.6,3.0,2026,7,1,23,wednesday,summer,1599920.0,53.0,0,Evening,10.0,Moderate,High,Low
india,bihar,patna,"drm office danapur, patna - bspcb",2026-07-01 23:00:00.000000000,25.586562,85.043586,ozone,11.0,28.0,15.0,16,good,19.8,47.0,0.3,2026,7,1,23,wednesday,summer,1599920.0,53.0,0,Evening,17.0,Moderate,Moderate,Low
india,bihar,patna,"rajbansi nagar, patna - bspcb",2026-07-01 23:00:00.000000000,25.599486,85.113666,so2,6.0,12.0,8.0,50,good,32.7,41.0,16.2,2026,7,1,23,wednesday,summer,1599920.0,53.0,0,Evening,6.0,Warm,Moderate,Moderate
india,bihar,patna,"igsc planetarium complex, patna - bspcb",2026-07-01 23:00:00.000000000,25.610369,85.132568,nh3,10.0,17.0,13.0,488,hazardous,30.6,68.2,6.5,2026,7,1,23,wednesday,summer,1599920.0,53.0,0,Evening,7.0,Warm,Moderate,Low
india,bihar,patna,"igsc planetarium complex, patna - bspcb",2026-07-01 23:00:00.000000000,25.610369,85.132568,so2,14.0,22.0,18.0,25,good,26.8,51.8,26.8,2026,7,1,23,wednesday,summer,1599920.0,53.0,0,Evening,8.0,Warm,Moderate,High
india,bihar,patna,"igsc planetarium complex, patna - bspcb",2026-07-01 23:00:00.000000000,25.610369,85.132568,ozone,59.0,60.0,59.0,72,moderate,24.1,75.7,15.2,2026,7,1,23,wednesday,summer,1599920.0,53.0,0,Evening,1.0,Moderate,High,Moderate
india,bihar,patna,"samanpura, patna - bspcb",2026-07-01 23:00:00.000000000,25.596727,85.085624,no2,17.0,18.0,18.0,24,good,17.0,68.4,19.1,2026,7,1,23,wednesday,summer,1599920.0,53.0,0,Evening,1.0,Moderate,Moderate,Moderate
india,bihar,patna,"muradpur, patna - bspcb",2026-07-01 23:00:00.000000000,25.619651,85.147382,pm2.5,16.75,37.0,27.25,326,hazardous,29.9,35.3,0.5,2026,7,1,23,wednesday,summer,1599920.0,53.0,0,Evening,20.25,Warm,Low,Low
india,bihar,patna,"muradpur, patna - bspcb",2026-07-01 23:00:00.000000000,25.619651,85.147382,pm10,16.5,56.0,36.5,415,hazardous,30.4,66.2,24.7,2026,7,1,23,wednesday,summer,1599920.0,53.0,0,Evening,39.5,Warm,Moderate,High
india,bihar,patna,"muradpur, patna - bspcb",2026-07-01 23:00:00.000000000,25.619651,85.147382,so2,16.25,75.0,45.75,317,hazardous,30.2,46.2,28.6,2026,7,1,23,wednesday,summer,1599920.0,53.0,0,Evening,58.75,Warm,Moderate,High
india,bihar,patna,"muradpur, patna - bspcb",2026-07-01 23:00:00.000000000,25.619651,85.147382,ozone,16.0,94.0,55.0,72,moderate,30.7,54.1,13.0,2026,7,1,23,wednesday,summer,1599920.0,53.0,0,Evening,78.0,Warm,Moderate,Moderate
india,bihar,rajgir,"dangi tola, rajgir - bspcb",2026-07-01 23:00:00.000000000,25.0328,85.41948,ozone,15.0,45.0,29.0,18,good,33.0,63.1,18.6,2026,7,1,23,wednesday,summer,38348.0,85.0,0,Evening,30.0,Warm,Moderate,Moderate
india,bihar,samastipur,"dm office_kasipur, samastipur - bspcb",2026-07-01 23:00:00.000000000,25.859655,85.77944,co,2.0,4.0,3.0,48,good,39.2,66.9,27.4,2026,7,1,23,wednesday,summer,57575.0,52.0,0,Evening,2.0,Hot,Moderate,High
india,bihar,samastipur,"dm office_kasipur, samastipur - bspcb",2026-07-01 23:00:00.000000000,25.859655,85.77944,ozone,6.0,9.0,8.0,19,good,23.0,78.5,24.0,2026,7,1,23,wednesday,summer,57575.0,52.0,0,Evening,3.0,Moderate,High,High
india,bihar,siwan,"chitragupta nagar, siwan - bspcb",2026-07-01 23:00:00.000000000,26.2271665,84.3570427,pm2.5,7.0,78.0,50.0,43,good,37.2,44.4,4.3,2026,7,1,23,wednesday,summer,119181.0,71.0,0,Evening,71.0,Hot,Moderate,Low
india,bihar,siwan,"chitragupta nagar, siwan - bspcb",2026-07-01 23:00:00.000000000,26.2271665,84.3570427,no2,2.0,2.0,2.0,5,good,33.5,35.3,9.5,2026,7,1,23,wednesday,summer,119181.0,71.0,0,Evening,0.0,Warm,Low,Low
india,chandigarh,chandigarh,"sector-25, chandigarh - cpcc",2026-07-01 23:00:00.000000000,30.751462,76.762879,pm10,2.6666666666666665,12.0,8.0,327,hazardous,31.5,87.3,8.8,2026,7,1,23,wednesday,summer,960787.0,351.0,0,Evening,9.333333333333334,Warm,High,Low
india,chandigarh,chandigarh,"sector-53, chandigarh - cpcc",2026-07-01 23:00:00.000000000,30.719859,76.738637,so2,3.333333333333333,22.0,14.0,373,hazardous,38.5,76.4,18.3,2026,7,1,23,wednesday,summer,960787.0,351.0,0,Evening,18.666666666666668,Hot,High,Moderate
india,chandigarh,chandigarh,"sector-53, chandigarh - cpcc",2026-07-01 23:00:00.000000000,30.719859,76.738637,ozone,4.0,32.0,20.0,4,good,15.7,53.2,29.3,2026,7,1,23,wednesday,summer,960787.0,351.0,0,Evening,28.0,Moderate,Moderate,High
india,chandigarh,chandigarh,"sector 22, chandigarh - cpcc",2026-07-01 23:00:00.000000000,30.735567,76.775714,pm2.5,5.0,68.0,17.0,36,good,28.3,56.8,24.6,2026,7,1,23,wednesday,summer,960787.0,351.0,0,Evening,63.0,Warm,Moderate,High
india,chandigarh,chandigarh,"sector 22, chandigarh - cpcc",2026-07-01 23:00:00.000000000,30.735567,76.775714,so2,4.0,7.0,6.0,22,good,32.5,45.2,30.0,2026,7,1,23,wednesday,summer,960787.0,351.0,0,Evening,3.0,Warm,Moderate,High
india,chhattisgarh,bhilai,"civic center, bhilai - bhilai steel plant",2026-07-01 23:00:00.000000000,21.185571,81.343175,pm10,8.0,25.0,13.0,16,good,34.9,89.9,12.7,2026,7,1,23,wednesday,summer,625138.0,307.0,0,Evening,17.0,Warm,High,Moderate
india,chhattisgarh,bhilai,"civic center, bhilai - bhilai steel plant",2026-07-01 23:00:00.000000000,21.185571,81.343175,nh3,1.0,2.0,1.0,42,good,17.9,64.6,27.0,2026,7,1,23,wednesday,summer,625138.0,307.0,0,Evening,1.0,Moderate,Moderate,High
india,chhattisgarh,bhilai,"32bungalows, bhilai - cecb",2026-07-01 23:00:00.000000000,21.194815,81.31477,co,5.0,12.0,9.0,35,good,22.6,91.6,0.3,2026,7,1,23,wednesday,summer,625138.0,307.0,0,Evening,7.0,Moderate,High,Low
india,bihar,katihar,"mirchaibari, katihar - bspcb",2026-07-01 23:00:00.000000000,25.560083,87.553265,co,70.0,85.0,78.0,75,moderate,22.7,85.1,21.5,2026,7,1,23,wednesday,summer,192555.0,34.0,0,Evening,15.0,Moderate,High,High
india,bihar,kishanganj,"sdm office_khagra, kishanganj - bspcb",2026-07-01 23:00:00.000000000,26.0881305,87.93840336,no2,7.0,8.0,7.0,44,good,38.6,85.6,13.5,2026,7,1,23,wednesday,summer,94807.0,57.0,0,Evening,1.0,Hot,High,Moderate
india,bihar,kishanganj,"sdm office_khagra, kishanganj - bspcb",2026-07-01 23:00:00.000000000,26.0881305,87.93840336,ozone,33.0,37.0,34.0,6,good,30.9,34.8,4.0,2026,7,1,23,wednesday,summer,94807.0,57.0,0,Evening,4.0,Warm,Low,Low
india,bihar,motihari,"gandak colony, motihari - bspcb",2026-07-01 23:00:00.000000000,26.63086,84.90051,pm2.5,2.6666666666666665,4.333333333333334,3.333333333333333,473,hazardous,18.3,61.9,3.2,2026,7,1,23,wednesday,summer,112144.0,74.0,0,Evening,1.6666666666666674,Moderate,Moderate,Low
india,bihar,motihari,"gandak colony, motihari - bspcb",2026-07-01 23:00:00.000000000,26.63086,84.90051,so2,3.0,3.0,3.0,44,good,26.1,84.4,15.7,2026,7,1,23,wednesday,summer,112144.0,74.0,0,Evening,0.0,Warm,High,Moderate
india,bihar,motihari,"gandak colony, motihari - bspcb",2026-07-01 23:00:00.000000000,26.63086,84.90051,ozone,53.0,57.0,55.0,59,moderate,22.5,72.9,28.0,2026,7,1,23,wednesday,summer,112144.0,74.0,0,Evening,4.0,Moderate,High,High
india,bihar,munger,"town hall, munger - bspcb",2026-07-01 23:00:00.000000000,25.376776,86.471523,nh3,3.0,3.0,3.0,5,good,21.1,78.9,27.0,2026,7,1,23,wednesday,summer,203163.0,49.0,0,Evening,0.0,Moderate,High,High
india,bihar,munger,"town hall, munger - bspcb",2026-07-01 23:00:00.000000000,25.376776,86.471523,so2,25.0,33.0,29.0,23,good,26.3,64.5,29.5,2026,7,1,23,wednesday,summer,203163.0,49.0,0,Evening,8.0,Warm,Moderate,High
india,bihar,munger,"town hall, munger - bspcb",2026-07-01 23:00:00.000000000,25.376776,86.471523,ozone,1.0,6.0,2.0,42,good,19.6,46.4,2.7,2026,7,1,23,wednesday,summer,203163.0,49.0,0,Evening,5.0,Moderate,Moderate,Low
india,bihar,bihar sharif,"d m colony, bihar sharif - bspcb",2026-07-01 23:00:00.000000000,25.204762,85.51496,ozone,1.0,2.0,2.0,32,good,30.6,87.8,12.3,2026,7,1,23,wednesday,summer,244230.0,68.0,0,Evening,1.0,Warm,High,Moderate
india,bihar,buxar,"charitra van, buxar - bspcb",2026-07-01 23:00:00.000000000,25.56752,83.966379,pm2.5,17.0,500.0,151.0,198,unhealthy,39.6,46.2,28.9,2026,7,1,23,wednesday,summer,96120.0,67.0,0,Evening,483.0,Hot,Moderate,High
india,bihar,chhapra,"darshan nagar, chhapra - bspcb",2026-07-01 23:00:00.000000000,25.7808257,84.7446768,no2,2.0,3.0,2.0,1,good,37.0,74.9,10.0,2026,7,1,23,wednesday,summer,201597.0,61.0,0,Evening,1.0,Hot,High,Moderate
india,bihar,chhapra,"darshan nagar, chhapra - bspcb",2026-07-01 23:00:00.000000000,25.7808257,84.7446768,so2,21.0,23.0,21.0,45,good,19.5,86.8,13.6,2026,7,1,23,wednesday,summer,201597.0,61.0,0,Evening,2.0,Moderate,High,Moderate
india,bihar,chhapra,"darshan nagar, chhapra - bspcb",2026-07-01 23:00:00.000000000,25.7808257,84.7446768,co,83.0,103.0,99.0,66,moderate,20.1,86.4,29.1,2026,7,1,23,wednesday,summer,201597.0,61.0,0,Evening,20.0,Moderate,High,High
india,bihar,gaya,"collectorate, gaya - bspcb",2026-07-01 23:00:00.000000000,24.7955,84.9994,ozone,28.0,28.0,28.0,33,good,30.8,50.2,14.3,2026,7,1,23,wednesday,summer,423692.0,117.0,0,Evening,0.0,Warm,Moderate,Moderate
india,bihar,gaya,"sfti kusdihra, gaya - bspcb",2026-07-01 23:00:00.000000000,24.762518,84.982348,so2,7.0,9.0,8.0,45,good,34.3,48.0,29.3,2026,7,1,23,wednesday,summer,423692.0,117.0,0,Evening,2.0,Warm,Moderate,High
india,bihar,gaya,"kareemganj, gaya - bspcb",2026-07-01 23:00:00.000000000,24.792403,84.992416,pm2.5,10.0,87.0,39.0,9,good,26.6,66.1,14.8,2026,7,1,23,wednesday,summer,423692.0,117.0,0,Evening,77.0,Warm,Moderate,Moderate
india,bihar,gaya,"kareemganj, gaya - bspcb",2026-07-01 23:00:00.000000000,24.792403,84.992416,nh3,0.0,1.0,1.0,14,good,17.7,55.8,29.9,2026,7,1,23,wednesday,summer,423692.0,117.0,0,Evening,1.0,Moderate,Moderate,High
india,andhra pradesh,amaravati,"secretariat, amaravati - appcb",2026-07-01 23:00:00.000000000,16.5150833,80.5181667,pm10,26.0,103.0,52.0,68,moderate,16.5,60.8,24.9,2026,7,1,23,wednesday,summer,603837.0,341.0,0,Evening,77.0,Moderate,Moderate,High
india,andhra pradesh,amaravati,"secretariat, amaravati - appcb",2026-07-01 23:00:00.000000000,16.5150833,80.5181667,ozone,26.0,36.0,31.0,30,good,37.8,88.3,29.9,2026,7,1,23,wednesday,summer,603837.0,341.0,0,Evening,10.0,Hot,High,High
india,andhra pradesh,anantapur,"gulzarpet, anantapur - appcb",2026-07-01 23:00:00.000000000,14.675886,77.593027,no2,14.0,29.0,18.0,32,good,37.2,91.5,12.7,2026,7,1,23,wednesday,summer,240442.0,350.0,0,Evening,15.0,Hot,High,Moderate
india,andhra pradesh,anantapur,"gulzarpet, anantapur - appcb",2026-07-01 23:00:00.000000000,14.675886,77.593027,nh3,3.0,6.0,3.0,38,good,31.9,37.4,3.7,2026,7,1,23,wednesday,summer,240442.0,350.0,0,Evening,3.0,Warm,Low,Low
india,andhra pradesh,anantapur,"gulzarpet, anantapur - appcb",2026-07-01 23:00:00.000000000,14.675886,77.593027,co,24.0,29.0,27.0,12,good,35.4,94.1,6.8,2026,7,1,23,wednesday,summer,240442.0,350.0,0,Evening,5.0,Hot,High,Low
india,andhra pradesh,eluru,"district court, eluru - appcb",2026-07-01 23:00:00.000000000,16.711754,81.092095,pm10,54.0,71.0,64.0,94,moderate,38.6,74.1,2.4,2026,7,1,23,wednesday,summer,183387.0,20.0,0,Evening,17.0,Hot,High,Low
india,andhra pradesh,eluru,"district court, eluru - appcb",2026-07-01 23:00:00.000000000,16.711754,81.092095,nh3,3.0,7.0,5.0,14,good,17.3,55.5,24.2,2026,7,1,23,wednesday,summer,183387.0,20.0,0,Evening,4.0,Moderate,Moderate,High
india,andhra pradesh,eluru,"district court, eluru - appcb",2026-07-01 23:00:00.000000000,16.711754,81.092095,so2,7.0,16.0,12.0,12,good,23.4,58.1,13.5,2026,7,1,23,wednesday,summer,183387.0,20.0,0,Evening,9.0,Moderate,Moderate,Moderate
india,andhra pradesh,kadapa,"yerramukkapalli, kadapa - appcb",2026-07-01 23:00:00.000000000,14.465052,78.824187,pm10,44.0,56.0,53.0,99,moderate,21.7,44.9,21.0,2026,7,1,23,wednesday,summer,127010.0,135.0,0,Evening,12.0,Moderate,Moderate,High
india,andhra pradesh,kadapa,"yerramukkapalli, kadapa - appcb",2026-07-01 23:00:00.000000000,14.465052,78.824187,no2,28.0,35.0,31.0,44,good,27.7,31.2,7.1,2026,7,1,23,wednesday,summer,127010.0,135.0,0,Evening,7.0,Warm,Low,Low
india,chhattisgarh,bilaspur,"mangala, bilaspur - ntpc",2026-07-01 23:00:00.000000000,22.08815,82.13737,no2,15.0,19.0,17.0,16,good,38.0,84.7,18.1,2026,7,1,23,wednesday,summer,282705.0,265.0,0,Evening,4.0,Hot,High,Moderate
india,chhattisgarh,bilaspur,"mangala, bilaspur - ntpc",2026-07-01 23:00:00.000000000,22.08815,82.13737,nh3,13.5,23.0,18.0,374,hazardous,24.9,74.5,27.6,2026,7,1,23,wednesday,summer,282705.0,265.0,0,Evening,9.5,Moderate,High,High
india,chhattisgarh,raipur,"aiims, raipur - cecb",2026-07-01 23:00:00.000000000,21.258815,81.578979,pm2.5,9.0,17.0,12.0,11,good,21.8,90.8,23.4,2026,7,1,23,wednesday,summer,17537.0,336.0,0,Evening,8.0,Moderate,High,High
india,chhattisgarh,raipur,"siltara phase-ii, raipur - cecb",2026-07-01 23:00:00.000000000,21.371751,81.664929,co,17.0,17.0,17.0,8,good,24.2,81.0,26.6,2026,7,1,23,wednesday,summer,17537.0,336.0,0,Evening,0.0,Moderate,High,High
india,chhattisgarh,raipur,"krishak nagar, raipur - cecb",2026-07-01 23:00:00.000000000,21.237755,81.705301,co,10.0,13.0,11.0,23,good,21.4,53.8,26.0,2026,7,1,23,wednesday,summer,17537.0,336.0,0,Evening,3.0,Moderate,Moderate,High
india,delhi,delhi,"aya nagar, delhi - iitm",2026-07-01 23:00:00.000000000,28.4706914,77.1099364,ozone,27.0,62.0,46.0,31,good,21.8,51.3,28.1,2026,7,1,23,wednesday,summer,10927986.0,227.0,0,Evening,35.0,Moderate,Moderate,High
india,delhi,delhi,"north campus, du, delhi - iitm",2026-07-01 23:00:00.000000000,28.6573814,77.1585447,pm2.5,18.0,136.0,66.0,74,moderate,19.3,37.2,7.2,2026,7,1,23,wednesday,summer,10927986.0,227.0,0,Evening,118.0,Moderate,Low,Low
india,delhi,delhi,"north campus, du, delhi - iitm",2026-07-01 23:00:00.000000000,28.6573814,77.1585447,ozone,9.0,98.0,51.0,86,moderate,31.5,45.7,21.1,2026,7,1,23,wednesday,summer,10927986.0,227.0,0,Evening,89.0,Warm,Moderate,High
india,delhi,delhi,"crri mathura road, delhi - iitm",2026-07-01 23:00:00.000000000,28.5512005,77.2735737,so2,8.5,95.0,55.5,385,hazardous,21.0,69.7,24.7,2026,7,1,23,wednesday,summer,10927986.0,227.0,0,Evening,86.5,Moderate,Moderate,High
india,delhi,delhi,"imd lodhi road, delhi - iitm",2026-07-01 23:00:00.000000000,28.5918245,77.2273074,pm2.5,8.0,92.0,60.0,59,moderate,39.9,48.6,15.9,2026,7,1,23,wednesday,summer,10927986.0,227.0,0,Evening,84.0,Hot,Moderate,Moderate
india,delhi,delhi,"imd lodhi road, delhi - iitm",2026-07-01 23:00:00.000000000,28.5918245,77.2273074,ozone,29.0,103.0,61.0,53,moderate,24.3,67.6,21.8,2026,7,1,23,wednesday,summer,10927986.0,227.0,0,Evening,74.0,Moderate,Moderate,High
india,gujarat,ahmedabad,"sac isro bopal, ahmedabad - iitm",2026-07-01 23:00:00.000000000,23.041137,72.456691,nh3,1.0,1.0,1.0,10,good,16.0,47.8,20.3,2026,7,1,23,wednesday,summer,3719710.0,56.0,0,Evening,0.0,Moderate,Moderate,High
india,gujarat,ahmedabad,"sac isro bopal, ahmedabad - iitm",2026-07-01 23:00:00.000000000,23.041137,72.456691,so2,0.0,1.0,1.0,8,good,18.8,77.3,13.3,2026,7,1,23,wednesday,summer,3719710.0,56.0,0,Evening,1.0,Moderate,High,Moderate
india,gujarat,ahmedabad,"rakhial, ahmedabad - iitm",2026-07-01 23:00:00.000000000,23.016834,72.625775,pm10,45.0,99.0,74.0,91,moderate,31.2,44.0,17.8,2026,7,1,23,wednesday,summer,3719710.0,56.0,0,Evening,54.0,Warm,Moderate,Moderate
india,gujarat,ahmedabad,"rakhial, ahmedabad - iitm",2026-07-01 23:00:00.000000000,23.016834,72.625775,no2,13.0,81.0,21.0,36,good,20.0,53.8,11.5,2026,7,1,23,wednesday,summer,3719710.0,56.0,0,Evening,68.0,Moderate,Moderate,Moderate
india,gujarat,ahmedabad,"gyaspur, ahmedabad - iitm",2026-07-01 23:00:00.000000000,22.977134,72.553024,nh3,3.0,4.0,3.0,41,good,19.5,79.3,7.9,2026,7,1,23,wednesday,summer,3719710.0,56.0,0,Evening,1.0,Moderate,High,Low
india,gujarat,ahmedabad,"gyaspur, ahmedabad - iitm",2026-07-01 23:00:00.000000000,22.977134,72.553024,so2,16.0,37.0,24.0,44,good,37.2,66.0,19.2,2026,7,1,23,wednesday,summer,3719710.0,56.0,0,Evening,21.0,Hot,Moderate,Moderate
india,gujarat,ahmedabad,"gyaspur, ahmedabad - iitm",2026-07-01 23:00:00.000000000,22.977134,72.553024,ozone,11.0,18.0,14.0,12,good,23.7,42.4,28.6,2026,7,1,23,wednesday,summer,3719710.0,56.0,0,Evening,7.0,Moderate,Moderate,High
india,gujarat,ahmedabad,"svpi airport hansol, ahmedabad - iitm",2026-07-01 23:00:00.000000000,23.076793,72.627874,pm10,57.0,129.0,85.0,73,moderate,39.7,78.1,21.3,2026,7,1,23,wednesday,summer,3719710.0,56.0,0,Evening,72.0,Hot,High,High
india,gujarat,ahmedabad,"svpi airport hansol, ahmedabad - iitm",2026-07-01 23:00:00.000000000,23.076793,72.627874,so2,12.0,56.0,29.0,7,good,21.5,90.4,7.6,2026,7,1,23,wednesday,summer,3719710.0,56.0,0,Evening,44.0,Moderate,High,Low
india,gujarat,ahmedabad,"svpi airport hansol, ahmedabad - iitm",2026-07-01 23:00:00.000000000,23.076793,72.627874,ozone,5.0,24.0,13.0,1,good,22.2,81.1,16.9,2026,7,1,23,wednesday,summer,3719710.0,56.0,0,Evening,19.0,Moderate,High,Moderate
india,gujarat,ahmedabad,"raikhad, ahmedabad - iitm",2026-07-01 23:00:00.000000000,23.020509,72.579261,pm2.5,20.0,47.0,33.0,33,good,31.0,85.5,23.0,2026,7,1,23,wednesday,summer,3719710.0,56.0,0,Evening,27.0,Warm,High,High
india,delhi,delhi,"nsut jaffarpur, delhi - dpcc",2026-07-01 23:00:00.000000000,28.594004,76.909423,so2,1.0,4.0,3.0,7,good,27.6,36.2,9.4,2026,7,1,23,wednesday,summer,10927986.0,227.0,0,Evening,3.0,Warm,Low,Low
india,delhi,delhi,"bawana, delhi - dpcc",2026-07-01 23:00:00.000000000,28.7762,77.051074,nh3,3.0,16.0,6.0,31,good,18.8,87.6,17.7,2026,7,1,23,wednesday,summer,10927986.0,227.0,0,Evening,13.0,Moderate,High,Moderate
india,delhi,delhi,"major dhyan chand national stadium, delhi - dpcc",2026-07-01 23:00:00.000000000,28.611281,77.237738,co,24.0,34.0,28.0,4,good,38.6,91.6,22.3,2026,7,1,23,wednesday,summer,10927986.0,227.0,0,Evening,10.0,Hot,High,High
india,delhi,delhi,"sonia vihar, delhi - dpcc",2026-07-01 23:00:00.000000000,28.710508,77.249485,so2,6.0,19.0,12.0,48,good,26.4,38.1,12.0,2026,7,1,23,wednesday,summer,10927986.0,227.0,0,Evening,13.0,Warm,Low,Moderate
india,delhi,delhi,"sonia vihar, delhi - dpcc",2026-07-01 23:00:00.000000000,28.710508,77.249485,co,44.0,80.0,57.0,55,moderate,37.6,51.7,6.2,2026,7,1,23,wednesday,summer,10927986.0,227.0,0,Evening,36.0,Hot,Moderate,Low
india,delhi,delhi,"nehru nagar, delhi - dpcc",2026-07-01 23:00:00.000000000,28.56789,77.250515,no2,21.0,62.0,34.0,45,good,25.8,34.6,17.5,2026,7,1,23,wednesday,summer,10927986.0,227.0,0,Evening,41.0,Warm,Low,Moderate
india,delhi,delhi,"nehru nagar, delhi - dpcc",2026-07-01 23:00:00.000000000,28.56789,77.250515,co,28.0,43.0,33.0,40,good,21.3,64.9,13.5,2026,7,1,23,wednesday,summer,10927986.0,227.0,0,Evening,15.0,Moderate,Moderate,Moderate
india,delhi,delhi,"pusa, delhi - dpcc",2026-07-01 23:00:00.000000000,28.639652,77.146275,no2,16.0,64.0,29.0,2,good,16.0,33.8,12.3,2026,7,1,23,wednesday,summer,10927986.0,227.0,0,Evening,48.0,Moderate,Low,Moderate
india,delhi,delhi,"pusa, delhi - dpcc",2026-07-01 23:00:00.000000000,28.639652,77.146275,co,69.0,93.0,74.0,79,moderate,38.4,68.1,22.4,2026,7,1,23,wednesday,summer,10927986.0,227.0,0,Evening,24.0,Hot,Moderate,High
india,delhi,delhi,"patparganj, delhi - dpcc",2026-07-01 23:00:00.000000000,28.623763,77.287209,no2,15.0,37.0,21.0,5,good,15.2,77.1,1.6,2026,7,1,23,wednesday,summer,10927986.0,227.0,0,Evening,22.0,Moderate,High,Low
india,delhi,delhi,"patparganj, delhi - dpcc",2026-07-01 23:00:00.000000000,28.623763,77.287209,nh3,3.0,14.0,10.0,18,good,33.4,71.7,16.8,2026,7,1,23,wednesday,summer,10927986.0,227.0,0,Evening,11.0,Warm,High,Moderate
india,delhi,delhi,"patparganj, delhi - dpcc",2026-07-01 23:00:00.000000000,28.623763,77.287209,so2,0.0,8.0,3.0,39,good,21.7,65.6,17.1,2026,7,1,23,wednesday,summer,10927986.0,227.0,0,Evening,8.0,Moderate,Moderate,Moderate
india,delhi,delhi,"jawaharlal nehru stadium, delhi - dpcc",2026-07-01 23:00:00.000000000,28.58028,77.233829,pm2.5,28.0,93.0,59.0,77,moderate,23.2,40.1,14.3,2026,7,1,23,wednesday,summer,10927986.0,227.0,0,Evening,65.0,Moderate,Moderate,Moderate
india,delhi,delhi,"jawaharlal nehru stadium, delhi - dpcc",2026-07-01 23:00:00.000000000,28.58028,77.233829,pm10,52.0,127.0,95.0,71,moderate,24.2,51.1,30.0,2026,7,1,23,wednesday,summer,10927986.0,227.0,0,Evening,75.0,Moderate,Moderate,High
india,delhi,delhi,"mandir marg, delhi - dpcc",2026-07-01 23:00:00.000000000,28.636429,77.201067,no2,12.0,53.0,24.0,42,good,30.5,45.0,11.5,2026,7,1,23,wednesday,summer,10927986.0,227.0,0,Evening,41.0,Warm,Moderate,Moderate
india,delhi,delhi,"mandir marg, delhi - dpcc",2026-07-01 23:00:00.000000000,28.636429,77.201067,so2,8.0,113.0,43.0,39,good,25.4,90.1,16.8,2026,7,1,23,wednesday,summer,10927986.0,227.0,0,Evening,105.0,Warm,High,Moderate
india,delhi,delhi,"rohini, delhi - dpcc",2026-07-01 23:00:00.000000000,28.732528,77.11992,pm10,66.0,150.0,115.0,109,unhealthy for sensitive groups,37.8,85.9,24.5,2026,7,1,23,wednesday,summer,10927986.0,227.0,0,Evening,84.0,Hot,High,High
india,delhi,delhi,"rohini, delhi - dpcc",2026-07-01 23:00:00.000000000,28.732528,77.11992,co,47.0,67.0,54.0,83,moderate,35.9,93.5,23.2,2026,7,1,23,wednesday,summer,10927986.0,227.0,0,Evening,20.0,Hot,High,High
india,delhi,delhi,"vivek vihar, delhi - dpcc",2026-07-01 23:00:00.000000000,28.672342,77.31526,ozone,1.0,12.0,6.0,11,good,16.6,54.2,18.3,2026,7,1,23,wednesday,summer,10927986.0,227.0,0,Evening,11.0,Moderate,Moderate,Moderate
india,delhi,delhi,"jahangirpuri, delhi - dpcc",2026-07-01 23:00:00.000000000,28.73282,77.170633,ozone,8.0,11.0,9.0,31,good,24.2,88.9,12.4,2026,7,1,23,wednesday,summer,10927986.0,227.0,0,Evening,3.0,Moderate,High,Moderate
india,delhi,delhi,"ihbas, dilshad garden, delhi - cpcb",2026-07-01 23:00:00.000000000,28.6811736,77.3025234,no2,46.0,92.0,71.0,88,moderate,33.1,72.7,7.7,2026,7,1,23,wednesday,summer,10927986.0,227.0,0,Evening,46.0,Warm,High,Low
india,delhi,delhi,"ihbas, dilshad garden, delhi - cpcb",2026-07-01 23:00:00.000000000,28.6811736,77.3025234,nh3,1.0,3.0,2.0,31,good,29.7,91.5,3.7,2026,7,1,23,wednesday,summer,10927986.0,227.0,0,Evening,2.0,Warm,High,Low
india,delhi,delhi,"ihbas, dilshad garden, delhi - cpcb",2026-07-01 23:00:00.000000000,28.6811736,77.3025234,so2,6.0,26.0,15.0,48,good,19.7,73.3,27.6,2026,7,1,23,wednesday,summer,10927986.0,227.0,0,Evening,20.0,Moderate,High,High
india,delhi,delhi,"ihbas, dilshad garden, delhi - cpcb",2026-07-01 23:00:00.000000000,28.6811736,77.3025234,co,105.0,108.0,107.0,141,unhealthy for sensitive groups,22.4,72.9,24.7,2026,7,1,23,wednesday,summer,10927986.0,227.0,0,Evening,3.0,Moderate,High,High
india,delhi,delhi,"sri aurobindo marg, delhi - dpcc",2026-07-01 23:00:00.000000000,28.531346,77.190156,co,35.0,52.0,42.0,29,good,24.3,53.8,5.8,2026,7,1,23,wednesday,summer,10927986.0,227.0,0,Evening,17.0,Moderate,Moderate,Low
india,delhi,delhi,"najafgarh, delhi - dpcc",2026-07-01 23:00:00.000000000,28.570173,76.933762,pm2.5,37.0,217.0,78.0,96,moderate,39.4,44.2,0.4,2026,7,1,23,wednesday,summer,10927986.0,227.0,0,Evening,180.0,Hot,Moderate,Low
india,delhi,delhi,"najafgarh, delhi - dpcc",2026-07-01 23:00:00.000000000,28.570173,76.933762,pm10,58.0,115.0,84.0,62,moderate,25.4,88.2,23.6,2026,7,1,23,wednesday,summer,10927986.0,227.0,0,Evening,57.0,Warm,High,High
india,gujarat,vadodara,"bapunagar, vadodara - nexteng enviro",2026-07-01 23:00:00.000000000,22.320153,73.216285,nh3,2.0,2.0,2.0,24,good,31.7,81.9,26.8,2026,7,1,23,wednesday,summer,1409476.0,46.0,0,Evening,0.0,Warm,High,High
india,gujarat,vadodara,"bapunagar, vadodara - nexteng enviro",2026-07-01 23:00:00.000000000,22.320153,73.216285,ozone,2.0,5.0,4.0,37,good,24.3,46.1,23.0,2026,7,1,23,wednesday,summer,1409476.0,46.0,0,Evening,3.0,Moderate,Moderate,High
india,gujarat,vapi,"phase-1 gidc, vapi - gpcb",2026-07-01 23:00:00.000000000,20.362421,72.918013,pm10,10.0,21.5,15.5,313,hazardous,36.1,32.4,22.3,2026,7,1,23,wednesday,summer,71395.0,30.0,0,Evening,11.5,Hot,Low,High
india,haryana,ambala,"patti mehar, ambala - hspcb",2026-07-01 23:00:00.000000000,30.379589,76.778328,pm2.5,29.0,72.0,47.0,0,good,15.0,41.5,27.5,2026,7,1,23,wednesday,summer,146787.0,276.0,0,Evening,43.0,Moderate,Moderate,High
india,haryana,bahadurgarh,"arya nagar, bahadurgarh - hspcb",2026-07-01 23:00:00.000000000,28.6701,76.9254,nh3,8.0,9.0,8.0,39,good,33.1,91.6,25.4,2026,7,1,23,wednesday,summer,153613.0,215.0,0,Evening,1.0,Warm,High,High
india,haryana,bhiwani,"h.b. colony, bhiwani - hspcb",2026-07-01 23:00:00.000000000,28.806223,76.141105,pm2.5,134.0,197.0,152.0,179,unhealthy,36.7,86.0,3.7,2026,7,1,23,wednesday,summer,190855.0,223.0,0,Evening,63.0,Hot,High,Low
india,haryana,bhiwani,"h.b. colony, bhiwani - hspcb",2026-07-01 23:00:00.000000000,28.806223,76.141105,no2,7.0,10.0,8.0,25,good,37.5,90.8,21.5,2026,7,1,23,wednesday,summer,190855.0,223.0,0,Evening,3.0,Hot,High,High
india,haryana,bhiwani,"h.b. colony, bhiwani - hspcb",2026-07-01 23:00:00.000000000,28.806223,76.141105,nh3,1.0,3.0,2.0,49,good,29.6,50.7,8.7,2026,7,1,23,wednesday,summer,190855.0,223.0,0,Evening,2.0,Warm,Moderate,Low
india,haryana,bhiwani,"h.b. colony, bhiwani - hspcb",2026-07-01 23:00:00.000000000,28.806223,76.141105,so2,12.0,13.0,13.0,46,good,18.3,69.0,9.9,2026,7,1,23,wednesday,summer,190855.0,223.0,0,Evening,1.0,Moderate,Moderate,Low
india,gujarat,gandhinagar,"sector-10, gandhinagar - gpcb",2026-07-01 23:00:00.000000000,23.221714,72.654328,pm2.5,22.0,65.0,39.0,44,good,34.9,42.4,13.7,2026,7,1,23,wednesday,summer,195985.0,54.0,0,Evening,43.0,Warm,Moderate,Moderate
india,gujarat,gandhinagar,"sector-10, gandhinagar - gpcb",2026-07-01 23:00:00.000000000,23.221714,72.654328,no2,9.0,16.0,12.0,46,good,15.5,57.7,9.2,2026,7,1,23,wednesday,summer,195985.0,54.0,0,Evening,7.0,Moderate,Moderate,Low
india,gujarat,rajkot,"mavdi, rajkot - nexteng enviro",2026-07-01 23:00:00.000000000,22.248853,70.776774,co,82.0,90.0,85.0,75,moderate,38.9,78.7,8.8,2026,7,1,23,wednesday,summer,1177362.0,140.0,0,Evening,8.0,Hot,High,Low
india,gujarat,surat,"science center, surat - smc",2026-07-01 23:00:00.000000000,21.170046,72.795405,pm2.5,6.0,90.0,26.0,22,good,26.6,81.6,11.8,2026,7,1,23,wednesday,summer,2894504.0,20.0,0,Evening,84.0,Warm,High,Moderate
india,gujarat,surat,"science center, surat - smc",2026-07-01 23:00:00.000000000,21.170046,72.795405,pm10,16.0,121.0,35.0,18,good,37.4,46.3,4.2,2026,7,1,23,wednesday,summer,2894504.0,20.0,0,Evening,105.0,Hot,Moderate,Low
india,gujarat,surat,"science center, surat - smc",2026-07-01 23:00:00.000000000,21.170046,72.795405,no2,2.0,4.0,3.0,15,good,35.5,44.2,29.6,2026,7,1,23,wednesday,summer,2894504.0,20.0,0,Evening,2.0,Hot,Moderate,High
india,gujarat,surat,"science center, surat - smc",2026-07-01 23:00:00.000000000,21.170046,72.795405,nh3,20.5,26.0,22.5,443,hazardous,19.7,40.2,19.7,2026,7,1,23,wednesday,summer,2894504.0,20.0,0,Evening,5.5,Moderate,Moderate,Moderate
india,gujarat,surat,"science center, surat - smc",2026-07-01 23:00:00.000000000,21.170046,72.795405,co,39.0,48.0,42.0,35,good,35.5,35.1,14.6,2026,7,1,23,wednesday,summer,2894504.0,20.0,0,Evening,9.0,Hot,Low,Moderate
india,gujarat,surat,"science center, surat - smc",2026-07-01 23:00:00.000000000,21.170046,72.795405,ozone,44.5,71.5,56.5,477,hazardous,29.1,83.8,1.8,2026,7,1,23,wednesday,summer,2894504.0,20.0,0,Evening,27.0,Warm,High,Low
india,delhi,delhi,"wazirpur, delhi - dpcc",2026-07-01 23:00:00.000000000,28.699793,77.165453,pm2.5,50.0,95.0,71.0,53,moderate,26.4,81.8,17.6,2026,7,1,23,wednesday,summer,10927986.0,227.0,0,Evening,45.0,Warm,High,Moderate
india,delhi,delhi,"shadipur, delhi - cpcb",2026-07-01 23:00:00.000000000,28.6514781,77.1473105,pm2.5,52.0,187.0,97.0,66,moderate,15.6,88.9,20.5,2026,7,1,23,wednesday,summer,10927986.0,227.0,0,Evening,135.0,Moderate,High,High
india,delhi,delhi,"shadipur, delhi - cpcb",2026-07-01 23:00:00.000000000,28.6514781,77.1473105,pm10,64.0,116.0,93.0,74,moderate,32.9,58.9,9.4,2026,7,1,23,wednesday,summer,10927986.0,227.0,0,Evening,52.0,Warm,Moderate,Low
india,delhi,delhi,"punjabi bagh, delhi - dpcc",2026-07-01 23:00:00.000000000,28.674045,77.131023,nh3,3.0,5.0,4.0,19,good,23.4,60.7,4.9,2026,7,1,23,wednesday,summer,10927986.0,227.0,0,Evening,2.0,Moderate,Moderate,Low
india,delhi,delhi,"punjabi bagh, delhi - dpcc",2026-07-01 23:00:00.000000000,28.674045,77.131023,so2,23.0,50.0,39.0,1,good,21.2,66.4,13.0,2026,7,1,23,wednesday,summer,10927986.0,227.0,0,Evening,27.0,Moderate,Moderate,Moderate
india,delhi,delhi,"chandni chowk, delhi - iitm",2026-07-01 23:00:00.000000000,28.656756,77.227234,nh3,4.0,6.0,5.0,32,good,30.8,67.4,19.9,2026,7,1,23,wednesday,summer,10927986.0,227.0,0,Evening,2.0,Warm,Moderate,Moderate
india,delhi,delhi,"chandni chowk, delhi - iitm",2026-07-01 23:00:00.000000000,28.656756,77.227234,so2,29.0,76.0,52.0,87,moderate,38.8,31.3,14.0,2026,7,1,23,wednesday,summer,10927986.0,227.0,0,Evening,47.0,Hot,Low,Moderate
india,delhi,delhi,"sirifort, delhi - cpcb",2026-07-01 23:00:00.000000000,28.5504249,77.2159377,pm2.5,53.0,134.0,82.0,69,moderate,16.7,72.3,4.3,2026,7,1,23,wednesday,summer,10927986.0,227.0,0,Evening,81.0,Moderate,High,Low
india,delhi,delhi,"sirifort, delhi - cpcb",2026-07-01 23:00:00.000000000,28.5504249,77.2159377,ozone,8.0,33.0,18.0,16,good,24.1,58.8,7.9,2026,7,1,23,wednesday,summer,10927986.0,227.0,0,Evening,25.0,Moderate,Moderate,Low
india,delhi,delhi,"dtu, delhi - cpcb",2026-07-01 23:00:00.000000000,28.7500499,77.1112615,pm2.5,48.0,98.0,79.0,65,moderate,32.6,41.7,9.6,2026,7,1,23,wednesday,summer,10927986.0,227.0,0,Evening,50.0,Warm,Moderate,Low
india,delhi,delhi,"dtu, delhi - cpcb",2026-07-01 23:00:00.000000000,28.7500499,77.1112615,pm10,56.0,117.0,92.0,85,moderate,37.8,31.0,9.2,2026,7,1,23,wednesday,summer,10927986.0,227.0,0,Evening,61.0,Hot,Low,Low
india,haryana,charkhi dadri,"mini secretariat, charkhi dadri - hspcb",2026-07-01 23:00:00.000000000,28.593883,76.270653,nh3,5.0,8.0,6.0,48,good,31.5,71.2,27.4,2026,7,1,23,wednesday,summer,50558.0,225.0,0,Evening,3.0,Warm,High,High
india,haryana,dharuhera,"municipal corporation office, dharuhera -  hspcb",2026-07-01 23:00:00.000000000,28.2068,76.7997,pm10,70.0,134.0,100.0,90,moderate,34.1,40.9,2.8,2026,7,1,23,wednesday,summer,23132.0,255.0,0,Evening,64.0,Warm,Moderate,Low
india,haryana,dharuhera,"municipal corporation office, dharuhera -  hspcb",2026-07-01 23:00:00.000000000,28.2068,76.7997,no2,14.0,72.0,47.0,3,good,33.1,65.9,17.8,2026,7,1,23,wednesday,summer,23132.0,255.0,0,Evening,58.0,Warm,Moderate,Moderate
india,haryana,dharuhera,"municipal corporation office, dharuhera -  hspcb",2026-07-01 23:00:00.000000000,28.2068,76.7997,co,64.0,79.0,72.0,56,moderate,33.2,84.9,8.5,2026,7,1,23,wednesday,summer,23132.0,255.0,0,Evening,15.0,Warm,High,Low
india,haryana,faridabad,"sector 11, faridabad - hspcb",2026-07-01 23:00:00.000000000,28.376058,77.315741,no2,30.0,33.0,32.0,20,good,20.0,75.5,5.1,2026,7,1,23,wednesday,summer,1220229.0,209.0,0,Evening,3.0,Moderate,High,Low
india,haryana,faridabad,"sector 11, faridabad - hspcb",2026-07-01 23:00:00.000000000,28.376058,77.315741,nh3,5.0,5.0,5.0,17,good,33.7,92.3,10.5,2026,7,1,23,wednesday,summer,1220229.0,209.0,0,Evening,0.0,Warm,High,Moderate
india,haryana,faridabad,"sector 30, faridabad - hspcb",2026-07-01 23:00:00.000000000,28.4417,77.3217,pm2.5,33.0,149.0,84.0,53,moderate,35.5,90.5,3.3,2026,7,1,23,wednesday,summer,1220229.0,209.0,0,Evening,116.0,Hot,High,Low
india,gujarat,ahmedabad,"raikhad, ahmedabad - iitm",2026-07-01 23:00:00.000000000,23.020509,72.579261,nh3,1.0,1.0,1.0,48,good,21.1,30.1,6.8,2026,7,1,23,wednesday,summer,3719710.0,56.0,0,Evening,0.0,Moderate,Low,Low
india,gujarat,ahmedabad,"chandkheda, ahmedabad - iitm",2026-07-01 23:00:00.000000000,23.107969,72.574648,so2,8.0,10.0,9.0,25,good,22.0,33.4,19.6,2026,7,1,23,wednesday,summer,3719710.0,56.0,0,Evening,2.0,Moderate,Low,Moderate
india,gujarat,ahmedabad,"chandkheda, ahmedabad - iitm",2026-07-01 23:00:00.000000000,23.107969,72.574648,co,10.0,22.0,17.0,30,good,31.7,38.9,13.9,2026,7,1,23,wednesday,summer,3719710.0,56.0,0,Evening,12.0,Warm,Low,Moderate
india,gujarat,ankleshwar,"gidc, ankleshwar - gpcb",2026-07-01 23:00:00.000000000,21.613267,73.010555,pm10,6.666666666666666,24.33333333333333,16.666666666666668,375,hazardous,39.0,72.9,25.1,2026,7,1,23,wednesday,summer,74742.0,22.0,0,Evening,17.666666666666664,Hot,High,High
india,gujarat,ankleshwar,"gidc, ankleshwar - gpcb",2026-07-01 23:00:00.000000000,21.613267,73.010555,nh3,3.333333333333333,26.666666666666668,16.333333333333332,301,hazardous,25.5,88.7,0.2,2026,7,1,23,wednesday,summer,74742.0,22.0,0,Evening,23.333333333333336,Warm,High,Low
india,gujarat,bhavnagar,"vidhyanagar, bhavnagar - nexteng enviro",2026-07-01 23:00:00.000000000,21.755417,72.139056,pm2.5,0.0,29.0,16.0,39,good,19.5,91.3,17.0,2026,7,1,23,wednesday,summer,554978.0,24.0,0,Evening,29.0,Moderate,High,Moderate
india,gujarat,bhavnagar,"vidhyanagar, bhavnagar - nexteng enviro",2026-07-01 23:00:00.000000000,21.755417,72.139056,pm10,27.0,194.0,98.0,93,moderate,15.1,63.5,15.8,2026,7,1,23,wednesday,summer,554978.0,24.0,0,Evening,167.0,Moderate,Moderate,Moderate
india,gujarat,gandhinagar,"iiphg lekawada, gandhinagar - iitm",2026-07-01 23:00:00.000000000,23.243639,72.68994,pm2.5,18.0,57.0,37.0,48,good,23.6,50.6,15.5,2026,7,1,23,wednesday,summer,195985.0,54.0,0,Evening,39.0,Moderate,Moderate,Moderate
india,delhi,delhi,"anand vihar, delhi - dpcc",2026-07-01 23:00:00.000000000,28.647622,77.315809,pm10,21.0,196.0,123.0,121,unhealthy for sensitive groups,27.3,59.4,22.5,2026,7,1,23,wednesday,summer,10927986.0,227.0,0,Evening,175.0,Warm,Moderate,High
india,delhi,delhi,"ashok vihar, delhi - dpcc",2026-07-01 23:00:00.000000000,28.695381,77.181665,pm10,77.0,139.0,110.0,123,unhealthy for sensitive groups,16.2,65.9,12.4,2026,7,1,23,wednesday,summer,10927986.0,227.0,0,Evening,62.0,Moderate,Moderate,Moderate
india,delhi,delhi,"ashok vihar, delhi - dpcc",2026-07-01 23:00:00.000000000,28.695381,77.181665,nh3,6.0,13.0,9.0,7,good,37.4,92.4,29.8,2026,7,1,23,wednesday,summer,10927986.0,227.0,0,Evening,7.0,Hot,High,High
india,delhi,delhi,"ito, delhi - cpcb",2026-07-01 23:00:00.000000000,28.628624,77.24106,no2,15.0,113.0,57.0,84,moderate,39.4,35.7,25.7,2026,7,1,23,wednesday,summer,10927986.0,227.0,0,Evening,98.0,Hot,Low,High
india,delhi,delhi,"burari crossing, delhi - iitm",2026-07-01 23:00:00.000000000,28.7256504,77.2011573,nh3,11.0,99.33333333333331,50.333333333333336,367,hazardous,39.0,61.5,2.7,2026,7,1,23,wednesday,summer,10927986.0,227.0,0,Evening,88.33333333333331,Hot,Moderate,Low
india,delhi,delhi,"burari crossing, delhi - iitm",2026-07-01 23:00:00.000000000,28.7256504,77.2011573,so2,7.0,85.66666666666667,43.66666666666666,427,hazardous,38.4,77.6,16.2,2026,7,1,23,wednesday,summer,10927986.0,227.0,0,Evening,78.66666666666667,Hot,High,Moderate
india,delhi,delhi,"burari crossing, delhi - iitm",2026-07-01 23:00:00.000000000,28.7256504,77.2011573,ozone,3.0,72.0,37.0,38,good,33.1,61.9,3.8,2026,7,1,23,wednesday,summer,10927986.0,227.0,0,Evening,69.0,Warm,Moderate,Low
india,delhi,delhi,"iit delhi, delhi - iitm",2026-07-01 23:00:00.000000000,28.54246,77.191651,ozone,24.0,44.0,35.0,38,good,20.2,36.1,6.6,2026,7,1,23,wednesday,summer,10927986.0,227.0,0,Evening,20.0,Moderate,Low,Low
india,karnataka,koppal,"diwator nagar, koppal - kspcb",2026-07-01 23:00:00.000000000,15.34763,76.181767,pm2.5,16.666666666666668,32.0,26.0,333,hazardous,32.9,92.2,4.0,2026,7,1,23,wednesday,summer,60868.0,540.0,0,Evening,15.333333333333332,Warm,High,Low
india,karnataka,koppal,"diwator nagar, koppal - kspcb",2026-07-01 23:00:00.000000000,15.34763,76.181767,pm10,9.333333333333334,20.0,17.0,303,hazardous,15.2,70.8,19.4,2026,7,1,23,wednesday,summer,60868.0,540.0,0,Evening,10.666666666666666,Moderate,High,Moderate
india,karnataka,koppal,"diwator nagar, koppal - kspcb",2026-07-01 23:00:00.000000000,15.34763,76.181767,nh3,2.0,8.0,8.0,33,good,31.1,45.5,3.5,2026,7,1,23,wednesday,summer,60868.0,540.0,0,Evening,6.0,Warm,Moderate,Low
india,karnataka,mangalore,"kadri, mangalore - kspcb",2026-07-01 23:00:00.000000000,12.88925,74.853,pm10,24.0,30.0,27.0,25,good,31.9,49.4,1.7,2026,7,1,23,wednesday,summer,417387.0,27.0,0,Evening,6.0,Warm,Moderate,Low
india,karnataka,mangalore,"kadri, mangalore - kspcb",2026-07-01 23:00:00.000000000,12.88925,74.853,no2,1.0,6.0,3.0,50,good,28.6,91.4,29.0,2026,7,1,23,wednesday,summer,417387.0,27.0,0,Evening,5.0,Warm,High,High
india,karnataka,mysuru,"hebbal 1st stage, mysuru - kspcb",2026-07-01 23:00:00.000000000,12.21041,76.37376,pm10,17.0,83.0,44.0,25,good,37.9,71.8,15.6,2026,7,1,23,wednesday,summer,868313.0,757.0,0,Evening,66.0,Hot,High,Moderate
india,karnataka,mysuru,"hebbal 1st stage, mysuru - kspcb",2026-07-01 23:00:00.000000000,12.21041,76.37376,ozone,19.0,55.0,33.0,40,good,29.7,36.5,15.7,2026,7,1,23,wednesday,summer,868313.0,757.0,0,Evening,36.0,Warm,Low,Moderate
india,karnataka,shivamogga,"vinoba nagara, shivamogga - kspcb",2026-07-01 23:00:00.000000000,13.94,75.555917,pm10,33.0,50.0,42.0,47,good,18.6,88.6,6.6,2026,7,1,23,wednesday,summer,319550.0,590.0,0,Evening,17.0,Moderate,High,Low
india,karnataka,shivamogga,"vinoba nagara, shivamogga - kspcb",2026-07-01 23:00:00.000000000,13.94,75.555917,no2,20.0,29.0,24.0,20,good,15.6,46.1,5.1,2026,7,1,23,wednesday,summer,319550.0,590.0,0,Evening,9.0,Moderate,Moderate,Low
india,karnataka,shivamogga,"vinoba nagara, shivamogga - kspcb",2026-07-01 23:00:00.000000000,13.94,75.555917,ozone,42.0,64.0,48.0,11,good,28.2,32.2,11.8,2026,7,1,23,wednesday,summer,319550.0,590.0,0,Evening,22.0,Warm,Low,Moderate
india,karnataka,vijayapura,"ibrahimpur, vijayapura - kspcb",2026-07-01 23:00:00.000000000,16.802639,75.722694,pm10,35.0,39.0,37.0,17,good,15.3,46.8,21.4,2026,7,1,23,wednesday,summer,271064.0,606.0,0,Evening,4.0,Moderate,Moderate,High
india,karnataka,vijayapura,"ibrahimpur, vijayapura - kspcb",2026-07-01 23:00:00.000000000,16.802639,75.722694,co,11.0,30.0,21.0,30,good,36.9,85.3,4.9,2026,7,1,23,wednesday,summer,271064.0,606.0,0,Evening,19.0,Hot,High,Low
india,karnataka,vijayapura,"ibrahimpur, vijayapura - kspcb",2026-07-01 23:00:00.000000000,16.802639,75.722694,ozone,16.0,16.0,16.0,48,good,23.1,63.7,25.4,2026,7,1,23,wednesday,summer,271064.0,606.0,0,Evening,0.0,Moderate,Moderate,High
india,karnataka,yadgir,"collector office, yadgir - kspcb",2026-07-01 23:00:00.000000000,16.7602,77.1428,pm2.5,2.0,17.0,7.0,0,good,27.7,80.5,5.0,2026,7,1,23,wednesday,summer,65376.0,379.0,0,Evening,15.0,Warm,High,Low
india,karnataka,yadgir,"collector office, yadgir - kspcb",2026-07-01 23:00:00.000000000,16.7602,77.1428,no2,16.0,22.0,18.0,33,good,21.0,34.4,24.1,2026,7,1,23,wednesday,summer,65376.0,379.0,0,Evening,6.0,Moderate,Low,High
india,karnataka,yadgir,"collector office, yadgir - kspcb",2026-07-01 23:00:00.000000000,16.7602,77.1428,ozone,11.0,29.0,21.0,39,good,24.6,93.5,21.3,2026,7,1,23,wednesday,summer,65376.0,379.0,0,Evening,18.0,Moderate,High,High
india,haryana,hisar,"urban estate-ii, hisar - hspcb",2026-07-01 23:00:00.000000000,29.14056,75.744941,pm2.5,92.0,280.0,147.0,108,unhealthy for sensitive groups,27.3,57.0,20.7,2026,7,1,23,wednesday,summer,296436.0,216.0,0,Evening,188.0,Warm,Moderate,High
india,haryana,jind,"police lines, jind - hspcb",2026-07-01 23:00:00.000000000,29.307814,76.337619,pm2.5,75.0,305.0,137.0,109,unhealthy for sensitive groups,29.8,54.4,29.0,2026,7,1,23,wednesday,summer,161260.0,233.0,0,Evening,230.0,Warm,Moderate,High
india,haryana,jind,"police lines, jind - hspcb",2026-07-01 23:00:00.000000000,29.307814,76.337619,no2,13.0,27.0,19.0,42,good,38.7,50.0,10.5,2026,7,1,23,wednesday,summer,161260.0,233.0,0,Evening,14.0,Hot,Moderate,Moderate
india,haryana,karnal,"sector-12, karnal - hspcb",2026-07-01 23:00:00.000000000,29.6953,77.0027,pm10,3.0,375.0,163.0,186,unhealthy,37.2,32.3,1.6,2026,7,1,23,wednesday,summer,225049.0,255.0,0,Evening,372.0,Hot,Low,Low
india,haryana,karnal,"sector-12, karnal - hspcb",2026-07-01 23:00:00.000000000,29.6953,77.0027,nh3,6.0,7.0,6.0,22,good,18.2,88.3,10.3,2026,7,1,23,wednesday,summer,225049.0,255.0,0,Evening,1.0,Moderate,High,Moderate
india,haryana,karnal,"sector-12, karnal - hspcb",2026-07-01 23:00:00.000000000,29.6953,77.0027,so2,12.0,13.0,13.0,24,good,25.7,63.6,11.3,2026,7,1,23,wednesday,summer,225049.0,255.0,0,Evening,1.0,Warm,Moderate,Moderate
india,haryana,narnaul,"shastri nagar, narnaul - hspcb",2026-07-01 23:00:00.000000000,28.060249,76.113115,nh3,8.0,10.0,9.0,14,good,15.6,76.4,22.4,2026,7,1,23,wednesday,summer,66049.0,311.0,0,Evening,2.0,Moderate,High,High
india,haryana,narnaul,"shastri nagar, narnaul - hspcb",2026-07-01 23:00:00.000000000,28.060249,76.113115,so2,6.0,7.0,7.0,23,good,39.2,84.6,6.2,2026,7,1,23,wednesday,summer,66049.0,311.0,0,Evening,1.0,Hot,High,Low
india,haryana,narnaul,"shastri nagar, narnaul - hspcb",2026-07-01 23:00:00.000000000,28.060249,76.113115,ozone,13.0,55.0,25.0,41,good,35.2,84.3,7.7,2026,7,1,23,wednesday,summer,66049.0,311.0,0,Evening,42.0,Hot,High,Low
india,haryana,palwal,"shyam nagar, palwal - hspcb",2026-07-01 23:00:00.000000000,28.1485564,77.3320667,pm2.5,27.0,63.0,33.0,48,good,18.1,81.6,19.8,2026,7,1,23,wednesday,summer,121965.0,201.0,0,Evening,36.0,Moderate,High,Moderate
india,haryana,palwal,"shyam nagar, palwal - hspcb",2026-07-01 23:00:00.000000000,28.1485564,77.3320667,co,16.0,54.0,28.0,26,good,17.4,74.3,3.5,2026,7,1,23,wednesday,summer,121965.0,201.0,0,Evening,38.0,Moderate,High,Low
india,haryana,panchkula,"sector-6, panchkula - hspcb",2026-07-01 23:00:00.000000000,30.7057778,76.8531805555555,nh3,29.666666666666664,41.66666666666667,33.666666666666664,348,hazardous,20.3,62.9,7.8,2026,7,1,23,wednesday,summer,200000.0,335.0,0,Evening,12.000000000000007,Moderate,Moderate,Low
india,haryana,panchkula,"sector-6, panchkula - hspcb",2026-07-01 23:00:00.000000000,30.7057778,76.8531805555555,so2,18.33333333333333,24.333333333333336,20.33333333333333,489,hazardous,36.9,75.0,29.0,2026,7,1,23,wednesday,summer,200000.0,335.0,0,Evening,6.000000000000007,Hot,High,High
india,haryana,panipat,"sector-18, panipat - hspcb",2026-07-01 23:00:00.000000000,29.432304,76.972765,nh3,7.0,7.0,7.0,34,good,21.3,34.8,8.3,2026,7,1,23,wednesday,summer,292808.0,232.0,0,Evening,0.0,Moderate,Low,Low
india,haryana,rohtak,"md university, rohtak - hspcb",2026-07-01 23:00:00.000000000,28.52123,76.37138,so2,8.0,12.0,10.0,26,good,19.9,38.1,27.9,2026,7,1,23,wednesday,summer,317245.0,222.0,0,Evening,4.0,Moderate,Low,High
india,haryana,sonipat,"murthal, sonipat - hspcb",2026-07-01 23:00:00.000000000,29.0272,77.0621,pm2.5,3.0,483.0,160.0,156,unhealthy,26.5,49.6,21.6,2026,7,1,23,wednesday,summer,250521.0,229.0,0,Evening,480.0,Warm,Moderate,High
india,haryana,sonipat,"murthal, sonipat - hspcb",2026-07-01 23:00:00.000000000,29.0272,77.0621,no2,6.0,8.0,7.0,18,good,25.2,92.8,14.5,2026,7,1,23,wednesday,summer,250521.0,229.0,0,Evening,2.0,Warm,High,Moderate
india,haryana,sonipat,"murthal, sonipat - hspcb",2026-07-01 23:00:00.000000000,29.0272,77.0621,ozone,66.0,190.0,121.0,104,unhealthy for sensitive groups,21.8,88.2,3.6,2026,7,1,23,wednesday,summer,250521.0,229.0,0,Evening,124.0,Moderate,High,Low
india,haryana,yamuna nagar,"gobind pura, yamuna nagar - hspcb",2026-07-01 23:00:00.000000000,30.1480566,77.2893471,no2,45.0,60.0,53.0,58,moderate,20.7,73.6,10.6,2026,7,1,23,wednesday,summer,208931.0,278.0,0,Evening,15.0,Moderate,High,Moderate
india,haryana,yamuna nagar,"gobind pura, yamuna nagar - hspcb",2026-07-01 23:00:00.000000000,30.1480566,77.2893471,so2,10.0,15.0,11.0,38,good,32.7,34.4,6.1,2026,7,1,23,wednesday,summer,208931.0,278.0,0,Evening,5.0,Warm,Low,Low
india,haryana,yamuna nagar,"gobind pura, yamuna nagar - hspcb",2026-07-01 23:00:00.000000000,30.1480566,77.2893471,co,23.0,41.0,32.0,13,good,27.2,56.6,24.9,2026,7,1,23,wednesday,summer,208931.0,278.0,0,Evening,18.0,Warm,Moderate,High
india,himachal pradesh,baddi,"himuda complex phase-1, baddi - hppcb",2026-07-01 23:00:00.000000000,30.943887,76.801991,no2,7.0,28.0,16.0,12,good,37.5,39.9,26.6,2026,7,1,23,wednesday,summer,22592.0,426.0,0,Evening,21.0,Hot,Low,High
india,karnataka,bagalkot,"vidayagiri, bagalkot - kspcb",2026-07-01 23:00:00.000000000,16.172806,75.659694,nh3,1.0,1.0,1.0,28,good,38.3,54.2,26.7,2026,7,1,23,wednesday,summer,97269.0,532.0,0,Evening,0.0,Hot,Moderate,High
india,karnataka,bengaluru,"bapuji nagar, bengaluru - kspcb",2026-07-01 23:00:00.000000000,12.951913,77.539784,pm10,23.0,96.0,43.0,43,good,24.1,32.3,6.9,2026,7,1,23,wednesday,summer,5104047.0,914.0,0,Evening,73.0,Moderate,Low,Low
india,karnataka,bengaluru,"city railway station, bengaluru - kspcb",2026-07-01 23:00:00.000000000,12.9756843,77.5660749,pm2.5,18.0,55.5,29.0,321,hazardous,39.1,39.7,3.6,2026,7,1,23,wednesday,summer,5104047.0,914.0,0,Evening,37.5,Hot,Low,Low
india,karnataka,bengaluru,"city railway station, bengaluru - kspcb",2026-07-01 23:00:00.000000000,12.9756843,77.5660749,so2,13.0,15.0,15.0,6,good,37.0,35.7,8.6,2026,7,1,23,wednesday,summer,5104047.0,914.0,0,Evening,2.0,Hot,Low,Low
india,kerala,kollam,"polayathode, kollam - kerala pcb",2026-07-01 23:00:00.000000000,8.8787,76.6073,so2,1.0,4.0,2.0,46,good,29.3,56.7,6.6,2026,7,1,23,wednesday,summer,394163.0,13.0,0,Evening,3.0,Warm,Moderate,Low
india,kerala,thiruvananthapuram,"kariavattom, thiruvananthapuram - kerala pcb",2026-07-01 23:00:00.000000000,8.5637,76.8865,pm2.5,45.0,49.0,47.0,46,good,26.6,31.2,8.8,2026,7,1,23,wednesday,summer,784153.0,18.0,0,Evening,4.0,Warm,Low,Low
india,kerala,thrissur,"corporation ground, thrissur - kerala pcb",2026-07-01 23:00:00.000000000,10.5324,76.2159,pm10,44.0,65.0,56.0,57,moderate,17.8,85.6,27.1,2026,7,1,23,wednesday,summer,325110.0,7.0,0,Evening,21.0,Moderate,High,High
india,madhya pradesh,bhopal,"paryavaran parisar, bhopal - mppcb",2026-07-01 23:00:00.000000000,23.210494,77.425409,no2,11.0,21.0,15.0,47,good,18.2,89.8,21.9,2026,7,1,23,wednesday,summer,1599914.0,523.0,0,Evening,10.0,Moderate,High,High
india,madhya pradesh,bhopal,"paryavaran parisar, bhopal - mppcb",2026-07-01 23:00:00.000000000,23.210494,77.425409,so2,13.0,24.0,17.0,18,good,29.4,91.2,25.1,2026,7,1,23,wednesday,summer,1599914.0,523.0,0,Evening,11.0,Warm,High,High
india,madhya pradesh,bhopal,"t t nagar, bhopal - mppcb",2026-07-01 23:00:00.000000000,23.233584,77.400574,so2,22.0,32.0,27.0,37,good,36.1,47.1,30.0,2026,7,1,23,wednesday,summer,1599914.0,523.0,0,Evening,10.0,Hot,Moderate,High
india,madhya pradesh,bhopal,"t t nagar, bhopal - mppcb",2026-07-01 23:00:00.000000000,23.233584,77.400574,co,36.0,60.0,46.0,24,good,38.9,82.1,13.7,2026,7,1,23,wednesday,summer,1599914.0,523.0,0,Evening,24.0,Hot,High,Moderate
india,madhya pradesh,bhopal,"idgah hills, bhopal - mppcb",2026-07-01 23:00:00.000000000,23.264759,77.381568,nh3,3.0,5.0,4.0,37,good,34.6,62.1,29.5,2026,7,1,23,wednesday,summer,1599914.0,523.0,0,Evening,2.0,Warm,Moderate,High
india,karnataka,bengaluru,"hebbal, bengaluru - kspcb",2026-07-01 23:00:00.000000000,13.029152,77.585901,nh3,15.5,23.0,19.5,375,hazardous,37.1,80.4,11.6,2026,7,1,23,wednesday,summer,5104047.0,914.0,0,Evening,7.5,Hot,High,Moderate
india,karnataka,bengaluru,"hebbal, bengaluru - kspcb",2026-07-01 23:00:00.000000000,13.029152,77.585901,ozone,28.0,41.0,35.0,43,good,20.1,56.9,26.7,2026,7,1,23,wednesday,summer,5104047.0,914.0,0,Evening,13.0,Moderate,Moderate,High
india,karnataka,bengaluru,"jigani, bengaluru - kspcb",2026-07-01 23:00:00.000000000,12.7816279,77.6299145,nh3,3.0,3.0,3.0,50,good,37.0,37.4,10.7,2026,7,1,23,wednesday,summer,5104047.0,914.0,0,Evening,0.0,Hot,Low,Moderate
india,karnataka,bengaluru,"silk board, bengaluru - kspcb",2026-07-01 23:00:00.000000000,12.917348,77.622813,pm2.5,9.0,46.0,24.0,35,good,19.5,49.0,2.7,2026,7,1,23,wednesday,summer,5104047.0,914.0,0,Evening,37.0,Moderate,Moderate,Low
india,karnataka,bengaluru,"silk board, bengaluru - kspcb",2026-07-01 23:00:00.000000000,12.917348,77.622813,pm10,29.0,114.0,80.0,87,moderate,22.8,48.1,5.9,2026,7,1,23,wednesday,summer,5104047.0,914.0,0,Evening,85.0,Moderate,Moderate,Low
india,karnataka,bengaluru,"silk board, bengaluru - kspcb",2026-07-01 23:00:00.000000000,12.917348,77.622813,no2,6.0,13.0,9.0,29,good,18.3,89.4,26.3,2026,7,1,23,wednesday,summer,5104047.0,914.0,0,Evening,7.0,Moderate,High,High
india,karnataka,bengaluru,"jayanagar 5th block, bengaluru - kspcb",2026-07-01 23:00:00.000000000,12.920984,77.584908,co,2.0,18.0,11.0,0,good,16.5,66.7,1.1,2026,7,1,23,wednesday,summer,5104047.0,914.0,0,Evening,16.0,Moderate,Moderate,Low
india,karnataka,bengaluru,"hombegowda nagar, bengaluru - kspcb",2026-07-01 23:00:00.000000000,12.938539,77.5901,nh3,1.0,1.0,1.0,47,good,23.6,83.1,29.5,2026,7,1,23,wednesday,summer,5104047.0,914.0,0,Evening,0.0,Moderate,High,High
india,karnataka,gadag,"panchal nagar, gadag - kspcb",2026-07-01 23:00:00.000000000,15.411456,75.638133,nh3,3.0,4.0,3.0,35,good,36.6,85.6,29.5,2026,7,1,23,wednesday,summer,162569.0,655.0,0,Evening,1.0,Hot,High,High
india,karnataka,hubballi,"lingaraj nagar, hubballi - kspcb",2026-07-01 23:00:00.000000000,15.3714823,75.1160168,pm10,45.0,49.0,47.0,24,good,15.7,82.3,7.1,2026,7,1,23,wednesday,summer,840214.0,620.0,0,Evening,4.0,Moderate,High,Low
india,karnataka,hubballi,"lingaraj nagar, hubballi - kspcb",2026-07-01 23:00:00.000000000,15.3714823,75.1160168,no2,7.0,9.0,8.0,34,good,26.6,90.2,7.4,2026,7,1,23,wednesday,summer,840214.0,620.0,0,Evening,2.0,Warm,High,Low
india,karnataka,hubballi,"lingaraj nagar, hubballi - kspcb",2026-07-01 23:00:00.000000000,15.3714823,75.1160168,nh3,1.0,2.0,2.0,2,good,31.8,55.7,7.1,2026,7,1,23,wednesday,summer,840214.0,620.0,0,Evening,1.0,Warm,Moderate,Low
india,karnataka,hubballi,"lingaraj nagar, hubballi - kspcb",2026-07-01 23:00:00.000000000,15.3714823,75.1160168,ozone,21.0,22.0,22.0,24,good,19.0,80.1,6.6,2026,7,1,23,wednesday,summer,840214.0,620.0,0,Evening,1.0,Moderate,High,Low
india,karnataka,kalaburagi,"mahatma basaveswar colony, kalaburgi - kspcb",2026-07-01 23:00:00.000000000,17.336318,76.847397,pm2.5,14.0,39.0,29.0,6,good,21.2,57.4,27.0,2026,7,1,23,wednesday,summer,483615.0,474.0,0,Evening,25.0,Moderate,Moderate,High
india,karnataka,kalaburagi,"mahatma basaveswar colony, kalaburgi - kspcb",2026-07-01 23:00:00.000000000,17.336318,76.847397,nh3,2.0,3.0,2.0,8,good,39.0,50.4,7.1,2026,7,1,23,wednesday,summer,483615.0,474.0,0,Evening,1.0,Hot,Moderate,Low
india,madhya pradesh,damoh,"shrivastav colony, damoh - mppcb",2026-07-01 23:00:00.000000000,23.81748678,79.446246,pm2.5,9.0,33.0,21.0,8,good,19.4,65.1,21.7,2026,7,1,23,wednesday,summer,118776.0,378.0,0,Evening,24.0,Moderate,Moderate,High
india,madhya pradesh,damoh,"shrivastav colony, damoh - mppcb",2026-07-01 23:00:00.000000000,23.81748678,79.446246,pm10,18.0,61.0,29.0,26,good,31.6,51.8,28.8,2026,7,1,23,wednesday,summer,118776.0,378.0,0,Evening,43.0,Warm,Moderate,High
india,madhya pradesh,damoh,"shrivastav colony, damoh - mppcb",2026-07-01 23:00:00.000000000,23.81748678,79.446246,nh3,22.5,50.0,30.5,388,hazardous,20.4,78.0,21.8,2026,7,1,23,wednesday,summer,118776.0,378.0,0,Evening,27.5,Moderate,High,High
india,madhya pradesh,dewas,"bhopal chauraha, dewas - mppcb",2026-07-01 23:00:00.000000000,22.9682591,76.064118,co,27.0,39.0,32.0,5,good,27.7,74.7,21.8,2026,7,1,23,wednesday,summer,261218.0,544.0,0,Evening,12.0,Warm,High,High
india,madhya pradesh,dewas,"bhopal chauraha, dewas - mppcb",2026-07-01 23:00:00.000000000,22.9682591,76.064118,ozone,5.0,14.0,11.0,21,good,17.0,86.3,15.0,2026,7,1,23,wednesday,summer,261218.0,544.0,0,Evening,9.0,Moderate,High,Moderate
india,madhya pradesh,gwalior,"deen dayal nagar, gwalior - mppcb",2026-07-01 23:00:00.000000000,26.259242,78.216432,pm10,4.0,109.0,36.0,29,good,32.6,35.0,20.5,2026,7,1,23,wednesday,summer,882458.0,220.0,0,Evening,105.0,Warm,Low,High
india,madhya pradesh,gwalior,"city center, gwalior - mppcb",2026-07-01 23:00:00.000000000,26.203442,78.193251,pm10,9.0,40.0,22.0,28,good,32.9,84.1,3.0,2026,7,1,23,wednesday,summer,882458.0,220.0,0,Evening,31.0,Warm,High,Low
india,madhya pradesh,indore,"regional park, indore - imc",2026-07-01 23:00:00.000000000,22.678,75.8559,ozone,5.0,5.0,5.0,32,good,39.1,45.3,17.6,2026,7,1,23,wednesday,summer,1837041.0,550.0,0,Evening,0.0,Hot,Moderate,Moderate
india,madhya pradesh,indore,"chhoti gwaltoli, indore - mppcb",2026-07-01 23:00:00.000000000,22.431,75.5213,so2,10.0,16.0,13.0,23,good,25.6,71.4,3.5,2026,7,1,23,wednesday,summer,1837041.0,550.0,0,Evening,6.0,Warm,High,Low
india,maharashtra,nashik,"gangapur road, nashik - mpcb",2026-07-01 23:00:00.000000000,20.0073285,73.7762427,pm2.5,8.0,25.0,16.0,43,good,33.3,40.2,5.4,2026,7,1,23,wednesday,summer,1289497.0,584.0,0,Evening,17.0,Warm,Moderate,Low
india,maharashtra,nashik,"gangapur road, nashik - mpcb",2026-07-01 23:00:00.000000000,20.0073285,73.7762427,so2,1.0,5.0,3.0,42,good,27.9,59.5,18.6,2026,7,1,23,wednesday,summer,1289497.0,584.0,0,Evening,4.0,Warm,Moderate,Moderate
india,maharashtra,nashik,"gangapur road, nashik - mpcb",2026-07-01 23:00:00.000000000,20.0073285,73.7762427,co,21.0,22.0,21.0,8,good,32.3,65.4,8.6,2026,7,1,23,wednesday,summer,1289497.0,584.0,0,Evening,1.0,Warm,Moderate,Low
india,maharashtra,navi mumbai,"nerul, navi mumbai - mpcb",2026-07-01 23:00:00.000000000,19.008751,73.01662,no2,21.0,25.0,22.666666666666668,499,hazardous,39.5,55.0,6.4,2026,7,1,23,wednesday,summer,2600000.0,14.0,0,Evening,4.0,Hot,Moderate,Low
india,maharashtra,navi mumbai,"nerul, navi mumbai - mpcb",2026-07-01 23:00:00.000000000,19.008751,73.01662,so2,21.0,28.0,24.33333333333333,336,hazardous,19.2,36.9,25.5,2026,7,1,23,wednesday,summer,2600000.0,14.0,0,Evening,7.0,Moderate,Low,High
india,maharashtra,navi mumbai,"sector-2e kalamboli, navi mumbai - mpcb",2026-07-01 23:00:00.000000000,19.02579,73.10297,pm10,21.0,31.0,26.0,26,good,18.7,31.3,11.7,2026,7,1,23,wednesday,summer,2600000.0,14.0,0,Evening,10.0,Moderate,Low,Moderate
india,maharashtra,navi mumbai,"tondare-taloja, navi mumbai - mpcb",2026-07-01 23:00:00.000000000,19.063,73.1209,pm10,36.0,57.0,47.0,13,good,29.8,87.4,3.3,2026,7,1,23,wednesday,summer,2600000.0,14.0,0,Evening,21.0,Warm,High,Low
india,maharashtra,navi mumbai,"mahape, navi mumbai - mpcb",2026-07-01 23:00:00.000000000,19.1135051,73.008978,pm10,9.0,35.0,20.0,18,good,26.5,33.7,9.2,2026,7,1,23,wednesday,summer,2600000.0,14.0,0,Evening,26.0,Warm,Low,Low
india,maharashtra,navi mumbai,"mahape, navi mumbai - mpcb",2026-07-01 23:00:00.000000000,19.1135051,73.008978,no2,42.0,43.0,43.0,40,good,16.4,80.2,23.1,2026,7,1,23,wednesday,summer,2600000.0,14.0,0,Evening,1.0,Moderate,High,High
india,maharashtra,navi mumbai,"mahape, navi mumbai - mpcb",2026-07-01 23:00:00.000000000,19.1135051,73.008978,so2,17.0,17.0,17.0,24,good,38.7,51.4,13.6,2026,7,1,23,wednesday,summer,2600000.0,14.0,0,Evening,0.0,Hot,Moderate,Moderate
india,maharashtra,navi mumbai,"mahape, navi mumbai - mpcb",2026-07-01 23:00:00.000000000,19.1135051,73.008978,ozone,9.0,16.0,13.0,27,good,27.0,83.7,12.6,2026,7,1,23,wednesday,summer,2600000.0,14.0,0,Evening,7.0,Warm,High,Moderate
india,maharashtra,navi mumbai,"sanpada, navi mumbai - mpcb",2026-07-01 23:00:00.000000000,19.0575752,73.0151367,pm10,16.0,31.0,23.0,28,good,27.7,93.4,28.4,2026,7,1,23,wednesday,summer,2600000.0,14.0,0,Evening,15.0,Warm,High,High
india,maharashtra,navi mumbai,"sanpada, navi mumbai - mpcb",2026-07-01 23:00:00.000000000,19.0575752,73.0151367,so2,19.0,25.0,25.0,41,good,28.3,53.0,2.6,2026,7,1,23,wednesday,summer,2600000.0,14.0,0,Evening,6.0,Warm,Moderate,Low
india,maharashtra,parbhani,"masoom colony, parbhani - mpcb",2026-07-01 23:00:00.000000000,19.265594,76.761463,nh3,3.0,5.0,4.0,2,good,19.4,62.2,28.2,2026,7,1,23,wednesday,summer,289629.0,421.0,0,Evening,2.0,Moderate,Moderate,High
india,maharashtra,amravati,"shivneri colony, amravati - mpcb",2026-07-01 23:00:00.000000000,20.9402359,77.7895248,ozone,6.0,14.0,10.0,11,good,35.8,62.3,11.2,2026,7,1,23,wednesday,summer,603837.0,341.0,0,Evening,8.0,Hot,Moderate,Moderate
india,maharashtra,amravati,"shri shivaji science college, amravati - mpcb",2026-07-01 23:00:00.000000000,20.939198,77.765701,pm10,20.0,71.0,39.0,21,good,26.2,37.3,23.0,2026,7,1,23,wednesday,summer,603837.0,341.0,0,Evening,51.0,Warm,Low,High
india,maharashtra,amravati,"shri shivaji science college, amravati - mpcb",2026-07-01 23:00:00.000000000,20.939198,77.765701,ozone,2.0,17.0,9.0,10,good,39.4,67.7,26.7,2026,7,1,23,wednesday,summer,603837.0,341.0,0,Evening,15.0,Hot,Moderate,High
india,maharashtra,aurangabad,"rachnakar colony, aurangabad - mpcb",2026-07-01 23:00:00.000000000,19.863756,75.321188,pm2.5,3.0,52.0,19.0,39,good,18.2,71.3,3.4,2026,7,1,23,wednesday,summer,1016441.0,588.0,0,Evening,49.0,Moderate,High,Low
india,maharashtra,aurangabad,"rachnakar colony, aurangabad - mpcb",2026-07-01 23:00:00.000000000,19.863756,75.321188,ozone,9.0,19.0,11.0,20,good,26.8,58.3,5.5,2026,7,1,23,wednesday,summer,1016441.0,588.0,0,Evening,10.0,Warm,Moderate,Low
india,maharashtra,aurangabad,"midc chilkalthana, aurangabad - mpcb",2026-07-01 23:00:00.000000000,19.87562,75.38731,pm10,6.5,24.0,11.5,435,hazardous,25.7,78.9,24.6,2026,7,1,23,wednesday,summer,1016441.0,588.0,0,Evening,17.5,Warm,High,High
india,maharashtra,aurangabad,"midc chilkalthana, aurangabad - mpcb",2026-07-01 23:00:00.000000000,19.87562,75.38731,no2,4.0,29.0,12.0,10,good,20.6,58.4,6.2,2026,7,1,23,wednesday,summer,1016441.0,588.0,0,Evening,25.0,Moderate,Moderate,Low
india,maharashtra,badlapur,"katrap, badlapur - mpcb",2026-07-01 23:00:00.000000000,19.16485,73.23409,co,18.0,21.0,20.0,45,good,32.5,83.5,8.5,2026,7,1,23,wednesday,summer,104636.0,24.0,0,Evening,3.0,Warm,High,Low
india,maharashtra,badlapur,"katrap, badlapur - mpcb",2026-07-01 23:00:00.000000000,19.16485,73.23409,ozone,18.0,44.0,28.0,2,good,31.5,46.5,5.2,2026,7,1,23,wednesday,summer,104636.0,24.0,0,Evening,26.0,Warm,Moderate,Low
india,maharashtra,beed,"bir, beed - mpcb",2026-07-01 23:00:00.000000000,18.988474,75.753873,pm2.5,2.0,251.0,27.0,26,good,28.0,86.6,12.9,2026,7,1,23,wednesday,summer,24588.0,512.0,0,Evening,249.0,Warm,High,Moderate
india,maharashtra,beed,"bir, beed - mpcb",2026-07-01 23:00:00.000000000,18.988474,75.753873,co,17.0,27.0,22.0,37,good,39.9,30.4,23.9,2026,7,1,23,wednesday,summer,24588.0,512.0,0,Evening,10.0,Hot,Low,High
india,maharashtra,bhiwandi,"gokul nagar, bhiwandi - mpcb",2026-07-01 23:00:00.000000000,19.309073,73.057223,pm10,36.0,55.0,44.0,21,good,35.8,34.2,12.0,2026,7,1,23,wednesday,summer,707035.0,9.0,0,Evening,19.0,Hot,Low,Moderate
india,maharashtra,bhiwandi,"gokul nagar, bhiwandi - mpcb",2026-07-01 23:00:00.000000000,19.309073,73.057223,ozone,17.0,49.0,28.0,29,good,27.5,48.5,20.2,2026,7,1,23,wednesday,summer,707035.0,9.0,0,Evening,32.0,Warm,Moderate,High
india,maharashtra,kolhapur,"sinchan bhavan, kolhapur - mpcb",2026-07-01 23:00:00.000000000,16.7143745,74.2426398,so2,0.0,2.0,1.0,31,good,26.1,49.6,5.4,2026,7,1,23,wednesday,summer,516142.0,559.0,0,Evening,2.0,Warm,Moderate,Low
india,maharashtra,kolhapur,"sinchan bhavan, kolhapur - mpcb",2026-07-01 23:00:00.000000000,16.7143745,74.2426398,ozone,28.0,35.0,30.0,32,good,24.1,64.3,5.7,2026,7,1,23,wednesday,summer,516142.0,559.0,0,Evening,7.0,Moderate,Moderate,Low
india,maharashtra,kolhapur,"shivaji university, kolhapur - mpcb",2026-07-01 23:00:00.000000000,16.6870449,74.2505872,no2,1.0,26.0,13.0,8,good,38.2,30.4,21.8,2026,7,1,23,wednesday,summer,516142.0,559.0,0,Evening,25.0,Hot,Low,High
india,maharashtra,kolhapur,"shivaji university, kolhapur - mpcb",2026-07-01 23:00:00.000000000,16.6870449,74.2505872,so2,0.0,1.0,1.0,50,good,32.0,82.6,21.6,2026,7,1,23,wednesday,summer,516142.0,559.0,0,Evening,1.0,Warm,High,High
india,maharashtra,latur,"sawe wadi, latur - mpcb",2026-07-01 23:00:00.000000000,18.39963,76.57452,pm10,6.0,31.0,18.0,30,good,16.2,82.9,5.3,2026,7,1,23,wednesday,summer,348967.0,638.0,0,Evening,25.0,Moderate,High,Low
india,maharashtra,latur,"sawe wadi, latur - mpcb",2026-07-01 23:00:00.000000000,18.39963,76.57452,nh3,1.0,6.0,3.0,8,good,19.4,43.2,27.6,2026,7,1,23,wednesday,summer,348967.0,638.0,0,Evening,5.0,Moderate,Moderate,High
india,maharashtra,latur,"sawe wadi, latur - mpcb",2026-07-01 23:00:00.000000000,18.39963,76.57452,so2,3.0,5.0,4.0,47,good,31.1,88.5,25.7,2026,7,1,23,wednesday,summer,348967.0,638.0,0,Evening,2.0,Warm,High,High
india,maharashtra,mahad,"kamble tarf birwadi, mahad - mpcb",2026-07-01 23:00:00.000000000,18.1023399,73.4783687,pm10,33.0,44.0,37.0,35,good,27.4,32.4,16.3,2026,7,1,23,wednesday,summer,26665.0,11.0,0,Evening,11.0,Warm,Low,Moderate
india,maharashtra,mahad,"kamble tarf birwadi, mahad - mpcb",2026-07-01 23:00:00.000000000,18.1023399,73.4783687,no2,6.0,20.0,14.0,38,good,35.2,38.7,25.2,2026,7,1,23,wednesday,summer,26665.0,11.0,0,Evening,14.0,Hot,Low,High
india,maharashtra,mahad,"kamble tarf birwadi, mahad - mpcb",2026-07-01 23:00:00.000000000,18.1023399,73.4783687,nh3,3.0,3.0,3.0,19,good,27.1,48.7,19.6,2026,7,1,23,wednesday,summer,26665.0,11.0,0,Evening,0.0,Warm,Moderate,Moderate
india,maharashtra,mahad,"kamble tarf birwadi, mahad - mpcb",2026-07-01 23:00:00.000000000,18.1023399,73.4783687,so2,1.0,6.0,3.0,6,good,15.1,72.6,22.1,2026,7,1,23,wednesday,summer,26665.0,11.0,0,Evening,5.0,Moderate,High,High
india,maharashtra,malegaon,"mahesh nagar, malegaon - mpcb",2026-07-01 23:00:00.000000000,20.555712,74.529236,pm2.5,10.0,42.0,28.0,22,good,33.0,42.3,5.6,2026,7,1,23,wednesday,summer,435362.0,432.0,0,Evening,32.0,Warm,Moderate,Low
india,maharashtra,malegaon,"mahesh nagar, malegaon - mpcb",2026-07-01 23:00:00.000000000,20.555712,74.529236,no2,15.0,27.0,19.0,28,good,18.8,38.2,10.7,2026,7,1,23,wednesday,summer,435362.0,432.0,0,Evening,12.0,Moderate,Low,Moderate
india,maharashtra,malegaon,"mahesh nagar, malegaon - mpcb",2026-07-01 23:00:00.000000000,20.555712,74.529236,so2,1.0,1.0,1.0,9,good,29.9,84.0,11.8,2026,7,1,23,wednesday,summer,435362.0,432.0,0,Evening,0.0,Warm,High,Moderate
india,maharashtra,malegaon,"mahesh nagar, malegaon - mpcb",2026-07-01 23:00:00.000000000,20.555712,74.529236,co,14.0,34.0,24.0,49,good,32.1,32.2,29.9,2026,7,1,23,wednesday,summer,435362.0,432.0,0,Evening,20.0,Warm,Low,High
india,madhya pradesh,indore,"maguda nagar, indore - imc",2026-07-01 23:00:00.000000000,22.7524,75.8872,nh3,0.0,0.0,0.0,45,good,21.6,39.5,25.7,2026,7,1,23,wednesday,summer,1837041.0,550.0,0,Evening,0.0,Moderate,Low,High
india,madhya pradesh,indore,"maguda nagar, indore - imc",2026-07-01 23:00:00.000000000,22.7524,75.8872,ozone,12.0,13.0,12.0,19,good,25.0,69.1,24.5,2026,7,1,23,wednesday,summer,1837041.0,550.0,0,Evening,1.0,Warm,Moderate,High
india,madhya pradesh,indore,"residency area, indore - imc",2026-07-01 23:00:00.000000000,22.7084,75.8815,so2,3.0,5.0,3.0,5,good,34.7,94.4,6.5,2026,7,1,23,wednesday,summer,1837041.0,550.0,0,Evening,2.0,Warm,High,Low
india,madhya pradesh,jabalpur,"govindh bhavan colony, jabalpur - jmc",2026-07-01 23:00:00.000000000,23.163174,79.973061,pm2.5,18.0,35.0,25.0,47,good,19.3,92.9,9.8,2026,7,1,23,wednesday,summer,1030168.0,416.0,0,Evening,17.0,Moderate,High,Low
india,madhya pradesh,jabalpur,"govindh bhavan colony, jabalpur - jmc",2026-07-01 23:00:00.000000000,23.163174,79.973061,no2,9.0,17.0,12.0,47,good,30.3,65.0,10.2,2026,7,1,23,wednesday,summer,1030168.0,416.0,0,Evening,8.0,Warm,Moderate,Moderate
india,madhya pradesh,jabalpur,"govindh bhavan colony, jabalpur - jmc",2026-07-01 23:00:00.000000000,23.163174,79.973061,so2,3.0,12.0,9.0,12,good,27.8,39.5,17.8,2026,7,1,23,wednesday,summer,1030168.0,416.0,0,Evening,9.0,Warm,Low,Moderate
india,madhya pradesh,jabalpur,"govindh bhavan colony, jabalpur - jmc",2026-07-01 23:00:00.000000000,23.163174,79.973061,ozone,3.0,16.0,6.0,37,good,26.7,86.6,18.6,2026,7,1,23,wednesday,summer,1030168.0,416.0,0,Evening,13.0,Warm,High,Moderate
india,madhya pradesh,jabalpur,"marhatal, jabalpur - mppcb",2026-07-01 23:00:00.000000000,23.168606,79.932247,pm10,27.0,79.0,44.0,39,good,38.4,68.4,10.2,2026,7,1,23,wednesday,summer,1030168.0,416.0,0,Evening,52.0,Hot,Moderate,Moderate
india,madhya pradesh,jabalpur,"suhagi, jabalpur - jmc",2026-07-01 23:00:00.000000000,23.218135,79.95777,no2,11.0,14.0,13.0,18,good,23.7,36.9,29.4,2026,7,1,23,wednesday,summer,1030168.0,416.0,0,Evening,3.0,Moderate,Low,High
india,madhya pradesh,jabalpur,"suhagi, jabalpur - jmc",2026-07-01 23:00:00.000000000,23.218135,79.95777,so2,3.0,10.0,8.0,32,good,24.6,76.0,8.3,2026,7,1,23,wednesday,summer,1030168.0,416.0,0,Evening,7.0,Moderate,High,Low
india,madhya pradesh,jabalpur,"suhagi, jabalpur - jmc",2026-07-01 23:00:00.000000000,23.218135,79.95777,co,54.0,109.0,81.0,69,moderate,23.8,55.0,14.6,2026,7,1,23,wednesday,summer,1030168.0,416.0,0,Evening,55.0,Moderate,Moderate,Moderate
india,madhya pradesh,katni,"gole bazar, katni - mppcb",2026-07-01 23:00:00.000000000,23.50016,80.23284,pm10,49.0,117.0,73.0,64,moderate,21.3,55.0,4.3,2026,7,1,23,wednesday,summer,195856.0,384.0,0,Evening,68.0,Moderate,Moderate,Low
india,madhya pradesh,maihar,"sahilara, maihar - kjs cements",2026-07-01 23:00:00.000000000,24.2613009,80.7231783,pm10,3.0,55.0,23.0,37,good,36.7,34.3,26.2,2026,7,1,23,wednesday,summer,37913.0,358.0,0,Evening,52.0,Hot,Low,High
india,madhya pradesh,sagar,"civil lines, sagar - mppcb",2026-07-01 23:00:00.000000000,23.838586,78.759431,so2,6.0,12.0,8.0,37,good,15.4,93.8,12.9,2026,7,1,23,wednesday,summer,53150.0,592.0,0,Evening,6.0,Moderate,High,Moderate
india,madhya pradesh,satna,"bandhavgar colony, satna - birla cement",2026-07-01 23:00:00.000000000,24.58434363,80.8549414,nh3,11.0,24.0,17.0,387,hazardous,18.3,71.6,3.8,2026,7,1,23,wednesday,summer,257778.0,324.0,0,Evening,13.0,Moderate,High,Low
india,madhya pradesh,satna,"bandhavgar colony, satna - birla cement",2026-07-01 23:00:00.000000000,24.58434363,80.8549414,co,16.0,36.0,26.0,45,good,30.0,61.5,18.5,2026,7,1,23,wednesday,summer,257778.0,324.0,0,Evening,20.0,Warm,Moderate,Moderate
india,madhya pradesh,ujjain,"mahashweta nagar, ujjain - mppcb",2026-07-01 23:00:00.000000000,23.1633321,75.800225,no2,5.0,25.0,10.0,35,good,19.7,57.7,6.6,2026,7,1,23,wednesday,summer,457346.0,494.0,0,Evening,20.0,Moderate,Moderate,Low
india,madhya pradesh,ujjain,"mahashweta nagar, ujjain - mppcb",2026-07-01 23:00:00.000000000,23.1633321,75.800225,nh3,4.0,9.0,7.0,9,good,39.7,88.3,16.3,2026,7,1,23,wednesday,summer,457346.0,494.0,0,Evening,5.0,Hot,High,Moderate
india,maharashtra,ahmednagar,"tarakpur, ahmednagar - mpcb",2026-07-01 23:00:00.000000000,19.10122,74.73339,nh3,28.0,43.5,36.0,472,hazardous,27.6,38.5,18.8,2026,7,1,23,wednesday,summer,60634.0,144.0,0,Evening,15.5,Warm,Low,Moderate
india,maharashtra,akola,"ramdaspeth, akola - mpcb",2026-07-01 23:00:00.000000000,20.719516,77.000253,pm10,52.0,78.0,65.0,65,moderate,15.1,75.3,4.0,2026,7,1,23,wednesday,summer,428857.0,285.0,0,Evening,26.0,Moderate,High,Low
india,maharashtra,akola,"ramdaspeth, akola - mpcb",2026-07-01 23:00:00.000000000,20.719516,77.000253,co,24.0,30.0,26.0,34,good,38.9,92.9,28.4,2026,7,1,23,wednesday,summer,428857.0,285.0,0,Evening,6.0,Hot,High,High
india,maharashtra,amravati,"shivneri colony, amravati - mpcb",2026-07-01 23:00:00.000000000,20.9402359,77.7895248,nh3,2.0,2.0,2.0,10,good,29.4,50.6,27.5,2026,7,1,23,wednesday,summer,603837.0,341.0,0,Evening,0.0,Warm,Moderate,High
india,maharashtra,mumbai,"chakala-andheri east, mumbai - iitm",2026-07-01 23:00:00.000000000,19.11074,72.86084,nh3,7.0,14.0,9.0,8,good,33.5,33.0,13.9,2026,7,1,23,wednesday,summer,12691836.0,8.0,0,Evening,7.0,Warm,Low,Moderate
india,maharashtra,nagpur,"ram nagar, nagpur - mpcb",2026-07-01 23:00:00.000000000,21.143383,79.048912,ozone,5.0,14.0,11.0,17,good,18.6,36.4,23.7,2026,7,1,23,wednesday,summer,2228018.0,319.0,0,Evening,9.0,Moderate,Low,High
india,maharashtra,nagpur,"opp gpo civil lines, nagpur - mpcb",2026-07-01 23:00:00.000000000,21.152875,79.0517531,pm10,13.0,88.0,42.0,47,good,34.2,53.8,28.3,2026,7,1,23,wednesday,summer,2228018.0,319.0,0,Evening,75.0,Warm,Moderate,High
india,maharashtra,nagpur,"opp gpo civil lines, nagpur - mpcb",2026-07-01 23:00:00.000000000,21.152875,79.0517531,so2,3.0,11.0,5.0,17,good,36.8,77.8,22.1,2026,7,1,23,wednesday,summer,2228018.0,319.0,0,Evening,8.0,Hot,High,High
india,maharashtra,nagpur,"ambazari, nagpur - mpcb",2026-07-01 23:00:00.000000000,21.121801,79.04952,co,15.0,101.0,46.0,31,good,30.4,75.8,26.2,2026,7,1,23,wednesday,summer,2228018.0,319.0,0,Evening,86.0,Warm,High,High
india,maharashtra,nashik,"pandav nagari, nashik - mpcb",2026-07-01 23:00:00.000000000,19.9591346,73.7788008,co,1.0,1.0,1.0,43,good,25.1,32.9,14.7,2026,7,1,23,wednesday,summer,1289497.0,584.0,0,Evening,0.0,Warm,Low,Moderate
india,maharashtra,nashik,"midc ambad, nashik - mpcb",2026-07-01 23:00:00.000000000,19.95022,73.73148,pm2.5,1.0,42.0,24.0,22,good,17.9,65.8,3.3,2026,7,1,23,wednesday,summer,1289497.0,584.0,0,Evening,41.0,Moderate,Moderate,Low
india,maharashtra,nashik,"midc ambad, nashik - mpcb",2026-07-01 23:00:00.000000000,19.95022,73.73148,no2,3.0,6.0,4.0,14,good,26.3,92.6,7.2,2026,7,1,23,wednesday,summer,1289497.0,584.0,0,Evening,3.0,Warm,High,Low
india,maharashtra,nashik,"hirawadi, nashik - mpcb",2026-07-01 23:00:00.000000000,20.021503,73.813844,ozone,13.0,24.0,17.0,35,good,24.6,62.0,18.5,2026,7,1,23,wednesday,summer,1289497.0,584.0,0,Evening,11.0,Moderate,Moderate,Moderate
india,maharashtra,chandrapur,"chauhan colony, chandrapur - mpcb",2026-07-01 23:00:00.000000000,19.9629,79.298714,pm2.5,3.0,48.0,29.0,24,good,32.2,40.7,28.6,2026,7,1,23,wednesday,summer,328351.0,186.0,0,Evening,45.0,Warm,Moderate,High
india,maharashtra,chandrapur,"chauhan colony, chandrapur - mpcb",2026-07-01 23:00:00.000000000,19.9629,79.298714,no2,19.0,21.0,21.0,2,good,38.4,77.2,6.5,2026,7,1,23,wednesday,summer,328351.0,186.0,0,Evening,2.0,Hot,High,Low
india,maharashtra,dombivli,"kalu nagar, dombivli - mpcb",2026-07-01 23:00:00.000000000,19.2268427,73.0788456,co,13.0,30.0,20.0,33,good,15.5,62.8,23.4,2026,7,1,23,wednesday,summer,1193000.0,11.0,0,Evening,17.0,Moderate,Moderate,High
india,maharashtra,dombivli,"kalu nagar, dombivli - mpcb",2026-07-01 23:00:00.000000000,19.2268427,73.0788456,ozone,5.0,352.0,94.0,93,moderate,35.9,74.2,8.0,2026,7,1,23,wednesday,summer,1193000.0,11.0,0,Evening,347.0,Hot,High,Low
india,maharashtra,jalgaon,"prabhat colony, jalgaon - mpcb",2026-07-01 23:00:00.000000000,21.001264,75.565602,pm2.5,14.0,34.0,23.0,9,good,22.8,86.2,26.0,2026,7,1,23,wednesday,summer,429298.0,227.0,0,Evening,20.0,Moderate,High,High
india,maharashtra,jalgaon,"prabhat colony, jalgaon - mpcb",2026-07-01 23:00:00.000000000,21.001264,75.565602,nh3,3.0,8.0,4.0,38,good,19.1,69.5,1.9,2026,7,1,23,wednesday,summer,429298.0,227.0,0,Evening,5.0,Moderate,Moderate,Low
india,maharashtra,jalna,"old midc, jalna - mpcb",2026-07-01 23:00:00.000000000,19.854616,75.905894,nh3,1.0,6.0,4.0,6,good,19.4,43.5,25.2,2026,7,1,23,wednesday,summer,262034.0,504.0,0,Evening,5.0,Moderate,Moderate,High
india,maharashtra,jalna,"old midc, jalna - mpcb",2026-07-01 23:00:00.000000000,19.854616,75.905894,so2,4.0,6.0,5.0,10,good,30.4,43.2,2.7,2026,7,1,23,wednesday,summer,262034.0,504.0,0,Evening,2.0,Warm,Moderate,Low
india,maharashtra,kolhapur,"sinchan bhavan, kolhapur - mpcb",2026-07-01 23:00:00.000000000,16.7143745,74.2426398,no2,15.0,21.0,17.0,6,good,38.0,43.5,17.7,2026,7,1,23,wednesday,summer,516142.0,559.0,0,Evening,6.0,Hot,Moderate,Moderate
india,maharashtra,mumbai,"borivali east, mumbai - iitm",2026-07-01 23:00:00.000000000,19.23241,72.86895,so2,13.5,24.5,19.0,440,hazardous,28.1,66.4,28.8,2026,7,1,23,wednesday,summer,12691836.0,8.0,0,Evening,11.0,Warm,Moderate,High
india,maharashtra,mumbai,"bandra kurla complex, mumbai - iitm",2026-07-01 23:00:00.000000000,19.053536,72.84643,pm10,12.0,28.0,21.0,31,good,15.0,65.8,10.4,2026,7,1,23,wednesday,summer,12691836.0,8.0,0,Evening,16.0,Moderate,Moderate,Moderate
india,maharashtra,mumbai,"chhatrapati shivaji intl. airport (t2), mumbai - mpcb",2026-07-01 23:00:00.000000000,19.10078,72.87462,so2,7.0,8.0,7.0,38,good,23.1,73.7,18.2,2026,7,1,23,wednesday,summer,12691836.0,8.0,0,Evening,1.0,Moderate,High,Moderate
india,maharashtra,mumbai,"malad west, mumbai - iitm",2026-07-01 23:00:00.000000000,19.19709,72.82204,no2,7.0,40.0,21.0,1,good,30.2,36.9,15.6,2026,7,1,23,wednesday,summer,12691836.0,8.0,0,Evening,33.0,Warm,Low,Moderate
india,maharashtra,mumbai,"malad west, mumbai - iitm",2026-07-01 23:00:00.000000000,19.19709,72.82204,so2,0.0,14.0,7.0,48,good,22.5,75.3,9.8,2026,7,1,23,wednesday,summer,12691836.0,8.0,0,Evening,14.0,Moderate,High,Low
india,maharashtra,mumbai,"powai, mumbai - mpcb",2026-07-01 23:00:00.000000000,19.1375,72.915056,pm2.5,0.5,25.0,12.0,420,hazardous,26.3,36.8,6.2,2026,7,1,23,wednesday,summer,12691836.0,8.0,0,Evening,24.5,Warm,Low,Low
india,maharashtra,mumbai,"shivaji nagar, mumbai - bmc",2026-07-01 23:00:00.000000000,19.060498,72.923356,pm2.5,1.0,36.0,17.0,44,good,24.6,31.0,20.3,2026,7,1,23,wednesday,summer,12691836.0,8.0,0,Evening,35.0,Moderate,Low,High
india,maharashtra,mumbai,"shivaji nagar, mumbai - bmc",2026-07-01 23:00:00.000000000,19.060498,72.923356,so2,3.0,28.33333333333333,14.666666666666666,461,hazardous,23.0,67.8,27.1,2026,7,1,23,wednesday,summer,12691836.0,8.0,0,Evening,25.33333333333333,Moderate,Moderate,High
india,maharashtra,mumbai,"sewri, mumbai - bmc",2026-07-01 23:00:00.000000000,19.000084,72.85673,pm2.5,5.0,20.666666666666664,12.333333333333332,311,hazardous,16.6,35.8,16.6,2026,7,1,23,wednesday,summer,12691836.0,8.0,0,Evening,15.666666666666664,Moderate,Low,Moderate
india,maharashtra,mumbai,"worli, mumbai - mpcb",2026-07-01 23:00:00.000000000,18.9936162,72.8128113,ozone,7.0,13.0,10.0,50,good,20.1,54.0,16.6,2026,7,1,23,wednesday,summer,12691836.0,8.0,0,Evening,6.0,Moderate,Moderate,Moderate
india,maharashtra,mumbai,"bandra kurla complex, mumbai - mpcb",2026-07-01 23:00:00.000000000,19.065931,72.862131,pm2.5,10.0,15.0,12.0,24,good,28.0,74.7,5.6,2026,7,1,23,wednesday,summer,12691836.0,8.0,0,Evening,5.0,Warm,High,Low
india,maharashtra,mumbai,"khindipada-bhandup west, mumbai - iitm",2026-07-01 23:00:00.000000000,19.1653323,72.922099,pm2.5,2.0,12.0,5.0,39,good,19.9,93.0,10.4,2026,7,1,23,wednesday,summer,12691836.0,8.0,0,Evening,10.0,Moderate,High,Moderate
india,maharashtra,mumbai,"khindipada-bhandup west, mumbai - iitm",2026-07-01 23:00:00.000000000,19.1653323,72.922099,nh3,2.0,3.0,3.0,4,good,26.6,91.3,23.2,2026,7,1,23,wednesday,summer,12691836.0,8.0,0,Evening,1.0,Warm,High,High
india,maharashtra,mumbai,"chembur, mumbai - mpcb",2026-07-01 23:00:00.000000000,19.0364585,72.8954371,co,22.0,30.0,26.0,15,good,23.8,91.6,19.1,2026,7,1,23,wednesday,summer,12691836.0,8.0,0,Evening,8.0,Moderate,High,Moderate
india,maharashtra,mumbai,"kherwadi_bandra east, mumbai - mpcb",2026-07-01 23:00:00.000000000,19.0632143,72.8456324,nh3,4.0,4.0,4.0,4,good,23.5,52.2,0.1,2026,7,1,23,wednesday,summer,12691836.0,8.0,0,Evening,0.0,Moderate,Moderate,Low
india,odisha,rourkela,"raghunathpali, rourkela - ospcb",2026-07-01 23:00:00.000000000,22.220833,84.809444,no2,15.0,15.0,15.0,38,good,18.0,47.2,11.8,2026,7,1,23,wednesday,summer,536450.0,195.0,0,Evening,0.0,Moderate,Moderate,Moderate
india,odisha,rourkela,"raghunathpali, rourkela - ospcb",2026-07-01 23:00:00.000000000,22.220833,84.809444,nh3,1.0,2.0,1.0,22,good,31.4,60.3,13.8,2026,7,1,23,wednesday,summer,536450.0,195.0,0,Evening,1.0,Warm,Moderate,Moderate
india,odisha,rourkela,"raghunathpali, rourkela - ospcb",2026-07-01 23:00:00.000000000,22.220833,84.809444,so2,2.0,7.0,5.0,50,good,29.8,74.7,1.2,2026,7,1,23,wednesday,summer,536450.0,195.0,0,Evening,5.0,Warm,High,Low
india,odisha,rourkela,"raghunathpali, rourkela - ospcb",2026-07-01 23:00:00.000000000,22.220833,84.809444,ozone,3.0,25.0,11.0,26,good,24.1,85.2,17.5,2026,7,1,23,wednesday,summer,536450.0,195.0,0,Evening,22.0,Moderate,High,Moderate
india,odisha,talcher,"talcher coalfields,talcher - ospcb",2026-07-01 23:00:00.000000000,20.9360711,85.1707021,pm10,0.0,109.0,53.0,75,moderate,34.2,56.0,21.2,2026,7,1,23,wednesday,summer,38436.0,80.0,0,Evening,109.0,Warm,Moderate,High
india,odisha,talcher,"talcher coalfields,talcher - ospcb",2026-07-01 23:00:00.000000000,20.9360711,85.1707021,no2,26.0,53.0,35.0,1,good,27.2,83.3,0.5,2026,7,1,23,wednesday,summer,38436.0,80.0,0,Evening,27.0,Warm,High,Low
india,odisha,talcher,"talcher coalfields,talcher - ospcb",2026-07-01 23:00:00.000000000,20.9360711,85.1707021,nh3,5.0,9.0,6.0,24,good,30.4,31.4,17.6,2026,7,1,23,wednesday,summer,38436.0,80.0,0,Evening,4.0,Warm,Low,Moderate
india,odisha,talcher,"talcher coalfields,talcher - ospcb",2026-07-01 23:00:00.000000000,20.9360711,85.1707021,ozone,10.0,17.0,14.0,34,good,34.8,89.3,11.4,2026,7,1,23,wednesday,summer,38436.0,80.0,0,Evening,7.0,Warm,High,Moderate
india,puducherry,puducherry,"jawahar nagar, puducherry - ppcc",2026-07-01 23:00:00.000000000,11.9309,79.8027,no2,11.0,40.0,20.0,45,good,29.0,85.9,14.2,2026,7,1,23,wednesday,summer,227411.0,11.0,0,Evening,29.0,Warm,High,Moderate
india,puducherry,puducherry,"jawahar nagar, puducherry - ppcc",2026-07-01 23:00:00.000000000,11.9309,79.8027,nh3,2.0,9.0,4.0,36,good,34.5,42.8,6.9,2026,7,1,23,wednesday,summer,227411.0,11.0,0,Evening,7.0,Warm,Moderate,Low
india,punjab,amritsar,"golden temple, amritsar - ppcb",2026-07-01 23:00:00.000000000,31.62,74.876512,so2,10.0,13.0,12.0,50,good,23.4,40.8,14.5,2026,7,1,23,wednesday,summer,1092450.0,244.0,0,Evening,3.0,Moderate,Moderate,Moderate
india,punjab,bathinda,"hardev nagar, bathinda - ppcb",2026-07-01 23:00:00.000000000,30.233011,74.907758,pm2.5,21.5,121.5,40.0,392,hazardous,16.8,33.0,29.6,2026,7,1,23,wednesday,summer,242800.0,216.0,0,Evening,100.0,Moderate,Low,High
india,punjab,jalandhar,"civil line, jalandhar - ppcb",2026-07-01 23:00:00.000000000,31.321907,75.578914,pm10,33.0,230.0,68.0,64,moderate,19.0,48.2,23.9,2026,7,1,23,wednesday,summer,785178.0,243.0,0,Evening,197.0,Moderate,Moderate,High
india,punjab,khanna,"kalal majra, khanna - ppcb",2026-07-01 23:00:00.000000000,30.736056,76.209694,pm10,74.0,77.0,76.0,56,moderate,16.6,67.4,8.2,2026,7,1,23,wednesday,summer,117137.0,269.0,0,Evening,3.0,Moderate,Moderate,Low
india,punjab,khanna,"kalal majra, khanna - ppcb",2026-07-01 23:00:00.000000000,30.736056,76.209694,co,52.0,54.0,53.0,67,moderate,26.3,40.0,28.7,2026,7,1,23,wednesday,summer,117137.0,269.0,0,Evening,2.0,Warm,Moderate,High
india,punjab,ludhiana,"punjab agricultural university, ludhiana - ppcb",2026-07-01 23:00:00.000000000,30.9028,75.8086,no2,37.0,44.0,41.0,12,good,32.9,75.4,19.8,2026,7,1,23,wednesday,summer,1545368.0,256.0,0,Evening,7.0,Warm,High,Moderate
india,rajasthan,churu,"subash chowk, churu - rspcb",2026-07-01 23:00:00.000000000,28.296139,74.961696,pm10,91.0,418.0,183.0,169,unhealthy,17.9,71.9,17.9,2026,7,1,23,wednesday,summer,103533.0,291.0,0,Evening,327.0,Moderate,High,Moderate
india,rajasthan,churu,"subash chowk, churu - rspcb",2026-07-01 23:00:00.000000000,28.296139,74.961696,co,28.0,52.0,37.0,39,good,20.9,41.3,9.4,2026,7,1,23,wednesday,summer,103533.0,291.0,0,Evening,24.0,Moderate,Moderate,Low
india,rajasthan,dausa,"khatikan mohalla, dausa - rspcb",2026-07-01 23:00:00.000000000,26.895552,76.334753,no2,14.0,47.0,27.0,16,good,34.6,87.5,25.4,2026,7,1,23,wednesday,summer,73034.0,353.0,0,Evening,33.0,Warm,High,High
india,rajasthan,dausa,"khatikan mohalla, dausa - rspcb",2026-07-01 23:00:00.000000000,26.895552,76.334753,co,18.0,64.0,37.0,17,good,20.7,32.8,19.5,2026,7,1,23,wednesday,summer,73034.0,353.0,0,Evening,46.0,Moderate,Low,Moderate
india,rajasthan,dholpur,"raja ganj, dholpur - rspcb",2026-07-01 23:00:00.000000000,26.699557,77.898881,pm2.5,11.5,37.0,22.0,372,hazardous,27.3,43.4,29.1,2026,7,1,23,wednesday,summer,102462.0,173.0,0,Evening,25.5,Warm,Moderate,High
india,rajasthan,dholpur,"raja ganj, dholpur - rspcb",2026-07-01 23:00:00.000000000,26.699557,77.898881,nh3,5.0,10.0,7.0,5,good,32.3,33.6,19.0,2026,7,1,23,wednesday,summer,102462.0,173.0,0,Evening,5.0,Warm,Low,Moderate
india,rajasthan,dholpur,"raja ganj, dholpur - rspcb",2026-07-01 23:00:00.000000000,26.699557,77.898881,so2,2.0,15.0,9.0,42,good,35.5,93.5,1.6,2026,7,1,23,wednesday,summer,102462.0,173.0,0,Evening,13.0,Hot,High,Low
india,rajasthan,dungarpur,"bhoiwada, dungarpur - rspcb",2026-07-01 23:00:00.000000000,23.837789,73.714926,pm2.5,17.0,78.0,33.0,5,good,36.1,84.2,0.0,2026,7,1,23,wednesday,summer,6105.0,139.0,0,Evening,61.0,Hot,High,Low
india,rajasthan,jaipur,"shastri nagar, jaipur - rspcb",2026-07-01 23:00:00.000000000,26.9502929,75.730943,ozone,35.0,55.0,43.0,14,good,17.5,39.5,12.3,2026,7,1,23,wednesday,summer,2711758.0,435.0,0,Evening,20.0,Moderate,Low,Moderate
india,rajasthan,jaipur,"sector-2 murlipura, jaipur - rspcb",2026-07-01 23:00:00.000000000,26.960669,75.771817,pm10,53.0,138.0,96.0,99,moderate,31.9,92.9,18.9,2026,7,1,23,wednesday,summer,2711758.0,435.0,0,Evening,85.0,Warm,High,Moderate
india,rajasthan,jaipur,"police commissionerate, jaipur - rspcb",2026-07-01 23:00:00.000000000,26.9164092,75.7994901,pm10,45.0,114.0,83.0,89,moderate,33.5,82.1,24.8,2026,7,1,23,wednesday,summer,2711758.0,435.0,0,Evening,69.0,Warm,High,High
india,rajasthan,jaipur,"police commissionerate, jaipur - rspcb",2026-07-01 23:00:00.000000000,26.9164092,75.7994901,nh3,4.0,15.0,9.0,12,good,37.5,83.4,27.4,2026,7,1,23,wednesday,summer,2711758.0,435.0,0,Evening,11.0,Hot,High,High
india,rajasthan,jaipur,"police commissionerate, jaipur - rspcb",2026-07-01 23:00:00.000000000,26.9164092,75.7994901,so2,10.0,20.0,14.0,31,good,20.2,77.4,16.4,2026,7,1,23,wednesday,summer,2711758.0,435.0,0,Evening,10.0,Moderate,High,Moderate
india,rajasthan,jaipur,"adarsh nagar, jaipur - rspcb",2026-07-01 23:00:00.000000000,26.902909,75.836858,pm2.5,47.0,88.0,65.0,85,moderate,16.4,31.5,8.1,2026,7,1,23,wednesday,summer,2711758.0,435.0,0,Evening,41.0,Moderate,Low,Low
india,rajasthan,jaipur,"adarsh nagar, jaipur - rspcb",2026-07-01 23:00:00.000000000,26.902909,75.836858,no2,10.0,56.0,21.0,9,good,18.0,34.3,16.5,2026,7,1,23,wednesday,summer,2711758.0,435.0,0,Evening,46.0,Moderate,Low,Moderate
india,rajasthan,jaipur,"adarsh nagar, jaipur - rspcb",2026-07-01 23:00:00.000000000,26.902909,75.836858,nh3,4.0,9.0,5.0,48,good,29.3,55.6,4.5,2026,7,1,23,wednesday,summer,2711758.0,435.0,0,Evening,5.0,Warm,Moderate,Low
india,rajasthan,jaipur,"adarsh nagar, jaipur - rspcb",2026-07-01 23:00:00.000000000,26.902909,75.836858,co,35.0,52.0,44.0,8,good,21.8,78.5,28.9,2026,7,1,23,wednesday,summer,2711758.0,435.0,0,Evening,17.0,Moderate,High,High
india,punjab,patiala,"model town, patiala - ppcb",2026-07-01 23:00:00.000000000,30.349388,76.366642,pm2.5,27.0,72.0,40.0,8,good,38.7,63.4,10.0,2026,7,1,23,wednesday,summer,329224.0,258.0,0,Evening,45.0,Hot,Moderate,Moderate
india,punjab,patiala,"model town, patiala - ppcb",2026-07-01 23:00:00.000000000,30.349388,76.366642,pm10,54.0,141.0,74.0,60,moderate,39.8,90.9,22.3,2026,7,1,23,wednesday,summer,329224.0,258.0,0,Evening,87.0,Hot,High,High
india,punjab,patiala,"model town, patiala - ppcb",2026-07-01 23:00:00.000000000,30.349388,76.366642,no2,16.0,19.0,18.0,6,good,17.1,45.1,1.2,2026,7,1,23,wednesday,summer,329224.0,258.0,0,Evening,3.0,Moderate,Moderate,Low
india,punjab,rupnagar,"ratanpura, rupnagar - ambuja cements",2026-07-01 23:00:00.000000000,31.0325454,76.5623046,nh3,24.0,50.5,35.0,350,hazardous,31.9,31.8,0.2,2026,7,1,23,wednesday,summer,52313.0,287.0,0,Evening,26.5,Warm,Low,Low
india,rajasthan,ajmer,"civil lines,  ajmer - rspcb",2026-07-01 23:00:00.000000000,26.470859,74.646594,pm2.5,32.0,82.0,52.0,84,moderate,23.9,80.0,29.7,2026,7,1,23,wednesday,summer,517911.0,475.0,0,Evening,50.0,Moderate,High,High
india,rajasthan,ajmer,"civil lines,  ajmer - rspcb",2026-07-01 23:00:00.000000000,26.470859,74.646594,pm10,79.0,144.0,104.0,135,unhealthy for sensitive groups,39.5,71.9,18.2,2026,7,1,23,wednesday,summer,517911.0,475.0,0,Evening,65.0,Hot,High,Moderate
india,rajasthan,ajmer,"civil lines,  ajmer - rspcb",2026-07-01 23:00:00.000000000,26.470859,74.646594,so2,21.0,27.0,25.0,19,good,18.7,74.7,20.0,2026,7,1,23,wednesday,summer,517911.0,475.0,0,Evening,6.0,Moderate,High,High
india,rajasthan,banswara,"rati talai, banswara - rspcb",2026-07-01 23:00:00.000000000,23.55519,74.44001,no2,14.0,46.0,28.0,31,good,25.4,82.8,3.6,2026,7,1,23,wednesday,summer,93648.0,227.0,0,Evening,32.0,Warm,High,Low
india,rajasthan,banswara,"rati talai, banswara - rspcb",2026-07-01 23:00:00.000000000,23.55519,74.44001,so2,2.0,41.0,5.0,0,good,36.2,60.5,26.7,2026,7,1,23,wednesday,summer,93648.0,227.0,0,Evening,39.0,Hot,Moderate,High
india,rajasthan,banswara,"rati talai, banswara - rspcb",2026-07-01 23:00:00.000000000,23.55519,74.44001,ozone,27.0,56.0,45.0,36,good,36.5,63.6,3.8,2026,7,1,23,wednesday,summer,93648.0,227.0,0,Evening,29.0,Hot,Moderate,Low
india,rajasthan,baran,"bamboliya, baran - rspcb",2026-07-01 23:00:00.000000000,25.106006,76.469948,co,42.0,48.0,45.0,38,good,18.1,55.0,27.7,2026,7,1,23,wednesday,summer,87478.0,271.0,0,Evening,6.0,Moderate,Moderate,High
india,rajasthan,barmer,"railway colony, barmer - rspcb",2026-07-01 23:00:00.000000000,25.747299,71.393989,nh3,3.0,5.0,3.0,33,good,24.3,59.4,29.0,2026,7,1,23,wednesday,summer,89487.0,202.0,0,Evening,2.0,Moderate,Moderate,High
india,rajasthan,barmer,"railway colony, barmer - rspcb",2026-07-01 23:00:00.000000000,25.747299,71.393989,so2,2.5,17.0,7.5,435,hazardous,27.5,38.1,6.7,2026,7,1,23,wednesday,summer,89487.0,202.0,0,Evening,14.5,Warm,Low,Low
india,rajasthan,bharatpur,"krishna nagar, bharatpur - rspcb",2026-07-01 23:00:00.000000000,27.215415,77.50873,pm2.5,2.0,29.0,12.0,1,good,26.0,93.8,27.8,2026,7,1,23,wednesday,summer,229384.0,180.0,0,Evening,27.0,Warm,High,High
india,rajasthan,jaipur,"adarsh nagar, jaipur - rspcb",2026-07-01 23:00:00.000000000,26.902909,75.836858,ozone,27.0,70.0,52.0,75,moderate,27.7,86.0,14.3,2026,7,1,23,wednesday,summer,2711758.0,435.0,0,Evening,43.0,Warm,High,Moderate
india,rajasthan,jaipur,"riico sitapura, jaipur - rspcb",2026-07-01 23:00:00.000000000,26.786682,75.827928,co,21.0,38.0,29.0,25,good,31.0,73.7,1.1,2026,7,1,23,wednesday,summer,2711758.0,435.0,0,Evening,17.0,Warm,High,Low
india,rajasthan,jaipur,"riico sitapura, jaipur - rspcb",2026-07-01 23:00:00.000000000,26.786682,75.827928,ozone,19.0,36.0,26.0,39,good,26.5,54.6,18.3,2026,7,1,23,wednesday,summer,2711758.0,435.0,0,Evening,17.0,Warm,Moderate,Moderate
india,rajasthan,jaipur,"mansarovar sector-12, jaipur - rspcb",2026-07-01 23:00:00.000000000,26.843698,75.766894,pm2.5,12.0,47.0,30.0,8,good,35.0,89.5,3.2,2026,7,1,23,wednesday,summer,2711758.0,435.0,0,Evening,35.0,Hot,High,Low
india,rajasthan,jaisalmer,"sadar bazar, jaisalmer - rspcb",2026-07-01 23:00:00.000000000,26.912329,70.909168,nh3,5.0,9.0,7.0,31,good,34.4,74.3,17.8,2026,7,1,23,wednesday,summer,67604.0,234.0,0,Evening,4.0,Warm,High,Moderate
india,rajasthan,jaisalmer,"sadar bazar, jaisalmer - rspcb",2026-07-01 23:00:00.000000000,26.912329,70.909168,co,7.0,11.0,10.0,25,good,30.4,65.6,24.5,2026,7,1,23,wednesday,summer,67604.0,234.0,0,Evening,4.0,Warm,Moderate,High
india,rajasthan,jhunjhunu,"indra nagar, jhunjhunu - rspcb",2026-07-01 23:00:00.000000000,28.108988,75.386577,nh3,5.0,10.0,7.0,11,good,23.4,62.9,1.6,2026,7,1,23,wednesday,summer,113193.0,343.0,0,Evening,5.0,Moderate,Moderate,Low
india,rajasthan,jodhpur,"samrat ashok udhyan, jodhpur - rspcb",2026-07-01 23:00:00.000000000,26.253384,72.976571,pm2.5,8.0,47.0,24.0,47,good,29.1,41.6,18.3,2026,7,1,23,wednesday,summer,47329.0,99.0,0,Evening,39.0,Warm,Moderate,Moderate
india,rajasthan,jodhpur,"digari kalan, jodhpur - rspcb",2026-07-01 23:00:00.000000000,26.29581,73.082283,pm2.5,13.0,52.0,23.0,20,good,33.6,55.5,3.0,2026,7,1,23,wednesday,summer,47329.0,99.0,0,Evening,39.0,Warm,Moderate,Low
india,rajasthan,jodhpur,"digari kalan, jodhpur - rspcb",2026-07-01 23:00:00.000000000,26.29581,73.082283,co,16.0,21.0,18.0,36,good,22.7,42.3,1.9,2026,7,1,23,wednesday,summer,47329.0,99.0,0,Evening,5.0,Moderate,Moderate,Low
india,rajasthan,jodhpur,"collectorate, jodhpur - rspcb",2026-07-01 23:00:00.000000000,26.268249,73.0193853,no2,12.0,27.0,22.0,2,good,34.4,40.3,6.5,2026,7,1,23,wednesday,summer,47329.0,99.0,0,Evening,15.0,Warm,Moderate,Low
india,odisha,barbil,"forest office, barbil - ospcb",2026-07-01 23:00:00.000000000,22.1166054,85.3945546,so2,6.0,13.0,9.0,13,good,16.4,78.6,2.7,2026,7,1,23,wednesday,summer,52586.0,457.0,0,Evening,7.0,Moderate,High,Low
india,odisha,bhubaneswar,"patia, bhubaneswar - ospcb",2026-07-01 23:00:00.000000000,20.34652,85.8163,pm2.5,23.0,42.0,34.0,40,good,28.4,65.2,17.5,2026,7,1,23,wednesday,summer,762243.0,62.0,0,Evening,19.0,Warm,Moderate,Moderate
india,odisha,bhubaneswar,"patia, bhubaneswar - ospcb",2026-07-01 23:00:00.000000000,20.34652,85.8163,pm10,21.0,64.0,36.0,39,good,29.1,39.6,3.8,2026,7,1,23,wednesday,summer,762243.0,62.0,0,Evening,43.0,Warm,Low,Low
india,odisha,bhubaneswar,"lingraj mandir, bhubaneswar - ospcb",2026-07-01 23:00:00.000000000,20.24079,85.836784,co,56.0,70.0,63.0,86,moderate,18.1,46.5,9.8,2026,7,1,23,wednesday,summer,762243.0,62.0,0,Evening,14.0,Moderate,Moderate,Low
india,odisha,brajrajnagar,"gm office, brajrajnagar - ospcb",2026-07-01 23:00:00.000000000,21.8004996,83.8396977,pm2.5,8.0,48.0,25.0,7,good,18.5,50.1,14.3,2026,7,1,23,wednesday,summer,79421.0,219.0,0,Evening,40.0,Moderate,Moderate,Moderate
india,odisha,brajrajnagar,"gm office, brajrajnagar - ospcb",2026-07-01 23:00:00.000000000,21.8004996,83.8396977,ozone,43.0,47.0,44.0,24,good,35.5,50.7,6.4,2026,7,1,23,wednesday,summer,79421.0,219.0,0,Evening,4.0,Hot,Moderate,Low
india,odisha,rairangpur,"divisional forest office, rairangpur - ospcb",2026-07-01 23:00:00.000000000,22.265816,86.174829,pm10,46.0,68.0,58.0,92,moderate,22.9,57.0,17.1,2026,7,1,23,wednesday,summer,23072.0,268.0,0,Evening,22.0,Moderate,Moderate,Moderate
india,odisha,rourkela,"fertilizer township, rourkela - ospcb",2026-07-01 23:00:00.000000000,22.18972222,84.86277778,co,14.0,92.0,30.0,7,good,22.8,35.5,8.1,2026,7,1,23,wednesday,summer,536450.0,195.0,0,Evening,78.0,Moderate,Low,Low
india,meghalaya,shillong,"lumpyngngad, shillong - meghalaya pcb",2026-07-01 23:00:00.000000000,25.5586,91.8985,no2,0.0,2.0,0.0,29,good,28.7,64.6,18.0,2026,7,1,23,wednesday,summer,132842.0,1507.0,0,Evening,2.0,Warm,Moderate,Moderate
india,meghalaya,shillong,"lumpyngngad, shillong - meghalaya pcb",2026-07-01 23:00:00.000000000,25.5586,91.8985,co,10.0,20.0,14.0,25,good,39.1,55.0,9.8,2026,7,1,23,wednesday,summer,132842.0,1507.0,0,Evening,10.0,Hot,Moderate,Low
india,meghalaya,shillong,"jn stadium, shillong - meghalaya pcb",2026-07-01 23:00:00.000000000,25.5803419,91.8942571,so2,11.5,47.5,24.0,475,hazardous,27.4,64.4,3.6,2026,7,1,23,wednesday,summer,132842.0,1507.0,0,Evening,36.0,Warm,Moderate,Low
india,meghalaya,shillong,"jn stadium, shillong - meghalaya pcb",2026-07-01 23:00:00.000000000,25.5803419,91.8942571,co,13.0,75.0,34.0,8,good,38.5,37.1,5.9,2026,7,1,23,wednesday,summer,132842.0,1507.0,0,Evening,62.0,Hot,Low,Low
india,mizoram,aizawl,"sikulpuikawn, aizawl - mizoram pcb",2026-07-01 23:00:00.000000000,23.7176342,92.7192841,nh3,0.0,0.0,0.0,8,good,35.1,43.4,11.9,2026,7,1,23,wednesday,summer,265331.0,1080.0,0,Evening,0.0,Hot,Moderate,Moderate
india,nagaland,kohima,"pwd junction, kohima - npcb",2026-07-01 23:00:00.000000000,25.6635413,94.0989878,pm10,4.0,20.0,10.0,28,good,33.0,50.6,21.2,2026,7,1,23,wednesday,summer,92113.0,1463.0,0,Evening,16.0,Warm,Moderate,High
india,nagaland,kohima,"pwd junction, kohima - npcb",2026-07-01 23:00:00.000000000,25.6635413,94.0989878,no2,3.0,4.0,3.0,45,good,24.2,43.1,0.7,2026,7,1,23,wednesday,summer,92113.0,1463.0,0,Evening,1.0,Moderate,Moderate,Low
india,odisha,balasore,"kalidaspur, balasore - ospcb",2026-07-01 23:00:00.000000000,21.51161,86.89088,pm2.5,2.0,47.0,23.0,25,good,32.3,79.0,2.0,2026,7,1,23,wednesday,summer,114321.0,22.0,0,Evening,45.0,Warm,High,Low
india,odisha,balasore,"kalidaspur, balasore - ospcb",2026-07-01 23:00:00.000000000,21.51161,86.89088,no2,2.0,45.0,13.0,18,good,20.6,49.8,17.8,2026,7,1,23,wednesday,summer,114321.0,22.0,0,Evening,43.0,Moderate,Moderate,Moderate
india,maharashtra,pune,"mhada colony, pune - iitm",2026-07-01 23:00:00.000000000,18.57304,73.927715,pm10,17.0,56.0,35.0,8,good,36.5,58.2,27.8,2026,7,1,23,wednesday,summer,2935744.0,554.0,0,Evening,39.0,Hot,Moderate,High
india,maharashtra,sangli,"vijay nagar, sangli - mpcb",2026-07-01 23:00:00.000000000,16.5038,74.3623,pm2.5,5.0,20.0,13.0,40,good,27.8,34.0,22.3,2026,7,1,23,wednesday,summer,601214.0,553.0,0,Evening,15.0,Warm,Low,High
india,maharashtra,sangli,"vijay nagar, sangli - mpcb",2026-07-01 23:00:00.000000000,16.5038,74.3623,no2,6.0,9.0,7.0,45,good,19.2,88.1,27.5,2026,7,1,23,wednesday,summer,601214.0,553.0,0,Evening,3.0,Moderate,High,High
india,maharashtra,satara,"koyana nagar, satara - mpcb",2026-07-01 23:00:00.000000000,17.696651,74.003387,pm10,1.0,69.0,27.0,11,good,34.2,38.1,13.7,2026,7,1,23,wednesday,summer,112793.0,709.0,0,Evening,68.0,Warm,Low,Moderate
india,maharashtra,solapur,"ratandeep housing society, solapur - mpcb",2026-07-01 23:00:00.000000000,17.65439,75.90649,pm10,5.5,61.0,27.75,387,hazardous,34.2,93.9,13.6,2026,7,1,23,wednesday,summer,997281.0,473.0,0,Evening,55.5,Warm,High,Moderate
india,maharashtra,solapur,"ratandeep housing society, solapur - mpcb",2026-07-01 23:00:00.000000000,17.65439,75.90649,nh3,10.0,53.0,28.5,433,hazardous,23.3,34.7,23.0,2026,7,1,23,wednesday,summer,997281.0,473.0,0,Evening,43.0,Moderate,Low,High
india,maharashtra,solapur,"ratandeep housing society, solapur - mpcb",2026-07-01 23:00:00.000000000,17.65439,75.90649,so2,14.5,45.0,29.25,460,hazardous,25.0,50.1,4.4,2026,7,1,23,wednesday,summer,997281.0,473.0,0,Evening,30.5,Warm,Moderate,Low
india,maharashtra,solapur,"ratandeep housing society, solapur - mpcb",2026-07-01 23:00:00.000000000,17.65439,75.90649,co,19.0,37.0,30.0,40,good,21.5,87.8,10.3,2026,7,1,23,wednesday,summer,997281.0,473.0,0,Evening,18.0,Moderate,High,Moderate
india,maharashtra,ulhasnagar,"sidhi vinayak nagar, ulhasnagar - mpcb",2026-07-01 23:00:00.000000000,19.235581,73.159121,pm2.5,18.0,42.0,30.0,23,good,18.7,55.6,14.0,2026,7,1,23,wednesday,summer,516584.0,10.0,0,Evening,24.0,Moderate,Moderate,Moderate
india,maharashtra,ulhasnagar,"sidhi vinayak nagar, ulhasnagar - mpcb",2026-07-01 23:00:00.000000000,19.235581,73.159121,pm10,24.0,57.0,40.0,7,good,31.0,79.0,14.1,2026,7,1,23,wednesday,summer,516584.0,10.0,0,Evening,33.0,Warm,High,Moderate
india,maharashtra,ulhasnagar,"sidhi vinayak nagar, ulhasnagar - mpcb",2026-07-01 23:00:00.000000000,19.235581,73.159121,ozone,13.0,42.0,25.0,45,good,28.7,72.0,2.1,2026,7,1,23,wednesday,summer,516584.0,10.0,0,Evening,29.0,Warm,High,Low
india,maharashtra,pune,"revenue colony-shivajinagar, pune - iitm",2026-07-01 23:00:00.000000000,18.530085,73.849598,pm2.5,11.0,34.0,19.0,46,good,17.7,33.7,7.5,2026,7,1,23,wednesday,summer,2935744.0,554.0,0,Evening,23.0,Moderate,Low,Low
india,maharashtra,pune,"revenue colony-shivajinagar, pune - iitm",2026-07-01 23:00:00.000000000,18.530085,73.849598,co,20.0,41.0,29.0,3,good,36.5,38.7,1.4,2026,7,1,23,wednesday,summer,2935744.0,554.0,0,Evening,21.0,Hot,Low,Low
india,maharashtra,pune,"savitribai phule pune university, pune - mpcb",2026-07-01 23:00:00.000000000,18.547056,73.826908,pm2.5,8.0,10.0,9.0,49,good,38.8,92.8,13.7,2026,7,1,23,wednesday,summer,2935744.0,554.0,0,Evening,2.0,Hot,High,Moderate
india,maharashtra,pune,"dhankawadi, pune - iitm",2026-07-01 23:00:00.000000000,18.459883,73.852193,pm2.5,5.5,15.5,13.5,401,hazardous,31.1,63.6,9.6,2026,7,1,23,wednesday,summer,2935744.0,554.0,0,Evening,10.0,Warm,Moderate,Low
india,maharashtra,pune,"dhankawadi, pune - iitm",2026-07-01 23:00:00.000000000,18.459883,73.852193,no2,3.0,21.0,18.0,46,good,39.3,80.0,1.9,2026,7,1,23,wednesday,summer,2935744.0,554.0,0,Evening,18.0,Hot,High,Low
india,maharashtra,pune,"dhankawadi, pune - iitm",2026-07-01 23:00:00.000000000,18.459883,73.852193,nh3,2.333333333333333,21.0,14.666666666666666,369,hazardous,17.6,41.0,27.4,2026,7,1,23,wednesday,summer,2935744.0,554.0,0,Evening,18.666666666666668,Moderate,Moderate,High
india,maharashtra,pune,"katraj dairy, pune - mpcb",2026-07-01 23:00:00.000000000,18.45445,73.854155,no2,1.6666666666666667,21.0,11.333333333333332,438,hazardous,23.3,43.6,20.8,2026,7,1,23,wednesday,summer,2935744.0,554.0,0,Evening,19.333333333333332,Moderate,Moderate,High
india,rajasthan,bharatpur,"krishna nagar, bharatpur - rspcb",2026-07-01 23:00:00.000000000,27.215415,77.50873,no2,1.0,21.0,8.0,37,good,16.2,50.4,28.7,2026,7,1,23,wednesday,summer,229384.0,180.0,0,Evening,20.0,Moderate,Moderate,High
india,rajasthan,bharatpur,"krishna nagar, bharatpur - rspcb",2026-07-01 23:00:00.000000000,27.215415,77.50873,ozone,26.0,77.0,50.0,25,good,20.3,81.1,20.8,2026,7,1,23,wednesday,summer,229384.0,180.0,0,Evening,51.0,Moderate,High,High
india,rajasthan,bhilwara,"pratap nagar, bhilwara - rspcb",2026-07-01 23:00:00.000000000,25.339605,74.618883,pm10,44.0,116.0,87.0,61,moderate,23.9,66.3,8.9,2026,7,1,23,wednesday,summer,326431.0,419.0,0,Evening,72.0,Moderate,Moderate,Low
india,rajasthan,bhiwadi,"riico ind. area iii, bhiwadi - rspcb",2026-07-01 23:00:00.000000000,28.194909,76.862296,pm10,54.0,175.0,101.0,107,unhealthy for sensitive groups,23.4,69.3,1.1,2026,7,1,23,wednesday,summer,33831.0,268.0,0,Evening,121.0,Moderate,Moderate,Low
india,rajasthan,bhiwadi,"riico ind. area iii, bhiwadi - rspcb",2026-07-01 23:00:00.000000000,28.194909,76.862296,ozone,6.0,31.0,14.0,14,good,37.5,53.2,28.1,2026,7,1,23,wednesday,summer,33831.0,268.0,0,Evening,25.0,Hot,Moderate,High
india,rajasthan,bhiwadi,"vasundhara nagar_uit, bhiwadi - rspcb",2026-07-01 23:00:00.000000000,28.207266,76.829265,pm2.5,42.0,500.0,225.0,251,very unhealthy,36.6,82.5,1.4,2026,7,1,23,wednesday,summer,33831.0,268.0,0,Evening,458.0,Hot,High,Low
india,rajasthan,bikaner,"mm ground, bikaner - rspcb",2026-07-01 23:00:00.000000000,28.018792,73.292658,ozone,21.0,45.0,33.0,38,good,23.9,57.8,16.9,2026,7,1,23,wednesday,summer,576015.0,229.0,0,Evening,24.0,Moderate,Moderate,Moderate
india,rajasthan,chittorgarh,"shastri nagar, chittorgarh - rspcb",2026-07-01 23:00:00.000000000,24.892047,74.623527,pm2.5,10.0,98.0,48.0,21,good,31.1,34.4,24.2,2026,7,1,23,wednesday,summer,106710.0,405.0,0,Evening,88.0,Warm,Low,High
india,telangana,hyderabad,"new malakpet, hyderabad - tspcb",2026-07-01 23:00:00.000000000,17.37206,78.50864,no2,10.0,15.0,12.0,8,good,21.0,57.9,26.3,2026,7,1,23,wednesday,summer,3597816.0,515.0,0,Evening,5.0,Moderate,Moderate,High
india,telangana,hyderabad,"new malakpet, hyderabad - tspcb",2026-07-01 23:00:00.000000000,17.37206,78.50864,so2,7.0,12.0,9.0,49,good,24.7,56.0,29.8,2026,7,1,23,wednesday,summer,3597816.0,515.0,0,Evening,5.0,Moderate,Moderate,High
india,telangana,hyderabad,"ramachandrapuram, hyderabad - tspcb",2026-07-01 23:00:00.000000000,17.528544,78.286195,co,27.0,34.0,29.0,16,good,39.4,68.8,13.1,2026,7,1,23,wednesday,summer,3597816.0,515.0,0,Evening,7.0,Hot,Moderate,Moderate
india,telangana,hyderabad,"sanathnagar, hyderabad - tspcb",2026-07-01 23:00:00.000000000,17.4559458,78.4332152,pm10,30.5,38.0,33.5,364,hazardous,34.1,49.3,0.8,2026,7,1,23,wednesday,summer,3597816.0,515.0,0,Evening,7.5,Warm,Moderate,Low
india,telangana,hyderabad,"sanathnagar, hyderabad - tspcb",2026-07-01 23:00:00.000000000,17.4559458,78.4332152,no2,34.0,42.0,38.0,35,good,29.1,50.5,11.6,2026,7,1,23,wednesday,summer,3597816.0,515.0,0,Evening,8.0,Warm,Moderate,Moderate
india,telangana,hyderabad,"sanathnagar, hyderabad - tspcb",2026-07-01 23:00:00.000000000,17.4559458,78.4332152,co,32.0,40.0,36.0,50,good,37.9,88.6,28.0,2026,7,1,23,wednesday,summer,3597816.0,515.0,0,Evening,8.0,Hot,High,High
india,telangana,hyderabad,"kompally municipal office, hyderabad - tspcb",2026-07-01 23:00:00.000000000,17.544899,78.486949,pm2.5,23.0,37.0,29.5,304,hazardous,23.6,94.5,27.2,2026,7,1,23,wednesday,summer,3597816.0,515.0,0,Evening,14.0,Moderate,High,High
india,telangana,hyderabad,"kompally municipal office, hyderabad - tspcb",2026-07-01 23:00:00.000000000,17.544899,78.486949,ozone,14.0,34.0,23.0,12,good,38.8,62.6,22.9,2026,7,1,23,wednesday,summer,3597816.0,515.0,0,Evening,20.0,Hot,Moderate,High
india,telangana,hyderabad,"ida pashamylaram, hyderabad - tspcb",2026-07-01 23:00:00.000000000,17.5316895,78.218939,pm2.5,2.0,16.0,9.0,4,good,27.1,51.1,2.7,2026,7,1,23,wednesday,summer,3597816.0,515.0,0,Evening,14.0,Warm,Moderate,Low
india,telangana,hyderabad,"ida pashamylaram, hyderabad - tspcb",2026-07-01 23:00:00.000000000,17.5316895,78.218939,nh3,1.0,2.0,1.0,26,good,27.9,92.8,17.4,2026,7,1,23,wednesday,summer,3597816.0,515.0,0,Evening,1.0,Warm,High,Moderate
india,telangana,hyderabad,"zoo park, hyderabad - tspcb",2026-07-01 23:00:00.000000000,17.349694,78.451437,no2,6.0,8.0,7.0,6,good,33.8,30.2,20.5,2026,7,1,23,wednesday,summer,3597816.0,515.0,0,Evening,2.0,Warm,Low,High
india,telangana,hyderabad,"zoo park, hyderabad - tspcb",2026-07-01 23:00:00.000000000,17.349694,78.451437,ozone,22.0,24.0,23.0,22,good,28.5,51.8,1.8,2026,7,1,23,wednesday,summer,3597816.0,515.0,0,Evening,2.0,Warm,Moderate,Low
india,telangana,hyderabad,"ecil kapra, hyderabad - tspcb",2026-07-01 23:00:00.000000000,17.470431,78.566959,pm10,56.0,67.0,64.0,74,moderate,21.5,46.0,24.6,2026,7,1,23,wednesday,summer,3597816.0,515.0,0,Evening,11.0,Moderate,Moderate,High
india,telangana,hyderabad,"nacharam_tsiic iala, hyderabad - tspcb",2026-07-01 23:00:00.000000000,17.429398,78.569354,pm2.5,29.0,59.0,44.0,16,good,27.0,63.0,16.4,2026,7,1,23,wednesday,summer,3597816.0,515.0,0,Evening,30.0,Warm,Moderate,Moderate
india,telangana,hyderabad,"nacharam_tsiic iala, hyderabad - tspcb",2026-07-01 23:00:00.000000000,17.429398,78.569354,so2,11.0,16.0,13.0,31,good,40.0,30.4,26.5,2026,7,1,23,wednesday,summer,3597816.0,515.0,0,Evening,5.0,Hot,Low,High
india,telangana,hyderabad,"nacharam_tsiic iala, hyderabad - tspcb",2026-07-01 23:00:00.000000000,17.429398,78.569354,ozone,16.0,26.0,20.0,6,good,34.8,53.2,27.5,2026,7,1,23,wednesday,summer,3597816.0,515.0,0,Evening,10.0,Warm,Moderate,High
india,telangana,hyderabad,"somajiguda, hyderabad - tspcb",2026-07-01 23:00:00.000000000,17.417094,78.457437,ozone,20.0,27.0,23.0,38,good,38.2,71.8,23.5,2026,7,1,23,wednesday,summer,3597816.0,515.0,0,Evening,7.0,Hot,High,High
india,uttar pradesh,jhansi,"shivaji nagar, jhansi - uppcb",2026-07-01 23:00:00.000000000,25.4547,78.6039,so2,15.0,22.0,17.0,16,good,21.6,54.3,12.8,2026,7,1,23,wednesday,summer,412927.0,248.0,0,Evening,7.0,Moderate,Moderate,Moderate
india,uttar pradesh,kanpur,"nsi kalyanpur, kanpur - uppcb",2026-07-01 23:00:00.000000000,26.509954,80.249612,pm10,30.0,77.0,51.0,96,moderate,39.6,89.9,9.7,2026,7,1,23,wednesday,summer,2823249.0,137.0,0,Evening,47.0,Hot,High,Low
india,uttar pradesh,kanpur,"nsi kalyanpur, kanpur - uppcb",2026-07-01 23:00:00.000000000,26.509954,80.249612,nh3,2.0,2.0,2.0,48,good,18.1,66.5,21.1,2026,7,1,23,wednesday,summer,2823249.0,137.0,0,Evening,0.0,Moderate,Moderate,High
india,uttar pradesh,khurja,"kalindi kunj, khurja - uppcb",2026-07-01 23:00:00.000000000,28.2348927,77.8683002,no2,12.0,13.0,12.0,32,good,38.3,47.8,27.4,2026,7,1,23,wednesday,summer,105909.0,205.0,0,Evening,1.0,Hot,Moderate,High
india,uttar pradesh,khurja,"kalindi kunj, khurja - uppcb",2026-07-01 23:00:00.000000000,28.2348927,77.8683002,ozone,22.0,23.0,22.0,46,good,39.9,64.3,20.9,2026,7,1,23,wednesday,summer,105909.0,205.0,0,Evening,1.0,Hot,Moderate,High
india,uttar pradesh,lucknow,"talkatora district industries center, lucknow - cpcb",2026-07-01 23:00:00.000000000,26.83399722,80.8917361,pm10,41.0,81.0,62.0,77,moderate,27.4,55.1,29.0,2026,7,1,23,wednesday,summer,2472011.0,126.0,0,Evening,40.0,Warm,Moderate,High
india,uttar pradesh,lucknow,"talkatora district industries center, lucknow - cpcb",2026-07-01 23:00:00.000000000,26.83399722,80.8917361,no2,28.0,35.0,30.0,20,good,24.4,87.4,16.3,2026,7,1,23,wednesday,summer,2472011.0,126.0,0,Evening,7.0,Moderate,High,Moderate
india,uttar pradesh,lucknow,"talkatora district industries center, lucknow - cpcb",2026-07-01 23:00:00.000000000,26.83399722,80.8917361,co,2.0,61.0,26.0,7,good,15.8,67.6,22.8,2026,7,1,23,wednesday,summer,2472011.0,126.0,0,Evening,59.0,Moderate,Moderate,High
india,uttar pradesh,lucknow,"talkatora district industries center, lucknow - cpcb",2026-07-01 23:00:00.000000000,26.83399722,80.8917361,ozone,35.0,85.0,55.0,100,moderate,28.2,82.1,29.8,2026,7,1,23,wednesday,summer,2472011.0,126.0,0,Evening,50.0,Warm,High,High
india,uttar pradesh,lucknow,"gomti nagar, lucknow - uppcb",2026-07-01 23:00:00.000000000,26.86812,81.005119,pm2.5,13.0,62.0,36.0,7,good,19.3,39.4,16.9,2026,7,1,23,wednesday,summer,2472011.0,126.0,0,Evening,49.0,Moderate,Low,Moderate
india,uttar pradesh,lucknow,"gomti nagar, lucknow - uppcb",2026-07-01 23:00:00.000000000,26.86812,81.005119,co,39.0,40.0,39.0,1,good,20.1,49.9,21.9,2026,7,1,23,wednesday,summer,2472011.0,126.0,0,Evening,1.0,Moderate,Moderate,High
india,uttar pradesh,lucknow,"b r ambedkar university, lucknow - uppcb",2026-07-01 23:00:00.000000000,26.766433,80.927299,pm2.5,19.0,195.0,44.0,46,good,37.3,48.7,12.1,2026,7,1,23,wednesday,summer,2472011.0,126.0,0,Evening,176.0,Hot,Moderate,Moderate
india,uttar pradesh,lucknow,"kukrail picnic spot-1, lucknow - uppcb",2026-07-01 23:00:00.000000000,26.90723,80.98579,no2,11.0,106.5,26.0,346,hazardous,25.0,33.2,17.7,2026,7,1,23,wednesday,summer,2472011.0,126.0,0,Evening,95.5,Warm,Low,Moderate
india,rajasthan,jodhpur,"collectorate, jodhpur - rspcb",2026-07-01 23:00:00.000000000,26.268249,73.0193853,so2,3.0,18.0,8.0,17,good,24.6,93.0,3.5,2026,7,1,23,wednesday,summer,47329.0,99.0,0,Evening,15.0,Moderate,High,Low
india,rajasthan,jodhpur,"jhalamand, jodhpur - rspcb",2026-07-01 23:00:00.000000000,26.215415,73.070156,nh3,3.0,4.0,3.0,8,good,22.8,89.5,8.3,2026,7,1,23,wednesday,summer,47329.0,99.0,0,Evening,1.0,Moderate,High,Low
india,rajasthan,jodhpur,"jhalamand, jodhpur - rspcb",2026-07-01 23:00:00.000000000,26.215415,73.070156,ozone,32.0,48.0,44.0,38,good,26.4,49.7,21.1,2026,7,1,23,wednesday,summer,47329.0,99.0,0,Evening,16.0,Warm,Moderate,High
india,rajasthan,kota,"nayapura, kota - rspcb",2026-07-01 23:00:00.000000000,25.196024,75.855668,no2,5.0,32.0,16.0,10,good,16.4,33.3,27.4,2026,7,1,23,wednesday,summer,763088.0,267.0,0,Evening,27.0,Moderate,Low,High
india,rajasthan,kota,"dhanmandi, kota - rspcb",2026-07-01 23:00:00.000000000,25.16409,75.858137,co,24.0,41.0,31.0,44,good,18.0,68.5,21.8,2026,7,1,23,wednesday,summer,763088.0,267.0,0,Evening,17.0,Moderate,Moderate,High
india,rajasthan,kota,"shrinath puram, kota - rspcb",2026-07-01 23:00:00.000000000,25.14389,75.821256,so2,9.0,19.0,12.0,30,good,28.2,57.2,21.4,2026,7,1,23,wednesday,summer,763088.0,267.0,0,Evening,10.0,Warm,Moderate,High
india,rajasthan,kota,"shrinath puram, kota - rspcb",2026-07-01 23:00:00.000000000,25.14389,75.821256,co,23.0,43.0,33.0,19,good,24.2,41.9,14.8,2026,7,1,23,wednesday,summer,763088.0,267.0,0,Evening,20.0,Moderate,Moderate,Moderate
india,rajasthan,kota,"shrinath puram, kota - rspcb",2026-07-01 23:00:00.000000000,25.14389,75.821256,ozone,8.0,10.0,9.0,35,good,39.4,50.5,7.8,2026,7,1,23,wednesday,summer,763088.0,267.0,0,Evening,2.0,Hot,Moderate,Low
india,rajasthan,nagaur,"karni colony, nagaur - rspcb",2026-07-01 23:00:00.000000000,27.213494,73.734444,ozone,21.0,49.0,34.0,21,good,26.9,33.8,22.9,2026,7,1,23,wednesday,summer,96847.0,305.0,0,Evening,28.0,Warm,Low,High
india,rajasthan,pali,"indira colony vistar, pali - rspcb",2026-07-01 23:00:00.000000000,25.771061,73.340227,co,16.0,17.0,16.0,16,good,27.5,38.3,6.7,2026,7,1,23,wednesday,summer,21287.0,467.0,0,Evening,1.0,Warm,Low,Low
india,rajasthan,pratapgarh,"pragati nagar, pratapgarh - rspcb",2026-07-01 23:00:00.000000000,24.041198,74.780702,pm10,32.0,227.0,77.0,66,moderate,15.2,64.7,10.5,2026,7,1,23,wednesday,summer,13672.0,101.0,0,Evening,195.0,Moderate,Moderate,Moderate
india,rajasthan,rajsamand,"dhoinda, rajsamand - rspcb",2026-07-01 23:00:00.000000000,25.03636,73.883502,co,1.0,6.0,4.0,44,good,25.3,30.1,12.6,2026,7,1,23,wednesday,summer,63414.0,548.0,0,Evening,5.0,Warm,Low,Moderate
india,rajasthan,rajsamand,"dhoinda, rajsamand - rspcb",2026-07-01 23:00:00.000000000,25.03636,73.883502,ozone,32.0,84.0,59.0,98,moderate,26.8,37.2,29.4,2026,7,1,23,wednesday,summer,63414.0,548.0,0,Evening,52.0,Warm,Low,High
india,rajasthan,sawai madhopur,"sahu nagar, sawai madhopur - rspcb",2026-07-01 23:00:00.000000000,26.031443,76.359327,nh3,2.0,3.0,2.0,15,good,29.1,72.5,0.1,2026,7,1,23,wednesday,summer,108612.0,257.0,0,Evening,1.0,Warm,High,Low
india,rajasthan,sawai madhopur,"sahu nagar, sawai madhopur - rspcb",2026-07-01 23:00:00.000000000,26.031443,76.359327,ozone,15.0,64.0,45.0,19,good,26.0,85.1,18.0,2026,7,1,23,wednesday,summer,108612.0,257.0,0,Evening,49.0,Warm,High,Moderate
india,rajasthan,sikar,"radhakishan pura, sikar - rspcb",2026-07-01 23:00:00.000000000,27.608912,75.153302,pm2.5,47.0,93.0,72.0,80,moderate,39.7,78.9,14.7,2026,7,1,23,wednesday,summer,199932.0,435.0,0,Evening,46.0,Hot,High,Moderate
india,rajasthan,sikar,"radhakishan pura, sikar - rspcb",2026-07-01 23:00:00.000000000,27.608912,75.153302,no2,3.0,14.0,8.0,38,good,27.1,68.4,8.1,2026,7,1,23,wednesday,summer,199932.0,435.0,0,Evening,11.0,Warm,Moderate,Low
india,rajasthan,sikar,"radhakishan pura, sikar - rspcb",2026-07-01 23:00:00.000000000,27.608912,75.153302,co,5.0,26.0,16.0,28,good,36.7,92.8,15.1,2026,7,1,23,wednesday,summer,199932.0,435.0,0,Evening,21.0,Hot,High,Moderate
india,rajasthan,sri ganganagar,"old city, sri ganganagar - rspcb",2026-07-01 23:00:00.000000000,29.931624,73.864511,so2,4.0,7.0,5.0,34,good,35.5,68.3,1.7,2026,7,1,23,wednesday,summer,231838.0,176.0,0,Evening,3.0,Hot,Moderate,Low
india,rajasthan,tonk,"shastri nagar, tonk - rspcb",2026-07-01 23:00:00.000000000,26.159933,75.780517,nh3,4.0,20.0,10.0,30,good,39.8,62.6,3.3,2026,7,1,23,wednesday,summer,151331.0,278.0,0,Evening,16.0,Hot,Moderate,Low
india,uttar pradesh,ghaziabad,"sanjay nagar, ghaziabad - uppcb",2026-07-01 23:00:00.000000000,28.685382,77.453839,co,18.0,52.0,35.0,50,good,23.9,73.6,1.3,2026,7,1,23,wednesday,summer,1199191.0,214.0,0,Evening,34.0,Moderate,High,Low
india,uttar pradesh,ghaziabad,"sanjay nagar, ghaziabad - uppcb",2026-07-01 23:00:00.000000000,28.685382,77.453839,ozone,16.0,41.0,31.0,2,good,18.9,50.7,14.3,2026,7,1,23,wednesday,summer,1199191.0,214.0,0,Evening,25.0,Moderate,Moderate,Moderate
india,uttar pradesh,ghaziabad,"vasundhara, ghaziabad - uppcb",2026-07-01 23:00:00.000000000,28.6603346,77.3572563,ozone,17.0,50.0,32.0,49,good,38.0,68.4,22.9,2026,7,1,23,wednesday,summer,1199191.0,214.0,0,Evening,33.0,Hot,Moderate,High
india,uttar pradesh,ghaziabad,"ved vihar-loni, ghaziabad - uppcb",2026-07-01 23:00:00.000000000,28.739153,77.273668,ozone,18.0,29.0,23.0,18,good,23.6,37.9,9.2,2026,7,1,23,wednesday,summer,1199191.0,214.0,0,Evening,11.0,Moderate,Low,Low
india,uttar pradesh,gorakhpur,"madan mohan malaviya university of technology, gorakhpur - uppcb",2026-07-01 23:00:00.000000000,26.730136,83.433859,pm2.5,33.0,62.0,46.0,25,good,31.8,43.4,8.2,2026,7,1,23,wednesday,summer,674246.0,83.0,0,Evening,29.0,Warm,Moderate,Low
india,uttar pradesh,gorakhpur,"madan mohan malaviya university of technology, gorakhpur - uppcb",2026-07-01 23:00:00.000000000,26.730136,83.433859,nh3,1.0,1.0,1.0,18,good,24.1,69.7,19.0,2026,7,1,23,wednesday,summer,674246.0,83.0,0,Evening,0.0,Moderate,Moderate,Moderate
india,uttar pradesh,greater noida,"knowledge park - v, greater noida - uppcb",2026-07-01 23:00:00.000000000,28.557054,77.453663,pm2.5,39.0,78.0,59.0,83,moderate,29.1,58.5,8.1,2026,7,1,23,wednesday,summer,293908.0,212.0,0,Evening,39.0,Warm,Moderate,Low
india,uttar pradesh,greater noida,"knowledge park - v, greater noida - uppcb",2026-07-01 23:00:00.000000000,28.557054,77.453663,co,2.0,2.0,2.0,30,good,23.1,71.4,27.3,2026,7,1,23,wednesday,summer,293908.0,212.0,0,Evening,0.0,Moderate,High,High
india,uttar pradesh,greater noida,"knowledge park - iii, greater noida - uppcb",2026-07-01 23:00:00.000000000,28.47272,77.482,co,25.0,28.0,26.0,30,good,35.0,43.5,20.0,2026,7,1,23,wednesday,summer,293908.0,212.0,0,Evening,3.0,Hot,Moderate,High
india,uttar pradesh,hapur,"anand vihar, hapur - uppcb",2026-07-01 23:00:00.000000000,28.725645,77.749675,ozone,8.0,34.0,19.0,24,good,29.6,51.8,0.8,2026,7,1,23,wednesday,summer,242920.0,219.0,0,Evening,26.0,Warm,Moderate,Low
india,uttar pradesh,agra,"sector-3b avas vikas colony, agra - uppcb",2026-07-01 23:00:00.000000000,27.19412,77.96237,nh3,4.0,8.0,8.0,9,good,17.8,48.4,9.3,2026,7,1,23,wednesday,summer,1430055.0,166.0,0,Evening,4.0,Moderate,Moderate,Low
india,uttar pradesh,agra,"sector-3b avas vikas colony, agra - uppcb",2026-07-01 23:00:00.000000000,27.19412,77.96237,so2,13.0,15.0,14.0,0,good,22.3,34.6,2.1,2026,7,1,23,wednesday,summer,1430055.0,166.0,0,Evening,2.0,Moderate,Low,Low
india,uttar pradesh,agra,"sector-3b avas vikas colony, agra - uppcb",2026-07-01 23:00:00.000000000,27.19412,77.96237,co,10.0,16.0,12.0,30,good,34.9,62.9,3.2,2026,7,1,23,wednesday,summer,1430055.0,166.0,0,Evening,6.0,Warm,Moderate,Low
india,uttar pradesh,baghpat,"sardar patel inter college, baghpat - uppcb",2026-07-01 23:00:00.000000000,28.964949,77.278761,pm2.5,27.0,66.0,46.0,0,good,38.0,72.1,10.5,2026,7,1,23,wednesday,summer,41766.0,227.0,0,Evening,39.0,Hot,High,Moderate
india,uttar pradesh,bareilly,"civil lines, bareilly - uppcb",2026-07-01 23:00:00.000000000,28.359581,79.414455,ozone,10.0,29.0,18.0,6,good,28.2,84.5,27.3,2026,7,1,23,wednesday,summer,745435.0,178.0,0,Evening,19.0,Warm,High,High
india,uttar pradesh,firozabad,"vibhab nagar, firozabad - uppcb",2026-07-01 23:00:00.000000000,27.1594,78.3953,pm2.5,17.0,37.0,26.0,41,good,28.1,94.5,13.5,2026,7,1,23,wednesday,summer,306409.0,169.0,0,Evening,20.0,Warm,High,Moderate
india,uttar pradesh,firozabad,"vibhab nagar, firozabad - uppcb",2026-07-01 23:00:00.000000000,27.1594,78.3953,pm10,24.0,54.0,38.0,33,good,30.9,84.4,23.3,2026,7,1,23,wednesday,summer,306409.0,169.0,0,Evening,30.0,Warm,High,High
india,uttar pradesh,firozabad,"vibhab nagar, firozabad - uppcb",2026-07-01 23:00:00.000000000,27.1594,78.3953,ozone,0.0,0.0,0.0,41,good,33.7,60.7,16.1,2026,7,1,23,wednesday,summer,306409.0,169.0,0,Evening,0.0,Warm,Moderate,Moderate
india,uttar pradesh,firozabad,"nagla bhau, firozabad - uppcb",2026-07-01 23:00:00.000000000,27.168897,78.37696,pm10,6.0,8.0,7.0,373,hazardous,29.8,73.9,23.4,2026,7,1,23,wednesday,summer,306409.0,169.0,0,Evening,2.0,Warm,High,High
india,tamil nadu,chennai,"royapuram, chennai - tnpcb",2026-07-01 23:00:00.000000000,13.1036,80.2909,no2,12.0,16.0,14.0,22,good,32.5,62.0,8.5,2026,7,1,23,wednesday,summer,4328063.0,14.0,0,Evening,4.0,Warm,Moderate,Low
india,tamil nadu,coimbatore,"sidco kurichi, coimbatore - tnpcb",2026-07-01 23:00:00.000000000,10.942451,76.978996,so2,16.5,68.0,31.25,479,hazardous,35.1,55.3,19.5,2026,7,1,23,wednesday,summer,959823.0,425.0,0,Evening,51.5,Hot,Moderate,Moderate
india,tamil nadu,cuddalore,"semmandalam, cuddalore - tnpcb",2026-07-01 23:00:00.000000000,11.7637683,79.7499835,no2,21.0,120.0,48.5,441,hazardous,20.0,79.3,8.8,2026,7,1,23,wednesday,summer,158569.0,13.0,0,Evening,99.0,Moderate,High,Low
india,tamil nadu,cuddalore,"semmandalam, cuddalore - tnpcb",2026-07-01 23:00:00.000000000,11.7637683,79.7499835,so2,25.5,172.0,65.75,464,hazardous,26.6,76.4,20.5,2026,7,1,23,wednesday,summer,158569.0,13.0,0,Evening,146.5,Warm,High,High
india,tamil nadu,madurai,"uchapatti, madurai - tnpcb",2026-07-01 23:00:00.000000000,9.865935,78.022669,so2,10.0,75.33333333333334,28.333333333333336,339,hazardous,34.3,32.6,28.8,2026,7,1,23,wednesday,summer,909908.0,138.0,0,Evening,65.33333333333334,Warm,Low,High
india,tamil nadu,madurai,"uchapatti, madurai - tnpcb",2026-07-01 23:00:00.000000000,9.865935,78.022669,ozone,0.0,1.0,1.0,46,good,30.9,83.8,28.4,2026,7,1,23,wednesday,summer,909908.0,138.0,0,Evening,1.0,Warm,High,High
india,tamil nadu,thoothukudi,"meelavittan, thoothukudi - tnpcb",2026-07-01 23:00:00.000000000,8.816428,78.099039,ozone,26.0,35.0,31.0,41,good,16.9,57.0,29.9,2026,7,1,23,wednesday,summer,410760.0,2.0,0,Evening,9.0,Moderate,Moderate,High
india,rajasthan,udaipur,"ashok nagar, udaipur - rspcb",2026-07-01 23:00:00.000000000,24.5886166,73.6321397,so2,1.0,30.0,12.0,5,good,26.9,88.0,14.6,2026,7,1,23,wednesday,summer,422784.0,565.0,0,Evening,29.0,Warm,High,Moderate
india,rajasthan,udaipur,"ashok nagar, udaipur - rspcb",2026-07-01 23:00:00.000000000,24.5886166,73.6321397,ozone,15.0,31.0,23.0,37,good,21.6,66.1,19.5,2026,7,1,23,wednesday,summer,422784.0,565.0,0,Evening,16.0,Moderate,Moderate,Moderate
india,sikkim,gangtok,"zero point gici, gangtok - sspcb",2026-07-01 23:00:00.000000000,27.33853,88.614099,pm2.5,19.33333333333333,33.0,25.666666666666668,429,hazardous,30.2,94.3,9.7,2026,7,1,23,wednesday,summer,30700.0,1654.0,0,Evening,13.666666666666671,Warm,High,Low
india,sikkim,gangtok,"zero point gici, gangtok - sspcb",2026-07-01 23:00:00.000000000,27.33853,88.614099,pm10,23.666666666666664,35.0,28.33333333333333,326,hazardous,21.1,30.6,21.0,2026,7,1,23,wednesday,summer,30700.0,1654.0,0,Evening,11.333333333333336,Moderate,Low,High
india,tamil nadu,chennai,"kodungaiyur, chennai - tnpcb",2026-07-01 23:00:00.000000000,13.1278,80.2642,ozone,28.0,37.0,31.0,48,good,23.0,76.4,20.8,2026,7,1,23,wednesday,summer,4328063.0,14.0,0,Evening,9.0,Moderate,High,High
india,tamil nadu,chennai,"arumbakkam, chennai - tnpcb",2026-07-01 23:00:00.000000000,13.0664,80.2112,nh3,3.0,4.0,4.0,17,good,30.7,66.8,22.1,2026,7,1,23,wednesday,summer,4328063.0,14.0,0,Evening,1.0,Warm,Moderate,High
india,tamil nadu,chennai,"arumbakkam, chennai - tnpcb",2026-07-01 23:00:00.000000000,13.0664,80.2112,co,2.75,3.75,3.5,355,hazardous,32.3,88.7,3.7,2026,7,1,23,wednesday,summer,4328063.0,14.0,0,Evening,1.0,Warm,High,Low
india,tamil nadu,chennai,"arumbakkam, chennai - tnpcb",2026-07-01 23:00:00.000000000,13.0664,80.2112,ozone,2.5,3.5,3.0,392,hazardous,17.0,93.7,14.1,2026,7,1,23,wednesday,summer,4328063.0,14.0,0,Evening,1.0,Moderate,High,Moderate
india,tamil nadu,chennai,"manali, chennai - cpcb",2026-07-01 23:00:00.000000000,13.164544,80.26285,no2,2.25,3.25,2.5,432,hazardous,31.2,67.9,24.2,2026,7,1,23,wednesday,summer,4328063.0,14.0,0,Evening,1.0,Warm,Moderate,High
india,telangana,hyderabad,"kokapet, hyderabad - tspcb",2026-07-01 23:00:00.000000000,17.393559,78.339194,nh3,2.0,3.0,2.0,47,good,34.7,77.3,5.7,2026,7,1,23,wednesday,summer,3597816.0,515.0,0,Evening,1.0,Warm,High,Low
india,tripura,agartala,"bardowali, agartala - tripura spcb",2026-07-01 23:00:00.000000000,23.8175497,91.2726974,co,30.0,38.0,33.0,43,good,39.0,89.6,3.9,2026,7,1,23,wednesday,summer,203264.0,15.0,0,Evening,8.0,Hot,High,Low
india,uttar pradesh,agra,"sanjay palace, agra - uppcb",2026-07-01 23:00:00.000000000,27.19865833,78.00598056,no2,8.0,10.0,9.0,40,good,23.3,67.0,28.2,2026,7,1,23,wednesday,summer,1430055.0,166.0,0,Evening,2.0,Moderate,Moderate,High
india,uttar pradesh,agra,"shahjahan garden, agra - uppcb",2026-07-01 23:00:00.000000000,27.169338,78.03582,co,19.0,20.0,20.0,14,good,20.2,35.1,15.4,2026,7,1,23,wednesday,summer,1430055.0,166.0,0,Evening,1.0,Moderate,Low,Moderate
india,uttar pradesh,agra,"rohta, agra - uppcb",2026-07-01 23:00:00.000000000,27.106972,78.000111,co,10.0,21.0,15.0,5,good,22.1,37.8,3.1,2026,7,1,23,wednesday,summer,1430055.0,166.0,0,Evening,11.0,Moderate,Low,Low
india,uttar pradesh,agra,"rohta, agra - uppcb",2026-07-01 23:00:00.000000000,27.106972,78.000111,ozone,10.0,11.0,11.0,5,good,26.8,49.5,10.3,2026,7,1,23,wednesday,summer,1430055.0,166.0,0,Evening,1.0,Warm,Moderate,Moderate
india,uttar pradesh,lucknow,"lalbagh, lucknow - cpcb",2026-07-01 23:00:00.000000000,26.8458805,80.9365541,nh3,9.0,14.0,11.0,32,good,19.1,59.1,10.7,2026,7,1,23,wednesday,summer,2472011.0,126.0,0,Evening,5.0,Moderate,Moderate,Moderate
india,uttar pradesh,lucknow,"lalbagh, lucknow - cpcb",2026-07-01 23:00:00.000000000,26.8458805,80.9365541,co,4.0,87.0,43.0,49,good,38.3,83.2,3.1,2026,7,1,23,wednesday,summer,2472011.0,126.0,0,Evening,83.0,Hot,High,Low
india,uttar pradesh,mathura,"pali dungra, mathura - uppcb",2026-07-01 23:00:00.000000000,27.410954,77.550619,pm10,3.5,49.0,24.5,385,hazardous,17.1,57.4,26.9,2026,7,1,23,wednesday,summer,330511.0,181.0,0,Evening,45.5,Moderate,Moderate,High
india,uttar pradesh,mathura,"pali dungra, mathura - uppcb",2026-07-01 23:00:00.000000000,27.410954,77.550619,no2,3.0,11.0,6.0,46,good,37.2,63.2,18.7,2026,7,1,23,wednesday,summer,330511.0,181.0,0,Evening,8.0,Hot,Moderate,Moderate
india,uttar pradesh,mathura,"pali dungra, mathura - uppcb",2026-07-01 23:00:00.000000000,27.410954,77.550619,nh3,1.0,2.0,2.0,0,good,15.6,73.8,21.4,2026,7,1,23,wednesday,summer,330511.0,181.0,0,Evening,1.0,Moderate,High,High
india,uttar pradesh,meerut,"ganga nagar, meerut - uppcb",2026-07-01 23:00:00.000000000,28.999264,77.7590354,nh3,7.0,32.0,15.0,32,good,36.0,30.3,26.0,2026,7,1,23,wednesday,summer,1223184.0,228.0,0,Evening,25.0,Hot,Low,High
india,uttar pradesh,moradabad,"eco herbal park, moradabad - uppcb",2026-07-01 23:00:00.000000000,28.840739,78.697531,nh3,5.0,12.0,9.0,26,good,34.9,42.0,3.9,2026,7,1,23,wednesday,summer,721139.0,205.0,0,Evening,7.0,Warm,Moderate,Low
india,uttar pradesh,moradabad,"eco herbal park, moradabad - uppcb",2026-07-01 23:00:00.000000000,28.840739,78.697531,so2,5.0,19.0,9.0,2,good,32.2,94.8,21.7,2026,7,1,23,wednesday,summer,721139.0,205.0,0,Evening,14.0,Warm,High,High
india,uttar pradesh,moradabad,"eco herbal park, moradabad - uppcb",2026-07-01 23:00:00.000000000,28.840739,78.697531,ozone,2.0,48.0,25.0,13,good,27.3,81.9,25.4,2026,7,1,23,wednesday,summer,721139.0,205.0,0,Evening,46.0,Warm,High,High
india,uttar pradesh,moradabad,"buddhi vihar, moradabad - uppcb",2026-07-01 23:00:00.000000000,28.83526,78.7446,pm2.5,12.0,42.0,24.0,17,good,24.2,55.0,3.2,2026,7,1,23,wednesday,summer,721139.0,205.0,0,Evening,30.0,Moderate,Moderate,Low
india,uttar pradesh,moradabad,"buddhi vihar, moradabad - uppcb",2026-07-01 23:00:00.000000000,28.83526,78.7446,no2,28.0,29.0,29.0,18,good,38.6,53.2,15.4,2026,7,1,23,wednesday,summer,721139.0,205.0,0,Evening,1.0,Hot,Moderate,Moderate
india,uttar pradesh,moradabad,"buddhi vihar, moradabad - uppcb",2026-07-01 23:00:00.000000000,28.83526,78.7446,ozone,20.0,79.0,39.0,7,good,15.1,65.1,20.7,2026,7,1,23,wednesday,summer,721139.0,205.0,0,Evening,59.0,Moderate,Moderate,High
india,uttar pradesh,moradabad,"jigar colony, moradabad - uppcb",2026-07-01 23:00:00.000000000,28.856664,78.772638,pm2.5,16.0,51.0,31.0,32,good,21.1,53.4,21.9,2026,7,1,23,wednesday,summer,721139.0,205.0,0,Evening,35.0,Moderate,Moderate,High
india,uttar pradesh,moradabad,"employment office, moradabad - uppcb",2026-07-01 23:00:00.000000000,28.88528,78.7388,pm2.5,20.0,63.0,39.0,33,good,16.4,85.2,26.4,2026,7,1,23,wednesday,summer,721139.0,205.0,0,Evening,43.0,Moderate,High,High
india,uttar pradesh,moradabad,"kashiram nagar, moradabad - uppcb",2026-07-01 23:00:00.000000000,28.849399,78.742362,co,28.0,43.0,36.0,42,good,26.7,34.1,5.3,2026,7,1,23,wednesday,summer,721139.0,205.0,0,Evening,15.0,Warm,Low,Low
india,uttar pradesh,noida,"sector-116, noida - uppcb",2026-07-01 23:00:00.000000000,28.56923,77.393848,pm10,70.0,141.0,97.0,97,moderate,22.5,51.3,13.6,2026,7,1,23,wednesday,summer,293908.0,206.0,0,Evening,71.0,Moderate,Moderate,Moderate
india,uttar pradesh,noida,"sector-116, noida - uppcb",2026-07-01 23:00:00.000000000,28.56923,77.393848,ozone,16.0,36.0,28.0,12,good,16.3,60.9,2.1,2026,7,1,23,wednesday,summer,293908.0,206.0,0,Evening,20.0,Moderate,Moderate,Low
india,uttar pradesh,noida,"sector - 62, noida - iitm",2026-07-01 23:00:00.000000000,28.6245479,77.3577104,pm10,46.0,111.0,82.0,60,moderate,24.2,61.0,4.2,2026,7,1,23,wednesday,summer,293908.0,206.0,0,Evening,65.0,Moderate,Moderate,Low
india,uttar pradesh,prayagraj,"motilal nehru nit, prayagraj - uppcb",2026-07-01 23:00:00.000000000,25.494,81.863,pm2.5,14.0,30.0,20.0,7,good,30.0,85.9,15.6,2026,7,1,23,wednesday,summer,1073438.0,99.0,0,Evening,16.0,Warm,High,Moderate
india,uttar pradesh,prayagraj,"nagar nigam, prayagraj - uppcb",2026-07-01 23:00:00.000000000,25.44919916,81.82735986,no2,5.0,5.0,5.0,14,good,21.4,45.1,22.6,2026,7,1,23,wednesday,summer,1073438.0,99.0,0,Evening,0.0,Moderate,Moderate,High
india,uttar pradesh,prayagraj,"nagar nigam, prayagraj - uppcb",2026-07-01 23:00:00.000000000,25.44919916,81.82735986,nh3,7.0,19.0,9.0,16,good,22.5,81.6,26.5,2026,7,1,23,wednesday,summer,1073438.0,99.0,0,Evening,12.0,Moderate,High,High
india,uttar pradesh,prayagraj,"jhunsi, prayagraj - uppcb",2026-07-01 23:00:00.000000000,25.425602,81.917152,no2,6.0,6.0,6.0,43,good,35.1,33.6,7.9,2026,7,1,23,wednesday,summer,1073438.0,99.0,0,Evening,0.0,Hot,Low,Low
india,uttar pradesh,raebareli,"indira nagar, raebareli - ntpc unchahar",2026-07-01 23:00:00.000000000,26.207781,81.245571,no2,16.0,23.0,19.0,8,good,35.8,42.9,4.6,2026,7,1,23,wednesday,summer,186433.0,118.0,0,Evening,7.0,Hot,Moderate,Low
india,uttar pradesh,varanasi,"maldahiya, varanasi - uppcb",2026-07-01 23:00:00.000000000,25.32393,82.99687,co,14.0,23.0,18.0,27,good,18.4,94.7,4.9,2026,7,1,23,wednesday,summer,1164404.0,86.0,0,Evening,9.0,Moderate,High,Low
india,uttar pradesh,varanasi,"ardhali bazar, varanasi - uppcb",2026-07-01 23:00:00.000000000,25.3505986,82.9083074,co,12.0,20.0,13.0,49,good,20.7,54.9,19.2,2026,7,1,23,wednesday,summer,1164404.0,86.0,0,Evening,8.0,Moderate,Moderate,Moderate
india,uttar pradesh,vrindavan,"omex eternity, vrindavan - uppcb",2026-07-01 23:00:00.000000000,27.571409,77.655757,no2,27.0,28.0,27.0,33,good,22.0,81.5,10.8,2026,7,1,23,wednesday,summer,60195.0,179.0,0,Evening,1.0,Moderate,High,Moderate
india,uttarakhand,dehradun,"doon university, dehradun - ukpcb",2026-07-01 23:00:00.000000000,30.269444,78.044167,no2,1.0,4.0,2.0,24,good,30.8,48.9,11.9,2026,7,1,23,wednesday,summer,522081.0,664.0,0,Evening,3.0,Warm,Moderate,Moderate
india,uttarakhand,dehradun,"doon university, dehradun - ukpcb",2026-07-01 23:00:00.000000000,30.269444,78.044167,so2,0.0,1.0,1.0,18,good,19.7,67.7,26.2,2026,7,1,23,wednesday,summer,522081.0,664.0,0,Evening,1.0,Moderate,Moderate,High
india,uttarakhand,dehradun,"doon university, dehradun - ukpcb",2026-07-01 23:00:00.000000000,30.269444,78.044167,ozone,1.0,4.0,3.0,13,good,36.6,41.9,17.1,2026,7,1,23,wednesday,summer,522081.0,664.0,0,Evening,3.0,Hot,Moderate,Moderate
india,uttarakhand,kashipur,"govt. girls inter college, kashipur - ukpcb",2026-07-01 23:00:00.000000000,29.2124114,78.9611753,pm10,37.0,56.0,46.0,22,good,28.4,64.1,3.6,2026,7,1,23,wednesday,summer,103138.0,239.0,0,Evening,19.0,Warm,Moderate,Low
india,uttarakhand,kashipur,"govt. girls inter college, kashipur - ukpcb",2026-07-01 23:00:00.000000000,29.2124114,78.9611753,no2,10.0,45.0,20.0,24,good,25.0,89.7,18.5,2026,7,1,23,wednesday,summer,103138.0,239.0,0,Evening,35.0,Warm,High,Moderate
india,uttarakhand,kashipur,"govt. girls inter college, kashipur - ukpcb",2026-07-01 23:00:00.000000000,29.2124114,78.9611753,co,20.0,40.0,30.0,41,good,21.8,35.0,22.9,2026,7,1,23,wednesday,summer,103138.0,239.0,0,Evening,20.0,Moderate,Low,High
india,uttarakhand,rishikesh,"shivaji nagar, rishikesh - ukpcb",2026-07-01 23:00:00.000000000,30.075911,78.2859547,nh3,25.0,25.0,25.0,26,good,26.3,81.0,22.1,2026,7,1,23,wednesday,summer,66390.0,361.0,0,Evening,0.0,Warm,High,High
india,uttarakhand,rishikesh,"shivaji nagar, rishikesh - ukpcb",2026-07-01 23:00:00.000000000,30.075911,78.2859547,co,37.0,37.0,37.0,7,good,36.0,83.6,23.3,2026,7,1,23,wednesday,summer,66390.0,361.0,0,Evening,0.0,Hot,High,High
india,west bengal,asansol,"evelyn lodge, asansol - wbpcb",2026-07-01 23:00:00.000000000,23.697936,86.944395,ozone,18.0,36.0,27.0,44,good,21.7,30.6,14.2,2026,7,1,23,wednesday,summer,504271.0,119.0,0,Evening,18.0,Moderate,Low,Moderate
india,west bengal,asansol,"mahabir colliery, asansol - wbpcb",2026-07-01 23:00:00.000000000,23.618183,87.105718,nh3,0.0,2.0,0.0,10,good,18.7,81.1,21.6,2026,7,1,23,wednesday,summer,504271.0,119.0,0,Evening,2.0,Moderate,High,High
india,west bengal,asansol,"mahabir colliery, asansol - wbpcb",2026-07-01 23:00:00.000000000,23.618183,87.105718,so2,5.0,14.0,10.0,385,hazardous,25.1,79.8,20.6,2026,7,1,23,wednesday,summer,504271.0,119.0,0,Evening,9.0,Warm,High,High
india,west bengal,asansol,"asansol court area, asansol - wbpcb",2026-07-01 23:00:00.000000000,23.685297,86.945968,co,10.0,26.0,20.0,35,good,26.6,51.8,5.9,2026,7,1,23,wednesday,summer,504271.0,119.0,0,Evening,16.0,Warm,Moderate,Low
india,west bengal,durgapur,"pcbl residential complex, durgapur - wbpcb",2026-07-01 23:00:00.000000000,23.508764,87.35444,so2,10.0,11.0,11.0,30,good,23.1,40.4,22.9,2026,7,1,23,wednesday,summer,18561.0,205.0,0,Evening,1.0,Moderate,Moderate,High
india,west bengal,durgapur,"mahishkapur road_b-zone, durgapur - wbpcb",2026-07-01 23:00:00.000000000,23.567923,87.306843,ozone,31.0,60.0,44.0,24,good,19.7,31.2,25.3,2026,7,1,23,wednesday,summer,18561.0,205.0,0,Evening,29.0,Moderate,Low,High
india,west bengal,haldia,"priyambada housing estate, haldia - wbpcb",2026-07-01 23:00:00.000000000,22.06047,88.109737,nh3,4.0,6.0,6.0,8,good,15.5,33.4,25.4,2026,7,1,23,wednesday,summer,170695.0,6.0,0,Evening,2.0,Moderate,Low,High
india,west bengal,howrah,"dasnagar, howrah - wbpcb",2026-07-01 23:00:00.000000000,22.6025571,88.3105664,pm2.5,1.0,79.0,26.0,13,good,30.0,59.8,18.3,2026,7,1,23,wednesday,summer,1027672.0,8.0,0,Evening,78.0,Warm,Moderate,Moderate
india,west bengal,howrah,"belur math, howrah - wbpcb",2026-07-01 23:00:00.000000000,22.629801,88.352017,pm2.5,33.0,55.0,44.0,33,good,27.6,71.9,24.2,2026,7,1,23,wednesday,summer,1027672.0,8.0,0,Evening,22.0,Warm,High,High
india,west bengal,howrah,"belur math, howrah - wbpcb",2026-07-01 23:00:00.000000000,22.629801,88.352017,no2,31.0,70.0,48.0,30,good,18.4,85.2,11.3,2026,7,1,23,wednesday,summer,1027672.0,8.0,0,Evening,39.0,Moderate,High,Moderate
india,west bengal,howrah,"padmapukur, howrah - wbpcb",2026-07-01 23:00:00.000000000,22.5687319,88.2797276,co,21.0,46.0,36.0,26,good,27.4,89.7,8.0,2026,7,1,23,wednesday,summer,1027672.0,8.0,0,Evening,25.0,Warm,High,Low
india,west bengal,howrah,"padmapukur, howrah - wbpcb",2026-07-01 23:00:00.000000000,22.5687319,88.2797276,ozone,18.0,44.0,30.0,26,good,24.7,54.7,26.2,2026,7,1,23,wednesday,summer,1027672.0,8.0,0,Evening,26.0,Moderate,Moderate,High
india,west bengal,kolkata,"jadavpur, kolkata - wbpcb",2026-07-01 23:00:00.000000000,22.49929,88.36917,pm10,41.0,94.0,54.0,58,moderate,23.6,87.9,23.2,2026,7,1,23,wednesday,summer,4631392.0,11.0,0,Evening,53.0,Moderate,High,High
india,west bengal,kolkata,"fort william, kolkata - wbpcb",2026-07-01 23:00:00.000000000,22.55664,88.342674,no2,19.0,36.0,24.0,26,good,38.2,78.1,29.4,2026,7,1,23,wednesday,summer,4631392.0,11.0,0,Evening,17.0,Hot,High,High
india,west bengal,kolkata,"fort william, kolkata - wbpcb",2026-07-01 23:00:00.000000000,22.55664,88.342674,ozone,17.0,40.0,27.0,11,good,32.2,66.0,8.2,2026,7,1,23,wednesday,summer,4631392.0,11.0,0,Evening,23.0,Warm,Moderate,Low
india,west bengal,kolkata,"victoria, kolkata - wbpcb",2026-07-01 23:00:00.000000000,22.5448082,88.3403691,no2,22.0,33.0,25.0,16,good,25.4,68.8,1.7,2026,7,1,23,wednesday,summer,4631392.0,11.0,0,Evening,11.0,Warm,Moderate,Low
india,west bengal,kolkata,"victoria, kolkata - wbpcb",2026-07-01 23:00:00.000000000,22.5448082,88.3403691,nh3,7.0,8.0,8.0,20,good,31.1,36.9,27.5,2026,7,1,23,wednesday,summer,4631392.0,11.0,0,Evening,1.0,Warm,Low,High
india,west bengal,kolkata,"ballygunge, kolkata - wbpcb",2026-07-01 23:00:00.000000000,22.5367507,88.3638022,pm2.5,12.0,41.0,31.0,17,good,37.4,69.4,14.6,2026,7,1,23,wednesday,summer,4631392.0,11.0,0,Evening,29.0,Hot,Moderate,Moderate
india,west bengal,kolkata,"ballygunge, kolkata - wbpcb",2026-07-01 23:00:00.000000000,22.5367507,88.3638022,pm10,21.0,33.0,27.0,34,good,38.7,88.6,27.2,2026,7,1,23,wednesday,summer,4631392.0,11.0,0,Evening,12.0,Hot,High,High
india,west bengal,kolkata,"rabindra sarobar, kolkata - wbpcb",2026-07-01 23:00:00.000000000,22.51106,88.35142,pm2.5,15.0,36.0,23.0,26,good,31.4,85.3,21.2,2026,7,1,23,wednesday,summer,4631392.0,11.0,0,Evening,21.0,Warm,High,High
india,west bengal,kolkata,"bidhannagar, kolkata - wbpcb",2026-07-01 23:00:00.000000000,22.58157048,88.41002457,pm10,34.0,48.0,42.0,36,good,32.4,60.0,24.2,2026,7,1,23,wednesday,summer,4631392.0,11.0,0,Evening,14.0,Warm,Moderate,High
india,west bengal,kolkata,"bidhannagar, kolkata - wbpcb",2026-07-01 23:00:00.000000000,22.58157048,88.41002457,no2,11.0,15.0,14.0,35,good,21.5,55.7,9.3,2026,7,1,23,wednesday,summer,4631392.0,11.0,0,Evening,4.0,Moderate,Moderate,Low
india,west bengal,kolkata,"bidhannagar, kolkata - wbpcb",2026-07-01 23:00:00.000000000,22.58157048,88.41002457,so2,8.0,9.0,8.0,47,good,20.4,63.8,27.5,2026,7,1,23,wednesday,summer,4631392.0,11.0,0,Evening,1.0,Moderate,Moderate,High
india,west bengal,siliguri,"ward-32 bapupara, siliguri - wbpcb",2026-07-01 23:00:00.000000000,26.6879226,88.4152495,ozone,22.0,28.0,24.0,21,good,16.2,42.8,8.6,2026,7,1,23,wednesday,summer,515574.0,124.0,0,Evening,6.0,Moderate,Moderate,Low
india,chhattisgarh,bhilai,"32bungalows, bhilai - cecb",2026-07-01 23:00:00.000000000,21.194815,81.31477,so2,2.0,12.0,7.0,22,good,16.2,72.3,23.2,2026,7,1,23,wednesday,summer,625138.0,307.0,0,Evening,10.0,Moderate,High,High
india,chhattisgarh,bhilai,"32bungalows, bhilai - cecb",2026-07-01 23:00:00.000000000,21.194815,81.31477,ozone,16.0,30.0,23.0,38,good,33.5,32.0,17.3,2026,7,1,23,wednesday,summer,625138.0,307.0,0,Evening,14.0,Warm,Low,Moderate
india,chhattisgarh,bilaspur,"mangala, bilaspur - ntpc",2026-07-01 23:00:00.000000000,22.08815,82.13737,pm10,15.0,46.0,32.0,1,good,18.2,53.2,26.1,2026,7,1,23,wednesday,summer,282705.0,265.0,0,Evening,31.0,Moderate,Moderate,High
india,chhattisgarh,bilaspur,"mangala, bilaspur - ntpc",2026-07-01 23:00:00.000000000,22.08815,82.13737,so2,8.0,22.0,16.0,0,good,38.6,53.6,0.1,2026,7,1,23,wednesday,summer,282705.0,265.0,0,Evening,14.0,Hot,Moderate,Low
india,chhattisgarh,bilaspur,"mangala, bilaspur - ntpc",2026-07-01 23:00:00.000000000,22.08815,82.13737,co,24.0,33.0,29.0,36,good,17.4,55.6,1.1,2026,7,1,23,wednesday,summer,282705.0,265.0,0,Evening,9.0,Moderate,Moderate,Low
india,chhattisgarh,korba,"rampur, korba - cecb",2026-07-01 23:00:00.000000000,22.368195,82.746431,co,8.0,24.0,13.0,28,good,17.5,58.0,17.5,2026,7,1,23,wednesday,summer,419146.0,289.0,0,Evening,16.0,Moderate,Moderate,Moderate
india,chhattisgarh,korba,"urja nagar, korba - cecb",2026-07-01 23:00:00.000000000,22.348441,82.549611,so2,8.0,22.0,13.0,35,good,32.8,36.6,0.3,2026,7,1,23,wednesday,summer,419146.0,289.0,0,Evening,14.0,Warm,Low,Low
india,chhattisgarh,korba,"urja nagar, korba - cecb",2026-07-01 23:00:00.000000000,22.348441,82.549611,co,12.0,16.0,14.0,49,good,39.3,48.8,3.7,2026,7,1,23,wednesday,summer,419146.0,289.0,0,Evening,4.0,Hot,Moderate,Low
india,chhattisgarh,raipur,"aiims, raipur - cecb",2026-07-01 23:00:00.000000000,21.258815,81.578979,no2,2.0,9.0,6.0,8,good,28.0,74.3,2.8,2026,7,1,23,wednesday,summer,17537.0,336.0,0,Evening,7.0,Warm,High,Low
india,chhattisgarh,raipur,"aiims, raipur - cecb",2026-07-01 23:00:00.000000000,21.258815,81.578979,nh3,4.0,4.0,4.0,29,good,15.8,88.2,9.7,2026,7,1,23,wednesday,summer,17537.0,336.0,0,Evening,0.0,Moderate,High,Low
india,chhattisgarh,raipur,"siltara phase-ii, raipur - cecb",2026-07-01 23:00:00.000000000,21.371751,81.664929,no2,2.0,6.0,3.5,476,hazardous,36.7,85.6,29.2,2026,7,1,23,wednesday,summer,17537.0,336.0,0,Evening,4.0,Hot,High,High
india,chhattisgarh,raipur,"krishak nagar, raipur - cecb",2026-07-01 23:00:00.000000000,21.237755,81.705301,no2,0.0,8.0,3.0,23,good,28.4,47.9,1.2,2026,7,1,23,wednesday,summer,17537.0,336.0,0,Evening,8.0,Warm,Moderate,Low
india,andhra pradesh,machilipatnam,"srinivas nagar colony, machilipatnam - appcb",2026-07-01 23:00:00.000000000,16.186555,81.13219,so2,13.0,19.0,15.0,46,good,36.5,51.3,29.9,2026,7,1,23,wednesday,summer,192827.0,11.0,0,Evening,6.0,Hot,Moderate,High
india,andhra pradesh,nellore,"ambedkar nagar, nellore - appcb",2026-07-01 23:00:00.000000000,14.438164,79.966814,pm2.5,45.0,60.0,51.0,71,moderate,21.3,34.4,22.4,2026,7,1,23,wednesday,summer,404158.0,21.0,0,Evening,15.0,Moderate,Low,High
india,andhra pradesh,rajamahendravaram,"anand kala kshetram, rajamahendravaram - appcb",2026-07-01 23:00:00.000000000,16.9872867,81.7363176,nh3,0.0,1.0,1.0,39,good,21.9,59.4,3.4,2026,7,1,23,wednesday,summer,304804.0,34.0,0,Evening,1.0,Moderate,Moderate,Low
india,andhra pradesh,tirumala,"toll gate, tirumala - appcb",2026-07-01 23:00:00.000000000,13.67,79.35,pm10,12.0,24.0,18.0,45,good,24.2,72.8,13.1,2026,7,1,23,wednesday,summer,18013.0,858.0,0,Evening,12.0,Moderate,High,Moderate
india,andhra pradesh,tirumala,"toll gate, tirumala - appcb",2026-07-01 23:00:00.000000000,13.67,79.35,ozone,13.0,20.0,17.0,23,good,35.3,42.9,2.5,2026,7,1,23,wednesday,summer,18013.0,858.0,0,Evening,7.0,Hot,Moderate,Low
india,andhra pradesh,tirupati,"vaikuntapuram, tirupati - appcb",2026-07-01 23:00:00.000000000,13.615387,79.40923,so2,11.0,17.0,15.0,20,good,26.0,31.6,29.5,2026,7,1,23,wednesday,summer,250821.0,156.0,0,Evening,6.0,Warm,Low,High
india,andhra pradesh,vijayawada,"rajiv gandhi park, vijayawada - appcb",2026-07-01 23:00:00.000000000,16.509717,80.612222,no2,25.0,30.0,28.0,36,good,37.9,76.8,8.0,2026,7,1,23,wednesday,summer,874587.0,47.0,0,Evening,5.0,Hot,High,Low
india,andhra pradesh,vijayawada,"hb colony, vijayawada - appcb",2026-07-01 23:00:00.000000000,16.536107,80.594233,pm10,63.0,84.0,72.0,95,moderate,25.1,85.3,2.3,2026,7,1,23,wednesday,summer,874587.0,47.0,0,Evening,21.0,Warm,High,Low
india,andhra pradesh,vijayawada,"hb colony, vijayawada - appcb",2026-07-01 23:00:00.000000000,16.536107,80.594233,co,19.0,37.0,26.0,2,good,24.0,54.7,7.7,2026,7,1,23,wednesday,summer,874587.0,47.0,0,Evening,18.0,Moderate,Moderate,Low
india,andhra pradesh,vijayawada,"rajiv nagar, vijayawada - appcb",2026-07-01 23:00:00.000000000,16.554731,80.64911,pm10,56.0,74.0,62.0,76,moderate,18.5,32.6,13.1,2026,7,1,23,wednesday,summer,874587.0,47.0,0,Evening,18.0,Moderate,Low,Moderate
india,andhra pradesh,vijayawada,"rajiv nagar, vijayawada - appcb",2026-07-01 23:00:00.000000000,16.554731,80.64911,no2,15.0,25.0,18.0,23,good,32.9,84.9,21.7,2026,7,1,23,wednesday,summer,874587.0,47.0,0,Evening,10.0,Warm,High,High
india,andhra pradesh,visakhapatnam,"gvm corporation, visakhapatnam - appcb",2026-07-01 23:00:00.000000000,17.72,83.3,so2,1.0,34.0,10.0,39,good,34.7,63.6,24.4,2026,7,1,23,wednesday,summer,1063178.0,24.0,0,Evening,33.0,Warm,Moderate,High
india,chhattisgarh,raipur,"bhatagaon new isbt, raipur - cecb",2026-07-01 23:00:00.000000000,21.219665,81.630094,pm2.5,4.0,13.0,8.0,18,good,27.7,35.6,18.6,2026,7,1,23,wednesday,summer,17537.0,336.0,0,Evening,9.0,Warm,Low,Moderate
india,chhattisgarh,raipur,"bhatagaon new isbt, raipur - cecb",2026-07-01 23:00:00.000000000,21.219665,81.630094,pm10,17.0,35.0,23.0,30,good,39.3,59.3,21.9,2026,7,1,23,wednesday,summer,17537.0,336.0,0,Evening,18.0,Hot,Moderate,High
india,chhattisgarh,raipur,"bhatagaon new isbt, raipur - cecb",2026-07-01 23:00:00.000000000,21.219665,81.630094,co,18.0,34.0,24.0,35,good,38.6,92.4,14.7,2026,7,1,23,wednesday,summer,17537.0,336.0,0,Evening,16.0,Hot,High,Moderate
india,delhi,delhi,"pusa, delhi - iitm",2026-07-01 23:00:00.000000000,28.63611,77.173332,co,33.0,45.0,38.0,42,good,31.2,30.9,5.4,2026,7,1,23,wednesday,summer,10927986.0,227.0,0,Evening,12.0,Warm,Low,Low
india,delhi,delhi,"ignou_maidan garhi, delhi - dpcc",2026-07-01 23:00:00.000000000,28.493624,77.201159,pm2.5,11.0,39.0,26.0,2,good,27.9,86.5,2.0,2026,7,1,23,wednesday,summer,10927986.0,227.0,0,Evening,28.0,Warm,High,Low
india,delhi,delhi,"jnu, delhi - dpcc",2026-07-01 23:00:00.000000000,28.540721,77.168544,pm2.5,17.0,99.0,60.0,77,moderate,31.2,91.2,16.4,2026,7,1,23,wednesday,summer,10927986.0,227.0,0,Evening,82.0,Warm,High,Moderate
india,delhi,delhi,"jnu, delhi - dpcc",2026-07-01 23:00:00.000000000,28.540721,77.168544,no2,5.0,33.0,14.0,4,good,31.6,43.8,4.2,2026,7,1,23,wednesday,summer,10927986.0,227.0,0,Evening,28.0,Warm,Moderate,Low
india,delhi,delhi,"narela, delhi - dpcc",2026-07-01 23:00:00.000000000,28.822836,77.101981,pm2.5,31.0,80.0,53.0,78,moderate,30.9,45.3,3.6,2026,7,1,23,wednesday,summer,10927986.0,227.0,0,Evening,49.0,Warm,Moderate,Low
india,delhi,delhi,"narela, delhi - dpcc",2026-07-01 23:00:00.000000000,28.822836,77.101981,no2,14.0,28.0,19.0,31,good,18.6,71.6,19.1,2026,7,1,23,wednesday,summer,10927986.0,227.0,0,Evening,14.0,Moderate,High,Moderate
india,delhi,delhi,"narela, delhi - dpcc",2026-07-01 23:00:00.000000000,28.822836,77.101981,so2,7.0,68.0,13.0,31,good,31.8,67.2,12.8,2026,7,1,23,wednesday,summer,10927986.0,227.0,0,Evening,61.0,Warm,Moderate,Moderate
india,delhi,delhi,"talkatora garden, delhi - dpcc",2026-07-01 23:00:00.000000000,28.62181,77.1944633,so2,2.0,4.0,3.0,50,good,23.3,36.6,18.0,2026,7,1,23,wednesday,summer,10927986.0,227.0,0,Evening,2.0,Moderate,Low,Moderate
india,delhi,delhi,"cantonment area, delhi - dpcc",2026-07-01 23:00:00.000000000,28.594169,77.1251,pm2.5,19.0,59.0,35.0,40,good,38.5,64.0,26.9,2026,7,1,23,wednesday,summer,10927986.0,227.0,0,Evening,40.0,Hot,Moderate,High
india,andhra pradesh,amaravati,"secretariat, amaravati - appcb",2026-07-01 23:00:00.000000000,16.5150833,80.5181667,nh3,2.0,4.0,3.0,33,good,32.0,83.6,12.0,2026,7,1,23,wednesday,summer,603837.0,341.0,0,Evening,2.0,Warm,High,Moderate
india,andhra pradesh,amaravati,"secretariat, amaravati - appcb",2026-07-01 23:00:00.000000000,16.5150833,80.5181667,so2,11.0,19.0,15.0,48,good,34.8,37.1,21.1,2026,7,1,23,wednesday,summer,603837.0,341.0,0,Evening,8.0,Warm,Low,High
india,andhra pradesh,amaravati,"secretariat, amaravati - appcb",2026-07-01 23:00:00.000000000,16.5150833,80.5181667,co,4.0,17.0,9.0,30,good,28.2,57.3,20.4,2026,7,1,23,wednesday,summer,603837.0,341.0,0,Evening,13.0,Warm,Moderate,High
india,andhra pradesh,anantapur,"gulzarpet, anantapur - appcb",2026-07-01 23:00:00.000000000,14.675886,77.593027,so2,9.0,24.0,13.0,14,good,37.9,73.1,28.9,2026,7,1,23,wednesday,summer,240442.0,350.0,0,Evening,15.0,Hot,High,High
india,andhra pradesh,chittoor,"gangineni cheruvu, chittoor - appcb",2026-07-01 23:00:00.000000000,13.20488,79.097889,no2,29.0,44.0,39.0,2,good,39.3,43.9,2.3,2026,7,1,23,wednesday,summer,24588.0,334.0,0,Evening,15.0,Hot,Moderate,Low
india,andhra pradesh,chittoor,"gangineni cheruvu, chittoor - appcb",2026-07-01 23:00:00.000000000,13.20488,79.097889,so2,11.0,15.0,13.0,30,good,34.8,51.7,12.3,2026,7,1,23,wednesday,summer,24588.0,334.0,0,Evening,4.0,Warm,Moderate,Moderate
india,andhra pradesh,eluru,"district court, eluru - appcb",2026-07-01 23:00:00.000000000,16.711754,81.092095,co,26.0,37.0,30.0,40,good,39.5,31.9,0.1,2026,7,1,23,wednesday,summer,183387.0,20.0,0,Evening,11.0,Hot,Low,Low
india,andhra pradesh,eluru,"district court, eluru - appcb",2026-07-01 23:00:00.000000000,16.711754,81.092095,ozone,6.0,17.0,10.0,20,good,23.9,82.3,9.3,2026,7,1,23,wednesday,summer,183387.0,20.0,0,Evening,11.0,Moderate,High,Low
india,andhra pradesh,guntur,"rajendra nagar north, guntur - appcb",2026-07-01 23:00:00.000000000,16.316553,80.413302,no2,22.0,61.0,33.0,23,good,39.7,92.4,28.6,2026,7,1,23,wednesday,summer,530577.0,31.0,0,Evening,39.0,Hot,High,High
india,andhra pradesh,kadapa,"yerramukkapalli, kadapa - appcb",2026-07-01 23:00:00.000000000,14.465052,78.824187,pm2.5,45.0,57.0,55.0,82,moderate,33.2,68.5,22.2,2026,7,1,23,wednesday,summer,127010.0,135.0,0,Evening,12.0,Warm,Moderate,High
india,andhra pradesh,machilipatnam,"srinivas nagar colony, machilipatnam - appcb",2026-07-01 23:00:00.000000000,16.186555,81.13219,pm10,59.0,175.0,78.0,85,moderate,30.3,92.8,19.7,2026,7,1,23,wednesday,summer,192827.0,11.0,0,Evening,116.0,Warm,High,Moderate
india,arunachal pradesh,naharlagun,"naharlagun, naharlagun - apspcb",2026-07-01 23:00:00.000000000,27.103358,93.679645,pm10,4.0,61.0,34.0,22,good,31.9,59.9,24.7,2026,7,1,23,wednesday,summer,26912.0,159.0,0,Evening,57.0,Warm,Moderate,High
india,arunachal pradesh,naharlagun,"naharlagun, naharlagun - apspcb",2026-07-01 23:00:00.000000000,27.103358,93.679645,co,7.0,12.0,10.0,6,good,33.7,37.3,5.4,2026,7,1,23,wednesday,summer,26912.0,159.0,0,Evening,5.0,Warm,Low,Low
india,assam,guwahati,"lgbi airport, guwahati - pcba",2026-07-01 23:00:00.000000000,26.10887,91.589544,pm2.5,19.0,74.0,52.0,78,moderate,26.4,95.0,23.6,2026,7,1,23,wednesday,summer,899094.0,59.0,0,Evening,55.0,Warm,High,High
india,assam,guwahati,"lgbi airport, guwahati - pcba",2026-07-01 23:00:00.000000000,26.10887,91.589544,no2,11.0,26.0,15.0,49,good,29.0,34.0,25.9,2026,7,1,23,wednesday,summer,899094.0,59.0,0,Evening,15.0,Warm,Low,High
india,assam,guwahati,"railway colony, guwahati - pcba",2026-07-01 23:00:00.000000000,26.181742,91.78063,nh3,1.0,1.0,1.0,34,good,23.2,30.7,4.3,2026,7,1,23,wednesday,summer,899094.0,59.0,0,Evening,0.0,Moderate,Low,Low
india,assam,guwahati,"iitg, guwahati - pcba",2026-07-01 23:00:00.000000000,26.2028636,91.70046436,pm10,7.0,37.0,18.0,8,good,34.6,91.7,16.5,2026,7,1,23,wednesday,summer,899094.0,59.0,0,Evening,30.0,Warm,High,Moderate
india,assam,guwahati,"pan bazaar, guwahati - pcba",2026-07-01 23:00:00.000000000,26.1875,91.744194,co,18.0,30.0,24.0,35,good,32.2,40.7,18.4,2026,7,1,23,wednesday,summer,899094.0,59.0,0,Evening,12.0,Warm,Moderate,Moderate
india,assam,silchar,"tarapur, silchar - pcba",2026-07-01 23:00:00.000000000,24.82827,92.79525,nh3,1.0,1.0,1.0,42,good,22.3,31.3,16.7,2026,7,1,23,wednesday,summer,152393.0,24.0,0,Evening,0.0,Moderate,Low,Moderate
india,assam,silchar,"tarapur, silchar - pcba",2026-07-01 23:00:00.000000000,24.82827,92.79525,co,37.0,55.0,45.0,11,good,38.1,82.2,10.8,2026,7,1,23,wednesday,summer,152393.0,24.0,0,Evening,18.0,Hot,High,Moderate
india,bihar,araria,"kharahiya basti, araria - bspcb",2026-07-01 23:00:00.000000000,26.146529,87.454184,so2,52.0,66.0,57.0,64,moderate,38.9,73.4,3.7,2026,7,1,23,wednesday,summer,67474.0,56.0,0,Evening,14.0,Hot,High,Low
india,bihar,arrah,"new dm office, arrah - bspcb",2026-07-01 23:00:00.000000000,25.5626095,84.663264,pm10,28.0,103.0,65.0,51,moderate,15.8,55.4,8.6,2026,7,1,23,wednesday,summer,223676.0,64.0,0,Evening,75.0,Moderate,Moderate,Low
india,bihar,arrah,"new dm office, arrah - bspcb",2026-07-01 23:00:00.000000000,25.5626095,84.663264,so2,5.0,5.0,5.0,9,good,26.4,57.9,28.8,2026,7,1,23,wednesday,summer,223676.0,64.0,0,Evening,0.0,Warm,Moderate,High
india,bihar,aurangabad,"gurdeo nagar, aurangabad - bspcb",2026-07-01 23:00:00.000000000,24.75746,84.366208,pm10,16.5,54.0,49.0,355,hazardous,37.5,68.5,7.2,2026,7,1,23,wednesday,summer,1016441.0,588.0,0,Evening,37.5,Hot,Moderate,Low
india,bihar,aurangabad,"gurdeo nagar, aurangabad - bspcb",2026-07-01 23:00:00.000000000,24.75746,84.366208,co,28.0,103.0,93.0,88,moderate,32.4,39.1,10.6,2026,7,1,23,wednesday,summer,1016441.0,588.0,0,Evening,75.0,Warm,Low,Moderate
india,bihar,bettiah,"kamalnath nagar, bettiah - bspcb",2026-07-01 23:00:00.000000000,26.80365,84.51954,co,28.0,41.0,33.0,46,good,30.7,33.4,23.8,2026,7,1,23,wednesday,summer,127008.0,84.0,0,Evening,13.0,Warm,Low,High
india,bihar,bettiah,"kamalnath nagar, bettiah - bspcb",2026-07-01 23:00:00.000000000,26.80365,84.51954,ozone,20.0,23.0,22.0,6,good,37.3,90.6,25.7,2026,7,1,23,wednesday,summer,127008.0,84.0,0,Evening,3.0,Hot,High,High
india,bihar,bhagalpur,"mayaganj, bhagalpur - bspcb",2026-07-01 23:00:00.000000000,25.265194,87.012947,pm2.5,13.0,197.0,40.0,27,good,23.3,38.6,9.5,2026,7,1,23,wednesday,summer,361548.0,52.0,0,Evening,184.0,Moderate,Low,Low
india,bihar,bhagalpur,"mayaganj, bhagalpur - bspcb",2026-07-01 23:00:00.000000000,25.265194,87.012947,so2,6.0,40.0,22.0,11,good,28.1,93.2,28.1,2026,7,1,23,wednesday,summer,361548.0,52.0,0,Evening,34.0,Warm,High,High
india,bihar,bhagalpur,"mayaganj, bhagalpur - bspcb",2026-07-01 23:00:00.000000000,25.265194,87.012947,co,22.0,49.0,36.0,37,good,20.7,46.2,5.6,2026,7,1,23,wednesday,summer,361548.0,52.0,0,Evening,27.0,Moderate,Moderate,Low
india,bihar,samastipur,"dm office_kasipur, samastipur - bspcb",2026-07-01 23:00:00.000000000,25.859655,85.77944,so2,18.75,41.5,30.75,463,hazardous,16.7,49.0,1.7,2026,7,1,23,wednesday,summer,57575.0,52.0,0,Evening,22.75,Moderate,Moderate,Low
india,bihar,siwan,"chitragupta nagar, siwan - bspcb",2026-07-01 23:00:00.000000000,26.2271665,84.3570427,nh3,1.0,1.0,1.0,7,good,27.2,49.9,7.8,2026,7,1,23,wednesday,summer,119181.0,71.0,0,Evening,0.0,Warm,Moderate,Low
india,chandigarh,chandigarh,"sector-25, chandigarh - cpcc",2026-07-01 23:00:00.000000000,30.751462,76.762879,pm2.5,9.25,15.0,12.0,403,hazardous,36.9,80.5,2.5,2026,7,1,23,wednesday,summer,960787.0,351.0,0,Evening,5.75,Hot,High,Low
india,chandigarh,chandigarh,"sector-25, chandigarh - cpcc",2026-07-01 23:00:00.000000000,30.751462,76.762879,no2,17.5,29.0,23.0,324,hazardous,18.1,47.2,24.7,2026,7,1,23,wednesday,summer,960787.0,351.0,0,Evening,11.5,Moderate,Moderate,High
india,chandigarh,chandigarh,"sector-25, chandigarh - cpcc",2026-07-01 23:00:00.000000000,30.751462,76.762879,nh3,25.75,43.0,34.0,472,hazardous,28.0,93.0,5.2,2026,7,1,23,wednesday,summer,960787.0,351.0,0,Evening,17.25,Warm,High,Low
india,chandigarh,chandigarh,"sector-53, chandigarh - cpcc",2026-07-01 23:00:00.000000000,30.719859,76.738637,co,34.0,57.0,45.0,40,good,15.9,40.4,28.0,2026,7,1,23,wednesday,summer,960787.0,351.0,0,Evening,23.0,Moderate,Moderate,High
india,chhattisgarh,bhilai,"civic center, bhilai - bhilai steel plant",2026-07-01 23:00:00.000000000,21.185571,81.343175,pm2.5,1.0,23.0,7.0,7,good,26.1,93.2,23.4,2026,7,1,23,wednesday,summer,625138.0,307.0,0,Evening,22.0,Warm,High,High
india,chhattisgarh,bhilai,"civic center, bhilai - bhilai steel plant",2026-07-01 23:00:00.000000000,21.185571,81.343175,so2,9.0,32.0,11.0,3,good,21.3,40.6,3.0,2026,7,1,23,wednesday,summer,625138.0,307.0,0,Evening,23.0,Moderate,Moderate,Low
india,bihar,patna,"drm office danapur, patna - bspcb",2026-07-01 23:00:00.000000000,25.586562,85.043586,pm2.5,23.0,117.0,48.0,10,good,32.0,53.8,14.8,2026,7,1,23,wednesday,summer,1599920.0,53.0,0,Evening,94.0,Warm,Moderate,Moderate
india,bihar,patna,"rajbansi nagar, patna - bspcb",2026-07-01 23:00:00.000000000,25.599486,85.113666,pm2.5,43.0,63.0,51.0,56,moderate,26.3,82.9,4.3,2026,7,1,23,wednesday,summer,1599920.0,53.0,0,Evening,20.0,Warm,High,Low
india,bihar,patna,"rajbansi nagar, patna - bspcb",2026-07-01 23:00:00.000000000,25.599486,85.113666,no2,29.0,32.0,31.0,37,good,29.7,47.7,4.8,2026,7,1,23,wednesday,summer,1599920.0,53.0,0,Evening,3.0,Warm,Moderate,Low
india,bihar,patna,"samanpura, patna - bspcb",2026-07-01 23:00:00.000000000,25.596727,85.085624,pm2.5,62.0,66.0,64.0,71,moderate,28.6,54.0,4.6,2026,7,1,23,wednesday,summer,1599920.0,53.0,0,Evening,4.0,Warm,Moderate,Low
india,bihar,patna,"muradpur, patna - bspcb",2026-07-01 23:00:00.000000000,25.619651,85.147382,nh3,54.0,59.5,56.5,478,hazardous,31.3,45.6,5.8,2026,7,1,23,wednesday,summer,1599920.0,53.0,0,Evening,5.5,Warm,Moderate,Low
india,bihar,patna,"muradpur, patna - bspcb",2026-07-01 23:00:00.000000000,25.619651,85.147382,co,46.0,53.0,49.0,28,good,32.0,43.2,28.4,2026,7,1,23,wednesday,summer,1599920.0,53.0,0,Evening,7.0,Warm,Moderate,High
india,bihar,rajgir,"dangi tola, rajgir - bspcb",2026-07-01 23:00:00.000000000,25.0328,85.41948,pm2.5,25.0,120.0,59.0,91,moderate,15.0,76.6,5.4,2026,7,1,23,wednesday,summer,38348.0,85.0,0,Evening,95.0,Moderate,High,Low
india,bihar,rajgir,"dangi tola, rajgir - bspcb",2026-07-01 23:00:00.000000000,25.0328,85.41948,so2,3.0,3.0,3.0,50,good,15.4,78.3,20.8,2026,7,1,23,wednesday,summer,38348.0,85.0,0,Evening,0.0,Moderate,High,High
india,bihar,rajgir,"dangi tola, rajgir - bspcb",2026-07-01 23:00:00.000000000,25.0328,85.41948,co,37.0,46.0,42.0,45,good,17.0,79.9,3.7,2026,7,1,23,wednesday,summer,38348.0,85.0,0,Evening,9.0,Moderate,High,Low
india,bihar,saharsa,"police line, saharsa - bspcb",2026-07-01 23:00:00.000000000,25.892357,86.590325,pm2.5,39.5,59.5,53.0,331,hazardous,30.4,51.7,25.9,2026,7,1,23,wednesday,summer,145764.0,48.0,0,Evening,20.0,Warm,Moderate,High
india,bihar,chhapra,"darshan nagar, chhapra - bspcb",2026-07-01 23:00:00.000000000,25.7808257,84.7446768,pm2.5,42.0,73.0,64.0,62,moderate,27.9,55.8,13.9,2026,7,1,23,wednesday,summer,201597.0,61.0,0,Evening,31.0,Warm,Moderate,Moderate
india,bihar,gaya,"collectorate, gaya - bspcb",2026-07-01 23:00:00.000000000,24.7955,84.9994,co,11.0,12.0,12.0,3,good,35.6,44.9,2.0,2026,7,1,23,wednesday,summer,423692.0,117.0,0,Evening,1.0,Hot,Moderate,Low
india,bihar,gaya,"sfti kusdihra, gaya - bspcb",2026-07-01 23:00:00.000000000,24.762518,84.982348,pm2.5,23.0,68.0,43.0,29,good,17.3,50.7,11.0,2026,7,1,23,wednesday,summer,423692.0,117.0,0,Evening,45.0,Moderate,Moderate,Moderate
india,bihar,gaya,"sfti kusdihra, gaya - bspcb",2026-07-01 23:00:00.000000000,24.762518,84.982348,pm10,31.0,70.0,46.0,42,good,32.5,93.2,19.3,2026,7,1,23,wednesday,summer,423692.0,117.0,0,Evening,39.0,Warm,High,Moderate
india,bihar,gaya,"sfti kusdihra, gaya - bspcb",2026-07-01 23:00:00.000000000,24.762518,84.982348,no2,16.0,24.0,20.0,16,good,20.5,31.7,12.5,2026,7,1,23,wednesday,summer,423692.0,117.0,0,Evening,8.0,Moderate,Low,Moderate
india,bihar,gaya,"kareemganj, gaya - bspcb",2026-07-01 23:00:00.000000000,24.792403,84.992416,pm10,17.0,135.0,67.0,52,moderate,38.5,82.4,21.9,2026,7,1,23,wednesday,summer,423692.0,117.0,0,Evening,118.0,Hot,High,High
india,bihar,gaya,"kareemganj, gaya - bspcb",2026-07-01 23:00:00.000000000,24.792403,84.992416,co,28.0,28.0,28.0,34,good,36.6,89.1,6.3,2026,7,1,23,wednesday,summer,423692.0,117.0,0,Evening,0.0,Hot,High,Low
india,bihar,hajipur,"industrial area, hajipur - bspcb",2026-07-01 23:00:00.000000000,25.697189,85.2459,no2,7.0,22.0,12.0,1,good,34.9,47.5,25.9,2026,7,1,23,wednesday,summer,133606.0,55.0,0,Evening,15.0,Warm,Moderate,High
india,bihar,kishanganj,"sdm office_khagra, kishanganj - bspcb",2026-07-01 23:00:00.000000000,26.0881305,87.93840336,nh3,3.0,3.0,3.0,11,good,33.0,77.1,17.1,2026,7,1,23,wednesday,summer,94807.0,57.0,0,Evening,0.0,Warm,High,Moderate
india,bihar,munger,"town hall, munger - bspcb",2026-07-01 23:00:00.000000000,25.376776,86.471523,pm10,9.0,68.0,33.0,0,good,34.5,38.5,20.5,2026,7,1,23,wednesday,summer,203163.0,49.0,0,Evening,59.0,Warm,Low,High
india,bihar,muzaffarpur,"buddha colony, muzaffarpur - bspcb",2026-07-01 23:00:00.000000000,26.11442,85.39813,pm10,58.0,96.0,75.0,69,moderate,21.2,60.3,19.0,2026,7,1,23,wednesday,summer,333200.0,60.0,0,Evening,38.0,Moderate,Moderate,Moderate
india,bihar,muzaffarpur,"buddha colony, muzaffarpur - bspcb",2026-07-01 23:00:00.000000000,26.11442,85.39813,nh3,6.0,9.0,8.0,5,good,30.5,75.5,18.4,2026,7,1,23,wednesday,summer,333200.0,60.0,0,Evening,3.0,Warm,High,Moderate
india,bihar,muzaffarpur,"buddha colony, muzaffarpur - bspcb",2026-07-01 23:00:00.000000000,26.11442,85.39813,co,20.0,32.0,25.0,39,good,33.3,43.8,14.6,2026,7,1,23,wednesday,summer,333200.0,60.0,0,Evening,12.0,Warm,Moderate,Moderate
india,bihar,muzaffarpur,"muzaffarpur collectorate, muzaffarpur - bspcb",2026-07-01 23:00:00.000000000,26.1209,85.3647,nh3,28.0,44.333333333333336,34.666666666666664,415,hazardous,30.8,65.5,14.5,2026,7,1,23,wednesday,summer,333200.0,60.0,0,Evening,16.333333333333336,Warm,Moderate,Moderate
india,delhi,delhi,"north campus, du, delhi - iitm",2026-07-01 23:00:00.000000000,28.6573814,77.1585447,so2,36.0,56.66666666666667,44.33333333333333,394,hazardous,31.1,38.5,16.1,2026,7,1,23,wednesday,summer,10927986.0,227.0,0,Evening,20.66666666666667,Warm,Low,Moderate
india,delhi,delhi,"north campus, du, delhi - iitm",2026-07-01 23:00:00.000000000,28.6573814,77.1585447,co,44.0,69.0,54.0,87,moderate,37.8,70.4,25.8,2026,7,1,23,wednesday,summer,10927986.0,227.0,0,Evening,25.0,Hot,High,High
india,delhi,delhi,"crri mathura road, delhi - iitm",2026-07-01 23:00:00.000000000,28.5512005,77.2735737,pm10,32.0,114.0,84.0,82,moderate,35.7,45.1,3.8,2026,7,1,23,wednesday,summer,10927986.0,227.0,0,Evening,82.0,Hot,Moderate,Low
india,delhi,delhi,"imd lodhi road, delhi - iitm",2026-07-01 23:00:00.000000000,28.5918245,77.2273074,no2,6.0,27.0,12.0,41,good,35.6,90.5,7.9,2026,7,1,23,wednesday,summer,10927986.0,227.0,0,Evening,21.0,Hot,High,Low
india,delhi,delhi,"imd lodhi road, delhi - iitm",2026-07-01 23:00:00.000000000,28.5918245,77.2273074,nh3,16.5,55.0,31.0,455,hazardous,28.9,38.0,1.3,2026,7,1,23,wednesday,summer,10927986.0,227.0,0,Evening,38.5,Warm,Low,Low
india,gujarat,ahmedabad,"sac isro bopal, ahmedabad - iitm",2026-07-01 23:00:00.000000000,23.041137,72.456691,pm2.5,27.0,83.0,50.0,3,good,28.2,87.7,20.4,2026,7,1,23,wednesday,summer,3719710.0,56.0,0,Evening,56.0,Warm,High,High
india,gujarat,ahmedabad,"sac isro bopal, ahmedabad - iitm",2026-07-01 23:00:00.000000000,23.041137,72.456691,ozone,18.0,40.0,27.0,22,good,27.1,36.7,14.6,2026,7,1,23,wednesday,summer,3719710.0,56.0,0,Evening,22.0,Warm,Low,Moderate
india,gujarat,ahmedabad,"rakhial, ahmedabad - iitm",2026-07-01 23:00:00.000000000,23.016834,72.625775,so2,13.0,55.0,21.0,20,good,39.3,39.1,29.8,2026,7,1,23,wednesday,summer,3719710.0,56.0,0,Evening,42.0,Hot,Low,High
india,gujarat,ahmedabad,"rakhial, ahmedabad - iitm",2026-07-01 23:00:00.000000000,23.016834,72.625775,co,23.0,27.0,25.0,15,good,37.7,34.6,3.1,2026,7,1,23,wednesday,summer,3719710.0,56.0,0,Evening,4.0,Hot,Low,Low
india,gujarat,ahmedabad,"maninagar, ahmedabad - gpcb",2026-07-01 23:00:00.000000000,23.002657,72.591912,nh3,13.5,75.5,48.5,312,hazardous,33.1,50.8,7.2,2026,7,1,23,wednesday,summer,3719710.0,56.0,0,Evening,62.0,Warm,Moderate,Low
india,gujarat,ahmedabad,"maninagar, ahmedabad - gpcb",2026-07-01 23:00:00.000000000,23.002657,72.591912,so2,4.0,124.0,72.0,90,moderate,27.0,50.2,3.4,2026,7,1,23,wednesday,summer,3719710.0,56.0,0,Evening,120.0,Warm,Moderate,Low
india,gujarat,ahmedabad,"gyaspur, ahmedabad - iitm",2026-07-01 23:00:00.000000000,22.977134,72.553024,pm10,37.0,145.0,80.0,52,moderate,32.0,69.2,16.9,2026,7,1,23,wednesday,summer,3719710.0,56.0,0,Evening,108.0,Warm,Moderate,Moderate
india,gujarat,ahmedabad,"gyaspur, ahmedabad - iitm",2026-07-01 23:00:00.000000000,22.977134,72.553024,co,19.0,31.0,26.0,20,good,36.0,30.0,22.3,2026,7,1,23,wednesday,summer,3719710.0,56.0,0,Evening,12.0,Hot,Low,High
india,gujarat,ahmedabad,"svpi airport hansol, ahmedabad - iitm",2026-07-01 23:00:00.000000000,23.076793,72.627874,nh3,1.0,2.0,1.0,27,good,20.2,84.9,10.3,2026,7,1,23,wednesday,summer,3719710.0,56.0,0,Evening,1.0,Moderate,High,Moderate
india,gujarat,vadodara,"bapunagar, vadodara - nexteng enviro",2026-07-01 23:00:00.000000000,22.320153,73.216285,so2,6.0,7.0,7.0,3,good,17.4,89.1,0.7,2026,7,1,23,wednesday,summer,1409476.0,46.0,0,Evening,1.0,Moderate,High,Low
india,gujarat,vadodara,"bapunagar, vadodara - nexteng enviro",2026-07-01 23:00:00.000000000,22.320153,73.216285,co,94.0,97.0,95.0,69,moderate,39.8,88.1,4.4,2026,7,1,23,wednesday,summer,1409476.0,46.0,0,Evening,3.0,Hot,High,Low
india,gujarat,vapi,"phase-1 gidc, vapi - gpcb",2026-07-01 23:00:00.000000000,20.362421,72.918013,pm2.5,83.0,132.66666666666666,94.66666666666669,418,hazardous,35.4,90.5,20.7,2026,7,1,23,wednesday,summer,71395.0,30.0,0,Evening,49.66666666666666,Hot,High,High
india,gujarat,vapi,"phase-1 gidc, vapi - gpcb",2026-07-01 23:00:00.000000000,20.362421,72.918013,so2,72.0,168.33333333333331,94.33333333333331,370,hazardous,18.4,50.5,7.6,2026,7,1,23,wednesday,summer,71395.0,30.0,0,Evening,96.33333333333331,Moderate,Moderate,Low
india,haryana,bahadurgarh,"arya nagar, bahadurgarh - hspcb",2026-07-01 23:00:00.000000000,28.6701,76.9254,pm2.5,73.0,285.0,148.0,106,unhealthy for sensitive groups,28.0,55.0,25.2,2026,7,1,23,wednesday,summer,153613.0,215.0,0,Evening,212.0,Warm,Moderate,High
india,haryana,bahadurgarh,"arya nagar, bahadurgarh - hspcb",2026-07-01 23:00:00.000000000,28.6701,76.9254,co,44.0,49.0,47.0,6,good,21.2,53.0,0.6,2026,7,1,23,wednesday,summer,153613.0,215.0,0,Evening,5.0,Moderate,Moderate,Low
india,haryana,bhiwani,"h.b. colony, bhiwani - hspcb",2026-07-01 23:00:00.000000000,28.806223,76.141105,co,1.0,5.0,3.0,42,good,34.9,40.8,22.3,2026,7,1,23,wednesday,summer,190855.0,223.0,0,Evening,4.0,Warm,Moderate,High
india,haryana,bhiwani,"h.b. colony, bhiwani - hspcb",2026-07-01 23:00:00.000000000,28.806223,76.141105,ozone,11.0,19.0,15.0,25,good,34.1,67.6,4.6,2026,7,1,23,wednesday,summer,190855.0,223.0,0,Evening,8.0,Warm,Moderate,Low
india,haryana,charkhi dadri,"mini secretariat, charkhi dadri - hspcb",2026-07-01 23:00:00.000000000,28.593883,76.270653,pm10,55.0,153.0,96.0,89,moderate,36.4,33.0,28.9,2026,7,1,23,wednesday,summer,50558.0,225.0,0,Evening,98.0,Hot,Low,High
india,haryana,charkhi dadri,"mini secretariat, charkhi dadri - hspcb",2026-07-01 23:00:00.000000000,28.593883,76.270653,co,10.0,16.0,13.0,1,good,24.3,82.6,9.3,2026,7,1,23,wednesday,summer,50558.0,225.0,0,Evening,6.0,Moderate,High,Low
india,haryana,charkhi dadri,"mini secretariat, charkhi dadri - hspcb",2026-07-01 23:00:00.000000000,28.593883,76.270653,ozone,21.0,35.0,28.0,30,good,19.1,50.7,5.1,2026,7,1,23,wednesday,summer,50558.0,225.0,0,Evening,14.0,Moderate,Moderate,Low
india,haryana,dharuhera,"municipal corporation office, dharuhera -  hspcb",2026-07-01 23:00:00.000000000,28.2068,76.7997,nh3,9.0,20.0,13.0,49,good,25.4,89.7,24.4,2026,7,1,23,wednesday,summer,23132.0,255.0,0,Evening,11.0,Warm,High,High
india,haryana,faridabad,"sector 11, faridabad - hspcb",2026-07-01 23:00:00.000000000,28.376058,77.315741,pm10,11.0,274.0,130.0,145,unhealthy for sensitive groups,18.4,80.2,24.8,2026,7,1,23,wednesday,summer,1220229.0,209.0,0,Evening,263.0,Moderate,High,High
india,haryana,faridabad,"new industrial town, faridabad - hspcb",2026-07-01 23:00:00.000000000,28.39072,77.30059,nh3,11.0,12.0,11.0,3,good,24.1,67.7,15.4,2026,7,1,23,wednesday,summer,1220229.0,209.0,0,Evening,1.0,Moderate,Moderate,Moderate
india,haryana,faridabad,"sector 30, faridabad - hspcb",2026-07-01 23:00:00.000000000,28.4417,77.3217,nh3,10.0,12.0,11.0,44,good,36.7,79.0,1.3,2026,7,1,23,wednesday,summer,1220229.0,209.0,0,Evening,2.0,Hot,High,Low
india,haryana,fatehabad,"huda sector, fatehabad - hspcb",2026-07-01 23:00:00.000000000,29.503664,75.467934,pm10,16.0,26.5,21.5,467,hazardous,17.6,61.7,1.7,2026,7,1,23,wednesday,summer,66013.0,216.0,0,Evening,10.5,Moderate,Moderate,Low
india,haryana,fatehabad,"huda sector, fatehabad - hspcb",2026-07-01 23:00:00.000000000,29.503664,75.467934,ozone,22.0,41.0,32.0,22,good,32.1,57.5,14.6,2026,7,1,23,wednesday,summer,66013.0,216.0,0,Evening,19.0,Warm,Moderate,Moderate
india,delhi,delhi,"najafgarh, delhi - dpcc",2026-07-01 23:00:00.000000000,28.570173,76.933762,so2,13.0,20.0,15.0,42,good,20.5,44.4,4.0,2026,7,1,23,wednesday,summer,10927986.0,227.0,0,Evening,7.0,Moderate,Moderate,Low
india,delhi,delhi,"najafgarh, delhi - dpcc",2026-07-01 23:00:00.000000000,28.570173,76.933762,co,37.0,43.0,40.0,27,good,32.8,89.0,14.4,2026,7,1,23,wednesday,summer,10927986.0,227.0,0,Evening,6.0,Warm,High,Moderate
india,delhi,delhi,"wazirpur, delhi - dpcc",2026-07-01 23:00:00.000000000,28.699793,77.165453,pm10,79.0,191.0,131.0,127,unhealthy for sensitive groups,29.1,90.3,11.0,2026,7,1,23,wednesday,summer,10927986.0,227.0,0,Evening,112.0,Warm,High,Moderate
india,delhi,delhi,"shadipur, delhi - cpcb",2026-07-01 23:00:00.000000000,28.6514781,77.1473105,nh3,6.0,10.0,9.0,25,good,36.3,76.5,11.4,2026,7,1,23,wednesday,summer,10927986.0,227.0,0,Evening,4.0,Hot,High,Moderate
india,delhi,delhi,"shadipur, delhi - cpcb",2026-07-01 23:00:00.000000000,28.6514781,77.1473105,ozone,29.0,35.0,32.0,16,good,19.2,60.7,10.7,2026,7,1,23,wednesday,summer,10927986.0,227.0,0,Evening,6.0,Moderate,Moderate,Moderate
india,delhi,delhi,"mundka, delhi - dpcc",2026-07-01 23:00:00.000000000,28.684678,77.076574,pm10,41.0,197.0,116.0,146,unhealthy for sensitive groups,34.3,65.8,14.8,2026,7,1,23,wednesday,summer,10927986.0,227.0,0,Evening,156.0,Warm,Moderate,Moderate
india,delhi,delhi,"mundka, delhi - dpcc",2026-07-01 23:00:00.000000000,28.684678,77.076574,so2,0.0,12.0,4.0,24,good,31.1,33.8,13.3,2026,7,1,23,wednesday,summer,10927986.0,227.0,0,Evening,12.0,Warm,Low,Moderate
india,delhi,delhi,"sirifort, delhi - cpcb",2026-07-01 23:00:00.000000000,28.5504249,77.2159377,no2,13.0,23.0,17.0,17,good,16.2,38.4,21.8,2026,7,1,23,wednesday,summer,10927986.0,227.0,0,Evening,10.0,Moderate,Low,High
india,delhi,delhi,"sirifort, delhi - cpcb",2026-07-01 23:00:00.000000000,28.5504249,77.2159377,co,11.0,19.0,15.0,46,good,39.5,71.8,22.2,2026,7,1,23,wednesday,summer,10927986.0,227.0,0,Evening,8.0,Hot,High,High
india,delhi,delhi,"dr. karni singh shooting range, delhi - dpcc",2026-07-01 23:00:00.000000000,28.498571,77.26484,pm10,30.0,122.0,83.0,54,moderate,34.6,34.7,26.9,2026,7,1,23,wednesday,summer,10927986.0,227.0,0,Evening,92.0,Warm,Low,High
india,delhi,delhi,"dr. karni singh shooting range, delhi - dpcc",2026-07-01 23:00:00.000000000,28.498571,77.26484,no2,6.0,20.0,12.0,13,good,17.1,31.7,15.8,2026,7,1,23,wednesday,summer,10927986.0,227.0,0,Evening,14.0,Moderate,Low,Moderate
india,delhi,delhi,"cantonment area, delhi - dpcc",2026-07-01 23:00:00.000000000,28.594169,77.1251,ozone,22.0,84.0,49.0,50,good,19.5,44.3,16.3,2026,7,1,23,wednesday,summer,10927986.0,227.0,0,Evening,62.0,Moderate,Moderate,Moderate
india,delhi,delhi,"nsut jaffarpur, delhi - dpcc",2026-07-01 23:00:00.000000000,28.594004,76.909423,co,41.0,50.0,46.0,18,good,15.7,56.1,24.4,2026,7,1,23,wednesday,summer,10927986.0,227.0,0,Evening,9.0,Moderate,Moderate,High
india,delhi,delhi,"bawana, delhi - dpcc",2026-07-01 23:00:00.000000000,28.7762,77.051074,pm2.5,38.0,331.0,109.0,128,unhealthy for sensitive groups,28.0,66.1,22.7,2026,7,1,23,wednesday,summer,10927986.0,227.0,0,Evening,293.0,Warm,Moderate,High
india,delhi,delhi,"bawana, delhi - dpcc",2026-07-01 23:00:00.000000000,28.7762,77.051074,no2,8.0,27.0,15.0,31,good,21.4,31.2,7.5,2026,7,1,23,wednesday,summer,10927986.0,227.0,0,Evening,19.0,Moderate,Low,Low
india,delhi,delhi,"major dhyan chand national stadium, delhi - dpcc",2026-07-01 23:00:00.000000000,28.611281,77.237738,pm2.5,12.0,60.0,37.0,17,good,36.1,39.6,5.2,2026,7,1,23,wednesday,summer,10927986.0,227.0,0,Evening,48.0,Hot,Low,Low
india,delhi,delhi,"major dhyan chand national stadium, delhi - dpcc",2026-07-01 23:00:00.000000000,28.611281,77.237738,pm10,40.0,111.0,82.0,55,moderate,29.8,93.4,12.5,2026,7,1,23,wednesday,summer,10927986.0,227.0,0,Evening,71.0,Warm,High,Moderate
india,delhi,delhi,"major dhyan chand national stadium, delhi - dpcc",2026-07-01 23:00:00.000000000,28.611281,77.237738,no2,24.0,74.0,38.0,8,good,18.2,55.7,8.3,2026,7,1,23,wednesday,summer,10927986.0,227.0,0,Evening,50.0,Moderate,Moderate,Low
india,delhi,delhi,"sonia vihar, delhi - dpcc",2026-07-01 23:00:00.000000000,28.710508,77.249485,pm10,68.0,149.0,119.0,123,unhealthy for sensitive groups,34.5,71.0,15.6,2026,7,1,23,wednesday,summer,10927986.0,227.0,0,Evening,81.0,Warm,High,Moderate
india,delhi,delhi,"sonia vihar, delhi - dpcc",2026-07-01 23:00:00.000000000,28.710508,77.249485,nh3,14.0,24.0,18.0,18,good,32.4,62.4,13.1,2026,7,1,23,wednesday,summer,10927986.0,227.0,0,Evening,10.0,Warm,Moderate,Moderate
india,delhi,delhi,"patparganj, delhi - dpcc",2026-07-01 23:00:00.000000000,28.623763,77.287209,pm2.5,40.0,97.0,68.0,84,moderate,18.4,61.2,21.6,2026,7,1,23,wednesday,summer,10927986.0,227.0,0,Evening,57.0,Moderate,Moderate,High
india,delhi,delhi,"anand vihar, delhi - dpcc",2026-07-01 23:00:00.000000000,28.647622,77.315809,co,30.0,103.0,79.0,52,moderate,28.9,82.8,22.3,2026,7,1,23,wednesday,summer,10927986.0,227.0,0,Evening,73.0,Warm,High,High
india,delhi,delhi,"ashok vihar, delhi - dpcc",2026-07-01 23:00:00.000000000,28.695381,77.181665,pm2.5,28.0,94.0,64.0,75,moderate,20.4,44.5,14.1,2026,7,1,23,wednesday,summer,10927986.0,227.0,0,Evening,66.0,Moderate,Moderate,Moderate
india,delhi,delhi,"dwarka-sector 8, delhi - dpcc",2026-07-01 23:00:00.000000000,28.5710274,77.0719006,no2,14.0,42.0,23.0,42,good,26.8,83.3,1.1,2026,7,1,23,wednesday,summer,10927986.0,227.0,0,Evening,28.0,Warm,High,Low
india,delhi,delhi,"dwarka-sector 8, delhi - dpcc",2026-07-01 23:00:00.000000000,28.5710274,77.0719006,nh3,8.0,15.0,11.0,47,good,31.2,36.8,6.9,2026,7,1,23,wednesday,summer,10927986.0,227.0,0,Evening,7.0,Warm,Low,Low
india,delhi,delhi,"ito, delhi - cpcb",2026-07-01 23:00:00.000000000,28.628624,77.24106,pm2.5,18.0,96.0,70.0,51,moderate,35.3,74.1,0.5,2026,7,1,23,wednesday,summer,10927986.0,227.0,0,Evening,78.0,Hot,High,Low
india,delhi,delhi,"igi airport (t3), delhi - iitm",2026-07-01 23:00:00.000000000,28.5627763,77.1180053,no2,29.0,82.0,52.0,94,moderate,25.8,53.5,9.9,2026,7,1,23,wednesday,summer,10927986.0,227.0,0,Evening,53.0,Warm,Moderate,Low
india,delhi,delhi,"igi airport (t3), delhi - iitm",2026-07-01 23:00:00.000000000,28.5627763,77.1180053,co,12.0,18.0,15.0,5,good,24.8,72.4,9.3,2026,7,1,23,wednesday,summer,10927986.0,227.0,0,Evening,6.0,Moderate,High,Low
india,delhi,delhi,"burari crossing, delhi - iitm",2026-07-01 23:00:00.000000000,28.7256504,77.2011573,pm2.5,36.0,95.0,69.0,66,moderate,32.1,31.9,13.1,2026,7,1,23,wednesday,summer,10927986.0,227.0,0,Evening,59.0,Warm,Low,Moderate
india,delhi,delhi,"iit delhi, delhi - iitm",2026-07-01 23:00:00.000000000,28.54246,77.191651,no2,7.0,16.0,10.0,18,good,36.9,76.6,3.1,2026,7,1,23,wednesday,summer,10927986.0,227.0,0,Evening,9.0,Hot,High,Low
india,delhi,delhi,"iit delhi, delhi - iitm",2026-07-01 23:00:00.000000000,28.54246,77.191651,co,28.0,33.0,30.0,12,good,17.9,58.1,18.8,2026,7,1,23,wednesday,summer,10927986.0,227.0,0,Evening,5.0,Moderate,Moderate,Moderate
india,gujarat,gandhinagar,"gift city, gandhinagar - iitm",2026-07-01 23:00:00.000000000,23.163798,72.677768,pm10,82.0,126.0,113.0,138,unhealthy for sensitive groups,22.1,35.9,25.8,2026,7,1,23,wednesday,summer,195985.0,54.0,0,Evening,44.0,Moderate,Low,High
india,gujarat,gandhinagar,"sector-10, gandhinagar - gpcb",2026-07-01 23:00:00.000000000,23.221714,72.654328,pm10,41.0,81.0,59.0,68,moderate,16.6,40.2,13.7,2026,7,1,23,wednesday,summer,195985.0,54.0,0,Evening,40.0,Moderate,Moderate,Moderate
india,gujarat,surat,"katargam, surat - nexteng enviro",2026-07-01 23:00:00.000000000,21.217779,72.834787,pm10,17.0,129.0,69.0,60,moderate,38.7,55.4,10.8,2026,7,1,23,wednesday,summer,2894504.0,20.0,0,Evening,112.0,Hot,Moderate,Moderate
india,gujarat,surat,"katargam, surat - nexteng enviro",2026-07-01 23:00:00.000000000,21.217779,72.834787,no2,12.0,84.0,39.0,17,good,22.5,84.8,2.7,2026,7,1,23,wednesday,summer,2894504.0,20.0,0,Evening,72.0,Moderate,High,Low
india,delhi,delhi,"jawaharlal nehru stadium, delhi - dpcc",2026-07-01 23:00:00.000000000,28.58028,77.233829,co,48.0,66.0,57.0,68,moderate,16.4,55.8,8.1,2026,7,1,23,wednesday,summer,10927986.0,227.0,0,Evening,18.0,Moderate,Moderate,Low
india,delhi,delhi,"nsit dwarka, delhi - cpcb",2026-07-01 23:00:00.000000000,28.60909,77.0325413,nh3,3.0,11.0,5.0,29,good,38.7,82.8,5.3,2026,7,1,23,wednesday,summer,10927986.0,227.0,0,Evening,8.0,Hot,High,Low
india,delhi,delhi,"nsit dwarka, delhi - cpcb",2026-07-01 23:00:00.000000000,28.60909,77.0325413,so2,10.0,21.0,15.0,12,good,22.4,51.8,11.9,2026,7,1,23,wednesday,summer,10927986.0,227.0,0,Evening,11.0,Moderate,Moderate,Moderate
india,delhi,delhi,"okhla phase-2, delhi - dpcc",2026-07-01 23:00:00.000000000,28.530785,77.271255,ozone,9.0,29.0,20.0,1,good,20.1,50.0,1.3,2026,7,1,23,wednesday,summer,10927986.0,227.0,0,Evening,20.0,Moderate,Moderate,Low
india,delhi,delhi,"rohini, delhi - dpcc",2026-07-01 23:00:00.000000000,28.732528,77.11992,no2,19.0,68.0,32.0,6,good,24.5,52.8,16.4,2026,7,1,23,wednesday,summer,10927986.0,227.0,0,Evening,49.0,Moderate,Moderate,Moderate
india,delhi,delhi,"vivek vihar, delhi - dpcc",2026-07-01 23:00:00.000000000,28.672342,77.31526,pm2.5,38.0,114.0,59.0,87,moderate,20.3,88.4,18.6,2026,7,1,23,wednesday,summer,10927986.0,227.0,0,Evening,76.0,Moderate,High,Moderate
india,gujarat,ahmedabad,"chandkheda, ahmedabad - iitm",2026-07-01 23:00:00.000000000,23.107969,72.574648,pm10,36.0,85.0,48.0,17,good,27.5,84.8,8.4,2026,7,1,23,wednesday,summer,3719710.0,56.0,0,Evening,49.0,Warm,High,Low
india,gujarat,ankleshwar,"gidc, ankleshwar - gpcb",2026-07-01 23:00:00.000000000,21.613267,73.010555,pm2.5,24.0,53.5,33.0,356,hazardous,21.3,84.6,20.9,2026,7,1,23,wednesday,summer,74742.0,22.0,0,Evening,29.5,Moderate,High,High
india,gujarat,gandhinagar,"iiphg lekawada, gandhinagar - iitm",2026-07-01 23:00:00.000000000,23.243639,72.68994,co,12.0,22.0,18.0,28,good,17.6,41.5,26.4,2026,7,1,23,wednesday,summer,195985.0,54.0,0,Evening,10.0,Moderate,Moderate,High
india,gujarat,gandhinagar,"iiphg lekawada, gandhinagar - iitm",2026-07-01 23:00:00.000000000,23.243639,72.68994,ozone,6.0,35.0,19.0,48,good,31.4,40.2,8.8,2026,7,1,23,wednesday,summer,195985.0,54.0,0,Evening,29.0,Warm,Moderate,Low
india,jammu and kashmir,srinagar,"rajbagh, srinagar - jkpcc",2026-07-01 23:00:00.000000000,34.066206,74.81982,pm10,40.0,68.0,49.0,22,good,24.8,89.6,12.9,2026,7,1,23,wednesday,summer,20216.0,554.0,0,Evening,28.0,Moderate,High,Moderate
india,jammu and kashmir,srinagar,"rajbagh, srinagar - jkpcc",2026-07-01 23:00:00.000000000,34.066206,74.81982,no2,19.0,20.0,19.0,41,good,37.9,90.3,29.1,2026,7,1,23,wednesday,summer,20216.0,554.0,0,Evening,1.0,Hot,High,High
india,jammu and kashmir,srinagar,"khunmoh, srinagar - jkpcc",2026-07-01 23:00:00.000000000,34.06313,74.96017,pm2.5,2.0,331.0,45.0,16,good,21.8,74.9,9.6,2026,7,1,23,wednesday,summer,20216.0,554.0,0,Evening,329.0,Moderate,High,Low
india,jammu and kashmir,srinagar,"khunmoh, srinagar - jkpcc",2026-07-01 23:00:00.000000000,34.06313,74.96017,no2,0.0,25.0,20.0,21,good,33.0,82.9,9.5,2026,7,1,23,wednesday,summer,20216.0,554.0,0,Evening,25.0,Warm,High,Low
india,jharkhand,dhanbad,"sardar patel nagar, dhanbad - jspcb",2026-07-01 23:00:00.000000000,23.80569,86.44268,pm2.5,2.0,262.5,143.0,365,hazardous,35.0,83.7,8.2,2026,7,1,23,wednesday,summer,219636.0,220.0,0,Evening,260.5,Hot,High,Low
india,jharkhand,dhanbad,"sardar patel nagar, dhanbad - jspcb",2026-07-01 23:00:00.000000000,23.80569,86.44268,pm10,4.0,500.0,266.0,226,very unhealthy,17.7,42.5,2.9,2026,7,1,23,wednesday,summer,219636.0,220.0,0,Evening,496.0,Moderate,Moderate,Low
india,jharkhand,dhanbad,"sardar patel nagar, dhanbad - jspcb",2026-07-01 23:00:00.000000000,23.80569,86.44268,no2,90.0,111.0,96.0,70,moderate,26.6,64.3,11.9,2026,7,1,23,wednesday,summer,219636.0,220.0,0,Evening,21.0,Warm,Moderate,Moderate
india,karnataka,bagalkot,"vidayagiri, bagalkot - kspcb",2026-07-01 23:00:00.000000000,16.172806,75.659694,co,12.0,43.0,27.0,1,good,18.5,41.7,24.0,2026,7,1,23,wednesday,summer,97269.0,532.0,0,Evening,31.0,Moderate,Moderate,High
india,karnataka,bengaluru,"city railway station, bengaluru - kspcb",2026-07-01 23:00:00.000000000,12.9756843,77.5660749,nh3,9.333333333333334,31.333333333333336,20.0,413,hazardous,22.0,53.9,7.3,2026,7,1,23,wednesday,summer,5104047.0,914.0,0,Evening,22.0,Moderate,Moderate,Low
india,karnataka,bengaluru,"city railway station, bengaluru - kspcb",2026-07-01 23:00:00.000000000,12.9756843,77.5660749,ozone,6.666666666666667,19.666666666666668,13.0,443,hazardous,20.8,83.8,11.5,2026,7,1,23,wednesday,summer,5104047.0,914.0,0,Evening,13.0,Moderate,High,Moderate
india,haryana,hisar,"urban estate-ii, hisar - hspcb",2026-07-01 23:00:00.000000000,29.14056,75.744941,pm10,108.0,222.0,129.0,121,unhealthy for sensitive groups,34.8,56.5,11.3,2026,7,1,23,wednesday,summer,296436.0,216.0,0,Evening,114.0,Warm,Moderate,Moderate
india,haryana,jind,"police lines, jind - hspcb",2026-07-01 23:00:00.000000000,29.307814,76.337619,co,2.0,116.0,22.0,29,good,39.5,31.8,13.9,2026,7,1,23,wednesday,summer,161260.0,233.0,0,Evening,114.0,Hot,Low,Moderate
india,haryana,karnal,"sector-12, karnal - hspcb",2026-07-01 23:00:00.000000000,29.6953,77.0027,ozone,5.0,5.0,5.0,25,good,29.3,80.6,24.7,2026,7,1,23,wednesday,summer,225049.0,255.0,0,Evening,0.0,Warm,High,High
india,karnataka,bengaluru,"jigani, bengaluru - kspcb",2026-07-01 23:00:00.000000000,12.7816279,77.6299145,pm2.5,34.0,47.0,38.0,42,good,20.4,63.7,17.9,2026,7,1,23,wednesday,summer,5104047.0,914.0,0,Evening,13.0,Moderate,Moderate,Moderate
india,karnataka,bengaluru,"jigani, bengaluru - kspcb",2026-07-01 23:00:00.000000000,12.7816279,77.6299145,co,34.0,35.0,34.0,16,good,21.4,85.2,22.4,2026,7,1,23,wednesday,summer,5104047.0,914.0,0,Evening,1.0,Moderate,High,High
india,karnataka,bengaluru,"btm layout, bengaluru - cpcb",2026-07-01 23:00:00.000000000,12.9135218,77.5950804,pm10,40.0,58.0,46.0,16,good,39.1,88.1,3.3,2026,7,1,23,wednesday,summer,5104047.0,914.0,0,Evening,18.0,Hot,High,Low
india,karnataka,bengaluru,"btm layout, bengaluru - cpcb",2026-07-01 23:00:00.000000000,12.9135218,77.5950804,ozone,24.0,25.0,25.0,41,good,32.7,44.1,23.3,2026,7,1,23,wednesday,summer,5104047.0,914.0,0,Evening,1.0,Warm,Moderate,High
india,karnataka,bengaluru,"jayanagar 5th block, bengaluru - kspcb",2026-07-01 23:00:00.000000000,12.920984,77.584908,pm10,7.0,47.0,26.0,49,good,36.5,79.9,6.8,2026,7,1,23,wednesday,summer,5104047.0,914.0,0,Evening,40.0,Hot,High,Low
india,karnataka,bengaluru,"hombegowda nagar, bengaluru - kspcb",2026-07-01 23:00:00.000000000,12.938539,77.5901,pm2.5,10.0,40.0,21.0,6,good,33.9,47.9,28.4,2026,7,1,23,wednesday,summer,5104047.0,914.0,0,Evening,30.0,Warm,Moderate,High
india,karnataka,bengaluru,"hombegowda nagar, bengaluru - kspcb",2026-07-01 23:00:00.000000000,12.938539,77.5901,pm10,13.0,57.0,29.0,36,good,32.6,79.2,15.4,2026,7,1,23,wednesday,summer,5104047.0,914.0,0,Evening,44.0,Warm,High,Moderate
india,haryana,palwal,"shyam nagar, palwal - hspcb",2026-07-01 23:00:00.000000000,28.1485564,77.3320667,nh3,8.0,9.0,9.0,21,good,15.3,33.4,13.2,2026,7,1,23,wednesday,summer,121965.0,201.0,0,Evening,1.0,Moderate,Low,Moderate
india,haryana,palwal,"shyam nagar, palwal - hspcb",2026-07-01 23:00:00.000000000,28.1485564,77.3320667,ozone,10.0,10.0,10.0,50,good,35.2,42.5,7.3,2026,7,1,23,wednesday,summer,121965.0,201.0,0,Evening,0.0,Hot,Moderate,Low
india,haryana,panipat,"sector-18, panipat - hspcb",2026-07-01 23:00:00.000000000,29.432304,76.972765,so2,35.0,35.0,35.0,41,good,30.4,59.8,23.8,2026,7,1,23,wednesday,summer,292808.0,232.0,0,Evening,0.0,Warm,Moderate,High
india,haryana,panipat,"sector-18, panipat - hspcb",2026-07-01 23:00:00.000000000,29.432304,76.972765,co,20.0,31.0,28.0,50,good,19.0,52.6,9.0,2026,7,1,23,wednesday,summer,292808.0,232.0,0,Evening,11.0,Moderate,Moderate,Low
india,haryana,rohtak,"md university, rohtak - hspcb",2026-07-01 23:00:00.000000000,28.52123,76.37138,pm2.5,28.0,95.0,67.0,51,moderate,15.8,68.5,17.5,2026,7,1,23,wednesday,summer,317245.0,222.0,0,Evening,67.0,Moderate,Moderate,Moderate
india,haryana,sirsa,"f-block, sirsa - hspcb",2026-07-01 23:00:00.000000000,29.5364,75.0158,so2,0.0,20.0,7.0,24,good,39.5,71.6,25.0,2026,7,1,23,wednesday,summer,181639.0,205.0,0,Evening,20.0,Hot,High,High
india,haryana,sonipat,"murthal, sonipat - hspcb",2026-07-01 23:00:00.000000000,29.0272,77.0621,so2,34.0,38.0,36.0,4,good,39.6,46.8,14.4,2026,7,1,23,wednesday,summer,250521.0,229.0,0,Evening,4.0,Hot,Moderate,Moderate
india,haryana,sonipat,"murthal, sonipat - hspcb",2026-07-01 23:00:00.000000000,29.0272,77.0621,co,10.0,17.0,13.0,9,good,21.3,35.1,23.4,2026,7,1,23,wednesday,summer,250521.0,229.0,0,Evening,7.0,Moderate,Low,High
india,haryana,yamuna nagar,"gobind pura, yamuna nagar - hspcb",2026-07-01 23:00:00.000000000,30.1480566,77.2893471,pm2.5,41.0,392.0,113.0,105,unhealthy for sensitive groups,20.8,46.6,3.7,2026,7,1,23,wednesday,summer,208931.0,278.0,0,Evening,351.0,Moderate,Moderate,Low
india,haryana,yamuna nagar,"gobind pura, yamuna nagar - hspcb",2026-07-01 23:00:00.000000000,30.1480566,77.2893471,pm10,43.0,387.0,101.0,133,unhealthy for sensitive groups,35.9,47.3,3.5,2026,7,1,23,wednesday,summer,208931.0,278.0,0,Evening,344.0,Hot,Moderate,Low
india,haryana,yamuna nagar,"gobind pura, yamuna nagar - hspcb",2026-07-01 23:00:00.000000000,30.1480566,77.2893471,ozone,15.0,22.0,17.0,20,good,37.5,87.6,15.5,2026,7,1,23,wednesday,summer,208931.0,278.0,0,Evening,7.0,Hot,High,Moderate
india,kerala,kollam,"polayathode, kollam - kerala pcb",2026-07-01 23:00:00.000000000,8.8787,76.6073,nh3,1.0,1.0,1.0,10,good,31.3,73.5,25.6,2026,7,1,23,wednesday,summer,394163.0,13.0,0,Evening,0.0,Warm,High,High
india,kerala,thiruvananthapuram,"plammoodu, thiruvananthapuram - kerala pcb",2026-07-01 23:00:00.000000000,8.5149093,76.9435879,no2,3.5,4.0,3.5,427,hazardous,33.1,43.7,10.4,2026,7,1,23,wednesday,summer,784153.0,18.0,0,Evening,0.5,Warm,Moderate,Moderate
india,kerala,thiruvananthapuram,"kariavattom, thiruvananthapuram - kerala pcb",2026-07-01 23:00:00.000000000,8.5637,76.8865,no2,6.0,7.0,6.0,3,good,25.8,90.1,12.9,2026,7,1,23,wednesday,summer,784153.0,18.0,0,Evening,1.0,Warm,High,Moderate
india,kerala,thrissur,"corporation ground, thrissur - kerala pcb",2026-07-01 23:00:00.000000000,10.5324,76.2159,nh3,0.0,0.0,0.0,25,good,15.9,30.6,17.8,2026,7,1,23,wednesday,summer,325110.0,7.0,0,Evening,0.0,Moderate,Low,Moderate
india,kerala,thrissur,"corporation ground, thrissur - kerala pcb",2026-07-01 23:00:00.000000000,10.5324,76.2159,so2,0.0,1.0,0.0,7,good,23.6,93.6,2.2,2026,7,1,23,wednesday,summer,325110.0,7.0,0,Evening,1.0,Moderate,High,Low
india,kerala,thrissur,"corporation ground, thrissur - kerala pcb",2026-07-01 23:00:00.000000000,10.5324,76.2159,co,10.0,19.0,14.0,15,good,34.7,43.6,11.3,2026,7,1,23,wednesday,summer,325110.0,7.0,0,Evening,9.0,Warm,Moderate,Moderate
india,madhya pradesh,bhopal,"paryavaran parisar, bhopal - mppcb",2026-07-01 23:00:00.000000000,23.210494,77.425409,co,13.0,17.0,15.0,3,good,29.3,53.1,13.2,2026,7,1,23,wednesday,summer,1599914.0,523.0,0,Evening,4.0,Warm,Moderate,Moderate
india,madhya pradesh,bhopal,"t t nagar, bhopal - mppcb",2026-07-01 23:00:00.000000000,23.233584,77.400574,pm10,7.0,71.0,37.0,34,good,37.8,68.2,10.4,2026,7,1,23,wednesday,summer,1599914.0,523.0,0,Evening,64.0,Hot,Moderate,Moderate
india,madhya pradesh,bhopal,"idgah hills, bhopal - mppcb",2026-07-01 23:00:00.000000000,23.264759,77.381568,pm2.5,6.0,38.5,21.5,496,hazardous,18.2,39.5,24.9,2026,7,1,23,wednesday,summer,1599914.0,523.0,0,Evening,32.5,Moderate,Low,High
india,karnataka,gadag,"panchal nagar, gadag - kspcb",2026-07-01 23:00:00.000000000,15.411456,75.638133,no2,0.0,1.0,0.0,5,good,36.0,76.5,20.3,2026,7,1,23,wednesday,summer,162569.0,655.0,0,Evening,1.0,Hot,High,High
india,karnataka,gadag,"panchal nagar, gadag - kspcb",2026-07-01 23:00:00.000000000,15.411456,75.638133,co,9.0,13.0,10.0,4,good,21.2,48.0,6.8,2026,7,1,23,wednesday,summer,162569.0,655.0,0,Evening,4.0,Moderate,Moderate,Low
india,karnataka,hubballi,"lingaraj nagar, hubballi - kspcb",2026-07-01 23:00:00.000000000,15.3714823,75.1160168,co,10.0,13.0,12.0,45,good,25.0,71.1,13.8,2026,7,1,23,wednesday,summer,840214.0,620.0,0,Evening,3.0,Warm,High,Moderate
india,karnataka,kalaburagi,"mahatma basaveswar colony, kalaburgi - kspcb",2026-07-01 23:00:00.000000000,17.336318,76.847397,no2,10.0,17.0,14.0,28,good,20.2,43.8,18.4,2026,7,1,23,wednesday,summer,483615.0,474.0,0,Evening,7.0,Moderate,Moderate,Moderate
india,karnataka,karwar,"khb colony, karwar - kspcb",2026-07-01 23:00:00.000000000,14.816666,74.141003,pm2.5,8.666666666666666,20.666666666666668,15.0,463,hazardous,24.1,48.8,4.0,2026,7,1,23,wednesday,summer,64457.0,9.0,0,Evening,12.000000000000002,Moderate,Moderate,Low
india,karnataka,karwar,"khb colony, karwar - kspcb",2026-07-01 23:00:00.000000000,14.816666,74.141003,so2,7.333333333333334,24.33333333333333,16.0,333,hazardous,33.4,78.7,18.1,2026,7,1,23,wednesday,summer,64457.0,9.0,0,Evening,16.999999999999993,Warm,High,Moderate
india,madhya pradesh,indore,"regional park, indore - imc",2026-07-01 23:00:00.000000000,22.678,75.8559,pm10,6.0,28.0,17.0,27,good,29.2,90.7,29.0,2026,7,1,23,wednesday,summer,1837041.0,550.0,0,Evening,22.0,Warm,High,High
india,madhya pradesh,indore,"regional park, indore - imc",2026-07-01 23:00:00.000000000,22.678,75.8559,no2,32.0,64.0,46.0,340,hazardous,32.9,61.0,1.3,2026,7,1,23,wednesday,summer,1837041.0,550.0,0,Evening,32.0,Warm,Moderate,Low
india,madhya pradesh,indore,"chhoti gwaltoli, indore - mppcb",2026-07-01 23:00:00.000000000,22.431,75.5213,no2,58.0,100.0,75.0,81,moderate,21.5,91.8,4.2,2026,7,1,23,wednesday,summer,1837041.0,550.0,0,Evening,42.0,Moderate,High,Low
india,madhya pradesh,indore,"chhoti gwaltoli, indore - mppcb",2026-07-01 23:00:00.000000000,22.431,75.5213,co,22.0,30.0,27.0,26,good,17.6,39.8,21.8,2026,7,1,23,wednesday,summer,1837041.0,550.0,0,Evening,8.0,Moderate,Low,High
india,madhya pradesh,indore,"chhoti gwaltoli, indore - mppcb",2026-07-01 23:00:00.000000000,22.431,75.5213,ozone,19.0,29.0,24.0,38,good,33.7,35.1,13.3,2026,7,1,23,wednesday,summer,1837041.0,550.0,0,Evening,10.0,Warm,Low,Moderate
india,madhya pradesh,indore,"airport area, indore - imc",2026-07-01 23:00:00.000000000,22.7289,75.8076,nh3,0.0,1.0,0.0,23,good,25.6,64.8,3.2,2026,7,1,23,wednesday,summer,1837041.0,550.0,0,Evening,1.0,Warm,Moderate,Low
india,madhya pradesh,indore,"maguda nagar, indore - imc",2026-07-01 23:00:00.000000000,22.7524,75.8872,pm2.5,8.0,41.0,20.0,48,good,19.0,94.3,6.5,2026,7,1,23,wednesday,summer,1837041.0,550.0,0,Evening,33.0,Moderate,High,Low
india,madhya pradesh,dewas,"bhopal chauraha, dewas - mppcb",2026-07-01 23:00:00.000000000,22.9682591,76.064118,no2,6.333333333333333,48.333333333333336,21.0,464,hazardous,34.0,34.4,13.5,2026,7,1,23,wednesday,summer,261218.0,544.0,0,Evening,42.0,Warm,Low,Moderate
india,madhya pradesh,dewas,"bhopal chauraha, dewas - mppcb",2026-07-01 23:00:00.000000000,22.9682591,76.064118,so2,4.666666666666666,55.66666666666666,22.0,390,hazardous,27.9,56.0,25.1,2026,7,1,23,wednesday,summer,261218.0,544.0,0,Evening,50.99999999999999,Warm,Moderate,High
india,madhya pradesh,gwalior,"maharaj bada, gwalior - mppcb",2026-07-01 23:00:00.000000000,26.200388,78.147714,pm2.5,3.0,63.0,23.0,26,good,36.8,33.5,4.1,2026,7,1,23,wednesday,summer,882458.0,220.0,0,Evening,60.0,Hot,Low,Low
india,madhya pradesh,gwalior,"maharaj bada, gwalior - mppcb",2026-07-01 23:00:00.000000000,26.200388,78.147714,pm10,6.0,101.0,50.0,15,good,29.1,52.2,17.8,2026,7,1,23,wednesday,summer,882458.0,220.0,0,Evening,95.0,Warm,Moderate,Moderate
india,madhya pradesh,gwalior,"maharaj bada, gwalior - mppcb",2026-07-01 23:00:00.000000000,26.200388,78.147714,co,30.0,69.0,47.0,40,good,27.6,53.3,9.8,2026,7,1,23,wednesday,summer,882458.0,220.0,0,Evening,39.0,Warm,Moderate,Low
india,karnataka,mangalore,"kadri, mangalore - kspcb",2026-07-01 23:00:00.000000000,12.88925,74.853,pm2.5,19.0,24.0,22.0,31,good,24.3,45.0,25.0,2026,7,1,23,wednesday,summer,417387.0,27.0,0,Evening,5.0,Moderate,Moderate,High
india,karnataka,mangalore,"kadri, mangalore - kspcb",2026-07-01 23:00:00.000000000,12.88925,74.853,so2,9.5,14.5,12.5,353,hazardous,21.4,45.8,9.7,2026,7,1,23,wednesday,summer,417387.0,27.0,0,Evening,5.0,Moderate,Moderate,Low
india,karnataka,mysuru,"hebbal 1st stage, mysuru - kspcb",2026-07-01 23:00:00.000000000,12.21041,76.37376,so2,0.0,5.0,3.0,44,good,17.7,82.1,13.9,2026,7,1,23,wednesday,summer,868313.0,757.0,0,Evening,5.0,Moderate,High,Moderate
india,karnataka,yadgir,"collector office, yadgir - kspcb",2026-07-01 23:00:00.000000000,16.7602,77.1428,nh3,0.0,1.0,1.0,41,good,35.6,48.7,7.9,2026,7,1,23,wednesday,summer,65376.0,379.0,0,Evening,1.0,Hot,Moderate,Low
india,madhya pradesh,mandideep,"sector-d industrial area, mandideep - mppcb",2026-07-01 23:00:00.000000000,23.10844,77.511428,so2,3.0,49.0,12.0,4,good,39.9,75.3,9.4,2026,7,1,23,wednesday,summer,39898.0,443.0,0,Evening,46.0,Hot,High,Low
india,madhya pradesh,mandideep,"sector-d industrial area, mandideep - mppcb",2026-07-01 23:00:00.000000000,23.10844,77.511428,ozone,25.0,59.0,38.0,26,good,21.8,83.9,23.4,2026,7,1,23,wednesday,summer,39898.0,443.0,0,Evening,34.0,Moderate,High,High
india,madhya pradesh,pithampur,"sector-2 industrial area, pithampur - mppcb",2026-07-01 23:00:00.000000000,22.624758,75.675238,pm2.5,3.0,58.0,27.0,16,good,38.6,60.9,4.9,2026,7,1,23,wednesday,summer,68051.0,595.0,0,Evening,55.0,Hot,Moderate,Low
india,madhya pradesh,pithampur,"sector-2 industrial area, pithampur - mppcb",2026-07-01 23:00:00.000000000,22.624758,75.675238,no2,3.0,31.0,12.0,15,good,34.1,70.6,24.3,2026,7,1,23,wednesday,summer,68051.0,595.0,0,Evening,28.0,Warm,High,High
india,madhya pradesh,pithampur,"sector-2 industrial area, pithampur - mppcb",2026-07-01 23:00:00.000000000,22.624758,75.675238,so2,3.0,28.0,11.0,38,good,32.3,41.5,21.2,2026,7,1,23,wednesday,summer,68051.0,595.0,0,Evening,25.0,Warm,Moderate,High
india,madhya pradesh,ratlam,"shasthri nagar, ratlam - ipca lab",2026-07-01 23:00:00.000000000,23.331731,75.045981,pm2.5,0.0,60.0,32.0,41,good,27.6,52.7,25.5,2026,7,1,23,wednesday,summer,236843.0,486.0,0,Evening,60.0,Warm,Moderate,High
india,madhya pradesh,ratlam,"shasthri nagar, ratlam - ipca lab",2026-07-01 23:00:00.000000000,23.331731,75.045981,nh3,1.5,46.5,25.5,448,hazardous,29.3,40.7,9.4,2026,7,1,23,wednesday,summer,236843.0,486.0,0,Evening,45.0,Warm,Moderate,Low
india,madhya pradesh,ratlam,"shasthri nagar, ratlam - ipca lab",2026-07-01 23:00:00.000000000,23.331731,75.045981,ozone,3.0,33.0,19.0,442,hazardous,19.8,73.1,20.5,2026,7,1,23,wednesday,summer,236843.0,486.0,0,Evening,30.0,Moderate,High,High
india,madhya pradesh,sagar,"civil lines, sagar - mppcb",2026-07-01 23:00:00.000000000,23.838586,78.759431,no2,4.5,19.5,12.5,475,hazardous,24.1,40.8,11.2,2026,7,1,23,wednesday,summer,53150.0,592.0,0,Evening,15.0,Moderate,Moderate,Moderate
india,madhya pradesh,sagar,"civil lines, sagar - mppcb",2026-07-01 23:00:00.000000000,23.838586,78.759431,nh3,6.0,6.0,6.0,8,good,18.8,34.2,11.7,2026,7,1,23,wednesday,summer,53150.0,592.0,0,Evening,0.0,Moderate,Low,Moderate
india,madhya pradesh,sagar,"civil lines, sagar - mppcb",2026-07-01 23:00:00.000000000,23.838586,78.759431,co,32.0,44.0,37.0,15,good,23.0,72.8,10.3,2026,7,1,23,wednesday,summer,53150.0,592.0,0,Evening,12.0,Moderate,High,Moderate
india,madhya pradesh,satna,"bandhavgar colony, satna - birla cement",2026-07-01 23:00:00.000000000,24.58434363,80.8549414,pm2.5,49.0,52.0,50.0,9,good,20.9,37.4,2.8,2026,7,1,23,wednesday,summer,257778.0,324.0,0,Evening,3.0,Moderate,Low,Low
india,madhya pradesh,satna,"bandhavgar colony, satna - birla cement",2026-07-01 23:00:00.000000000,24.58434363,80.8549414,no2,12.0,13.0,13.0,31,good,19.7,59.1,22.3,2026,7,1,23,wednesday,summer,257778.0,324.0,0,Evening,1.0,Moderate,Moderate,High
india,madhya pradesh,singrauli,"suryakiran bhawan ncl, singrauli - mppcb",2026-07-01 23:00:00.000000000,24.10897,82.64558,pm10,22.0,128.0,65.0,57,moderate,26.4,88.2,7.8,2026,7,1,23,wednesday,summer,185580.0,383.0,0,Evening,106.0,Warm,High,Low
india,madhya pradesh,singrauli,"suryakiran bhawan ncl, singrauli - mppcb",2026-07-01 23:00:00.000000000,24.10897,82.64558,so2,33.0,75.0,44.0,27,good,25.4,92.4,28.8,2026,7,1,23,wednesday,summer,185580.0,383.0,0,Evening,42.0,Warm,High,High
india,madhya pradesh,singrauli,"suryakiran bhawan ncl, singrauli - mppcb",2026-07-01 23:00:00.000000000,24.10897,82.64558,co,23.0,45.0,30.0,50,good,32.6,32.9,20.9,2026,7,1,23,wednesday,summer,185580.0,383.0,0,Evening,22.0,Warm,Low,High
india,madhya pradesh,ujjain,"mahashweta nagar, ujjain - mppcb",2026-07-01 23:00:00.000000000,23.1633321,75.800225,pm2.5,3.0,77.0,35.0,27,good,32.9,50.5,17.8,2026,7,1,23,wednesday,summer,457346.0,494.0,0,Evening,74.0,Warm,Moderate,Moderate
india,maharashtra,ahmednagar,"tarakpur, ahmednagar - mpcb",2026-07-01 23:00:00.000000000,19.10122,74.73339,pm2.5,4.0,28.0,12.0,21,good,25.9,74.9,5.0,2026,7,1,23,wednesday,summer,60634.0,144.0,0,Evening,24.0,Warm,High,Low
india,maharashtra,ahmednagar,"tarakpur, ahmednagar - mpcb",2026-07-01 23:00:00.000000000,19.10122,74.73339,pm10,11.0,27.0,18.0,39,good,35.6,61.5,14.4,2026,7,1,23,wednesday,summer,60634.0,144.0,0,Evening,16.0,Hot,Moderate,Moderate
india,maharashtra,ahmednagar,"tarakpur, ahmednagar - mpcb",2026-07-01 23:00:00.000000000,19.10122,74.73339,no2,5.0,22.0,13.0,31,good,32.1,35.7,7.0,2026,7,1,23,wednesday,summer,60634.0,144.0,0,Evening,17.0,Warm,Low,Low
india,maharashtra,akola,"ramdaspeth, akola - mpcb",2026-07-01 23:00:00.000000000,20.719516,77.000253,no2,5.0,16.0,8.0,33,good,32.8,42.3,23.3,2026,7,1,23,wednesday,summer,428857.0,285.0,0,Evening,11.0,Warm,Moderate,High
india,maharashtra,akola,"ramdaspeth, akola - mpcb",2026-07-01 23:00:00.000000000,20.719516,77.000253,ozone,15.0,33.0,23.0,17,good,20.6,69.3,10.9,2026,7,1,23,wednesday,summer,428857.0,285.0,0,Evening,18.0,Moderate,Moderate,Moderate
india,maharashtra,amravati,"shivneri colony, amravati - mpcb",2026-07-01 23:00:00.000000000,20.9402359,77.7895248,pm10,13.0,72.0,32.0,8,good,19.8,59.5,7.1,2026,7,1,23,wednesday,summer,603837.0,341.0,0,Evening,59.0,Moderate,Moderate,Low
india,maharashtra,nashik,"gangapur road, nashik - mpcb",2026-07-01 23:00:00.000000000,20.0073285,73.7762427,ozone,10.0,13.0,11.0,43,good,16.7,94.3,24.7,2026,7,1,23,wednesday,summer,1289497.0,584.0,0,Evening,3.0,Moderate,High,High
india,maharashtra,navi mumbai,"kopripada-vashi, navi mumbai - mpcb",2026-07-01 23:00:00.000000000,19.090337,73.014232,co,19.0,41.0,31.0,12,good,19.1,50.0,24.4,2026,7,1,23,wednesday,summer,2600000.0,14.0,0,Evening,22.0,Moderate,Moderate,High
india,maharashtra,navi mumbai,"nerul, navi mumbai - mpcb",2026-07-01 23:00:00.000000000,19.008751,73.01662,pm2.5,3.0,21.0,6.0,23,good,31.6,38.8,20.8,2026,7,1,23,wednesday,summer,2600000.0,14.0,0,Evening,18.0,Warm,Low,High
india,maharashtra,navi mumbai,"nerul, navi mumbai - mpcb",2026-07-01 23:00:00.000000000,19.008751,73.01662,nh3,4.5,15.5,7.0,388,hazardous,24.9,68.1,11.5,2026,7,1,23,wednesday,summer,2600000.0,14.0,0,Evening,11.0,Moderate,Moderate,Moderate
india,maharashtra,navi mumbai,"sector-2e kalamboli, navi mumbai - mpcb",2026-07-01 23:00:00.000000000,19.02579,73.10297,nh3,6.0,10.0,8.0,31,good,26.1,37.2,12.8,2026,7,1,23,wednesday,summer,2600000.0,14.0,0,Evening,4.0,Warm,Low,Moderate
india,maharashtra,navi mumbai,"sector-2e kalamboli, navi mumbai - mpcb",2026-07-01 23:00:00.000000000,19.02579,73.10297,so2,3.0,4.0,3.0,0,good,29.2,39.1,24.2,2026,7,1,23,wednesday,summer,2600000.0,14.0,0,Evening,1.0,Warm,Low,High
india,maharashtra,navi mumbai,"mahape, navi mumbai - mpcb",2026-07-01 23:00:00.000000000,19.1135051,73.008978,pm2.5,3.0,6.333333333333334,4.333333333333333,377,hazardous,31.3,47.4,11.2,2026,7,1,23,wednesday,summer,2600000.0,14.0,0,Evening,3.333333333333334,Warm,Moderate,Moderate
india,maharashtra,navi mumbai,"mahape, navi mumbai - mpcb",2026-07-01 23:00:00.000000000,19.1135051,73.008978,co,3.0,8.666666666666668,5.666666666666666,334,hazardous,20.7,54.8,13.2,2026,7,1,23,wednesday,summer,2600000.0,14.0,0,Evening,5.666666666666668,Moderate,Moderate,Moderate
india,maharashtra,navi mumbai,"sanpada, navi mumbai - mpcb",2026-07-01 23:00:00.000000000,19.0575752,73.0151367,no2,3.0,11.0,7.0,18,good,37.0,44.0,26.7,2026,7,1,23,wednesday,summer,2600000.0,14.0,0,Evening,8.0,Hot,Moderate,High
india,maharashtra,parbhani,"masoom colony, parbhani - mpcb",2026-07-01 23:00:00.000000000,19.265594,76.761463,pm2.5,18.0,31.0,24.0,43,good,23.0,40.3,7.4,2026,7,1,23,wednesday,summer,289629.0,421.0,0,Evening,13.0,Moderate,Moderate,Low
india,maharashtra,parbhani,"masoom colony, parbhani - mpcb",2026-07-01 23:00:00.000000000,19.265594,76.761463,ozone,6.0,8.0,7.0,43,good,34.0,63.6,16.2,2026,7,1,23,wednesday,summer,289629.0,421.0,0,Evening,2.0,Warm,Moderate,Moderate
india,maharashtra,mumbai,"bandra kurla complex, mumbai - iitm",2026-07-01 23:00:00.000000000,19.053536,72.84643,nh3,2.0,11.0,4.0,17,good,29.3,73.0,12.9,2026,7,1,23,wednesday,summer,12691836.0,8.0,0,Evening,9.0,Warm,High,Moderate
india,maharashtra,mumbai,"bandra kurla complex, mumbai - iitm",2026-07-01 23:00:00.000000000,19.053536,72.84643,so2,0.0,3.0,1.0,16,good,36.4,83.5,8.6,2026,7,1,23,wednesday,summer,12691836.0,8.0,0,Evening,3.0,Hot,High,Low
india,maharashtra,mumbai,"deonar, mumbai - iitm",2026-07-01 23:00:00.000000000,19.04946,72.923,pm10,10.0,44.0,22.0,49,good,39.8,50.2,18.0,2026,7,1,23,wednesday,summer,12691836.0,8.0,0,Evening,34.0,Hot,Moderate,Moderate
india,maharashtra,mumbai,"chhatrapati shivaji intl. airport (t2), mumbai - mpcb",2026-07-01 23:00:00.000000000,19.10078,72.87462,co,16.75,43.0,26.0,303,hazardous,24.3,69.5,14.0,2026,7,1,23,wednesday,summer,12691836.0,8.0,0,Evening,26.25,Moderate,Moderate,Moderate
india,maharashtra,mumbai,"sion, mumbai - mpcb",2026-07-01 23:00:00.000000000,19.047,72.8746,pm2.5,23.5,42.0,30.0,452,hazardous,31.5,63.3,18.6,2026,7,1,23,wednesday,summer,12691836.0,8.0,0,Evening,18.5,Warm,Moderate,Moderate
india,maharashtra,mumbai,"sion, mumbai - mpcb",2026-07-01 23:00:00.000000000,19.047,72.8746,pm10,30.25,41.0,34.0,466,hazardous,19.0,55.9,5.0,2026,7,1,23,wednesday,summer,12691836.0,8.0,0,Evening,10.75,Moderate,Moderate,Low
india,maharashtra,mumbai,"sion, mumbai - mpcb",2026-07-01 23:00:00.000000000,19.047,72.8746,no2,37.0,40.0,38.0,48,good,23.3,56.6,3.4,2026,7,1,23,wednesday,summer,12691836.0,8.0,0,Evening,3.0,Moderate,Moderate,Low
india,maharashtra,mumbai,"sion, mumbai - mpcb",2026-07-01 23:00:00.000000000,19.047,72.8746,nh3,6.0,7.0,6.0,0,good,36.6,63.1,9.9,2026,7,1,23,wednesday,summer,12691836.0,8.0,0,Evening,1.0,Hot,Moderate,Low
india,maharashtra,mumbai,"sion, mumbai - mpcb",2026-07-01 23:00:00.000000000,19.047,72.8746,so2,5.333333333333333,8.0,6.333333333333333,417,hazardous,29.8,37.7,17.8,2026,7,1,23,wednesday,summer,12691836.0,8.0,0,Evening,2.666666666666667,Warm,Low,Moderate
india,maharashtra,mumbai,"sion, mumbai - mpcb",2026-07-01 23:00:00.000000000,19.047,72.8746,ozone,4.666666666666667,9.0,6.666666666666667,417,hazardous,23.7,43.3,20.9,2026,7,1,23,wednesday,summer,12691836.0,8.0,0,Evening,4.333333333333333,Moderate,Moderate,High
india,maharashtra,mumbai,"malad west, mumbai - iitm",2026-07-01 23:00:00.000000000,19.19709,72.82204,ozone,4.0,10.0,7.0,29,good,34.8,86.3,23.3,2026,7,1,23,wednesday,summer,12691836.0,8.0,0,Evening,6.0,Warm,High,High
india,maharashtra,mumbai,"powai, mumbai - mpcb",2026-07-01 23:00:00.000000000,19.1375,72.915056,no2,11.0,25.5,14.5,431,hazardous,38.6,50.9,17.0,2026,7,1,23,wednesday,summer,12691836.0,8.0,0,Evening,14.5,Hot,Moderate,Moderate
india,maharashtra,mumbai,"powai, mumbai - mpcb",2026-07-01 23:00:00.000000000,19.1375,72.915056,so2,18.0,41.0,22.0,4,good,20.4,86.2,26.0,2026,7,1,23,wednesday,summer,12691836.0,8.0,0,Evening,23.0,Moderate,High,High
india,maharashtra,mumbai,"shivaji nagar, mumbai - bmc",2026-07-01 23:00:00.000000000,19.060498,72.923356,pm10,12.0,29.0,19.0,28,good,17.2,65.9,4.6,2026,7,1,23,wednesday,summer,12691836.0,8.0,0,Evening,17.0,Moderate,Moderate,Low
india,maharashtra,mumbai,"sewri, mumbai - bmc",2026-07-01 23:00:00.000000000,19.000084,72.85673,nh3,13.333333333333334,25.666666666666668,18.666666666666668,461,hazardous,31.0,73.0,17.1,2026,7,1,23,wednesday,summer,12691836.0,8.0,0,Evening,12.333333333333334,Warm,High,Moderate
india,maharashtra,mumbai,"sewri, mumbai - bmc",2026-07-01 23:00:00.000000000,19.000084,72.85673,so2,14.666666666666666,22.33333333333333,18.33333333333333,367,hazardous,25.7,53.0,12.5,2026,7,1,23,wednesday,summer,12691836.0,8.0,0,Evening,7.6666666666666625,Warm,Moderate,Moderate
india,maharashtra,mumbai,"kurla, mumbai - mpcb",2026-07-01 23:00:00.000000000,19.0863,72.8888,co,16.0,19.0,18.0,14,good,16.7,33.9,12.0,2026,7,1,23,wednesday,summer,12691836.0,8.0,0,Evening,3.0,Moderate,Low,Moderate
india,maharashtra,mumbai,"worli, mumbai - mpcb",2026-07-01 23:00:00.000000000,18.9936162,72.8128113,pm10,17.0,93.0,47.0,23,good,24.8,72.9,12.5,2026,7,1,23,wednesday,summer,12691836.0,8.0,0,Evening,76.0,Moderate,High,Moderate
india,maharashtra,mumbai,"worli, mumbai - mpcb",2026-07-01 23:00:00.000000000,18.9936162,72.8128113,nh3,0.0,9.0,1.0,28,good,26.7,79.8,26.2,2026,7,1,23,wednesday,summer,12691836.0,8.0,0,Evening,9.0,Warm,High,High
india,maharashtra,mumbai,"worli, mumbai - mpcb",2026-07-01 23:00:00.000000000,18.9936162,72.8128113,co,38.0,41.0,39.0,45,good,20.3,49.4,13.8,2026,7,1,23,wednesday,summer,12691836.0,8.0,0,Evening,3.0,Moderate,Moderate,Moderate
india,maharashtra,mumbai,"navy nagar-colaba, mumbai - iitm",2026-07-01 23:00:00.000000000,18.897756,72.81332,so2,1.0,16.0,6.0,12,good,24.9,50.7,29.1,2026,7,1,23,wednesday,summer,12691836.0,8.0,0,Evening,15.0,Moderate,Moderate,High
india,maharashtra,mumbai,"navy nagar-colaba, mumbai - iitm",2026-07-01 23:00:00.000000000,18.897756,72.81332,ozone,32.0,38.0,34.0,47,good,26.2,38.8,28.8,2026,7,1,23,wednesday,summer,12691836.0,8.0,0,Evening,6.0,Warm,Low,High
india,maharashtra,mumbai,"khindipada-bhandup west, mumbai - iitm",2026-07-01 23:00:00.000000000,19.1653323,72.922099,pm10,18.0,48.0,28.0,41,good,21.7,39.6,18.4,2026,7,1,23,wednesday,summer,12691836.0,8.0,0,Evening,30.0,Moderate,Low,Moderate
india,maharashtra,mumbai,"khindipada-bhandup west, mumbai - iitm",2026-07-01 23:00:00.000000000,19.1653323,72.922099,ozone,7.0,16.0,13.0,0,good,28.9,88.5,22.9,2026,7,1,23,wednesday,summer,12691836.0,8.0,0,Evening,9.0,Warm,High,High
india,maharashtra,mumbai,"chembur, mumbai - mpcb",2026-07-01 23:00:00.000000000,19.0364585,72.8954371,pm10,29.0,45.0,35.0,41,good,20.9,57.3,12.2,2026,7,1,23,wednesday,summer,12691836.0,8.0,0,Evening,16.0,Moderate,Moderate,Moderate
india,maharashtra,mumbai,"chembur, mumbai - mpcb",2026-07-01 23:00:00.000000000,19.0364585,72.8954371,so2,0.0,68.0,12.0,5,good,39.1,36.5,1.3,2026,7,1,23,wednesday,summer,12691836.0,8.0,0,Evening,68.0,Hot,Low,Low
india,maharashtra,mumbai,"kherwadi_bandra east, mumbai - mpcb",2026-07-01 23:00:00.000000000,19.0632143,72.8456324,pm2.5,5.0,30.0,14.0,15,good,37.5,45.5,20.0,2026,7,1,23,wednesday,summer,12691836.0,8.0,0,Evening,25.0,Hot,Moderate,High
india,maharashtra,mumbai,"kherwadi_bandra east, mumbai - mpcb",2026-07-01 23:00:00.000000000,19.0632143,72.8456324,no2,4.0,14.0,11.0,7,good,18.1,77.8,29.5,2026,7,1,23,wednesday,summer,12691836.0,8.0,0,Evening,10.0,Moderate,High,High
india,maharashtra,mumbai,"byculla, mumbai - bmc",2026-07-01 23:00:00.000000000,18.9767,72.838,nh3,1.0,3.0,2.0,24,good,22.2,38.5,26.6,2026,7,1,23,wednesday,summer,12691836.0,8.0,0,Evening,2.0,Moderate,Low,High
india,maharashtra,mumbai,"byculla, mumbai - bmc",2026-07-01 23:00:00.000000000,18.9767,72.838,so2,7.0,11.0,9.0,19,good,27.9,70.7,20.2,2026,7,1,23,wednesday,summer,12691836.0,8.0,0,Evening,4.0,Warm,High,High
india,maharashtra,boisar,"khaira, boisar - mpcb",2026-07-01 23:00:00.000000000,19.786089,72.757971,nh3,1.0,8.0,5.0,42,good,20.5,67.9,1.3,2026,7,1,23,wednesday,summer,15692.0,16.0,0,Evening,7.0,Moderate,Moderate,Low
india,maharashtra,boisar,"khaira, boisar - mpcb",2026-07-01 23:00:00.000000000,19.786089,72.757971,co,6.0,26.0,13.0,16,good,33.4,80.5,24.9,2026,7,1,23,wednesday,summer,15692.0,16.0,0,Evening,20.0,Warm,High,High
india,maharashtra,boisar,"khaira, boisar - mpcb",2026-07-01 23:00:00.000000000,19.786089,72.757971,ozone,6.0,15.0,10.0,16,good,22.2,81.4,16.9,2026,7,1,23,wednesday,summer,15692.0,16.0,0,Evening,9.0,Moderate,High,Moderate
india,maharashtra,chandrapur,"chauhan colony, chandrapur - mpcb",2026-07-01 23:00:00.000000000,19.9629,79.298714,nh3,2.0,2.0,2.0,47,good,25.3,72.5,11.4,2026,7,1,23,wednesday,summer,328351.0,186.0,0,Evening,0.0,Warm,High,Moderate
india,maharashtra,chandrapur,"midc khutala, chandrapur - mpcb",2026-07-01 23:00:00.000000000,19.9775302,79.2337086,pm2.5,18.0,28.0,20.0,31,good,36.5,76.9,25.3,2026,7,1,23,wednesday,summer,328351.0,186.0,0,Evening,10.0,Hot,High,High
india,maharashtra,chandrapur,"midc khutala, chandrapur - mpcb",2026-07-01 23:00:00.000000000,19.9775302,79.2337086,so2,3.0,25.0,7.0,11,good,38.0,89.2,26.9,2026,7,1,23,wednesday,summer,328351.0,186.0,0,Evening,22.0,Hot,High,High
india,maharashtra,hingoli,"ashta vinayak nagar, hingoli - mpcb",2026-07-01 23:00:00.000000000,19.710842,77.151824,ozone,18.0,37.0,28.0,0,good,17.0,71.6,11.5,2026,7,1,23,wednesday,summer,75878.0,458.0,0,Evening,19.0,Moderate,High,Moderate
india,maharashtra,jalgaon,"prabhat colony, jalgaon - mpcb",2026-07-01 23:00:00.000000000,21.001264,75.565602,pm10,18.0,70.0,35.0,25,good,15.4,31.4,14.0,2026,7,1,23,wednesday,summer,429298.0,227.0,0,Evening,52.0,Moderate,Low,Moderate
india,maharashtra,jalgaon,"prabhat colony, jalgaon - mpcb",2026-07-01 23:00:00.000000000,21.001264,75.565602,no2,9.0,19.0,12.0,30,good,30.5,66.8,0.1,2026,7,1,23,wednesday,summer,429298.0,227.0,0,Evening,10.0,Warm,Moderate,Low
india,maharashtra,jalgaon,"prabhat colony, jalgaon - mpcb",2026-07-01 23:00:00.000000000,21.001264,75.565602,co,30.0,50.0,37.0,20,good,17.0,41.0,11.1,2026,7,1,23,wednesday,summer,429298.0,227.0,0,Evening,20.0,Moderate,Moderate,Moderate
india,maharashtra,kalyan,"pimpleshwar mandir, kalyan - mpcb",2026-07-01 23:00:00.000000000,19.192056,72.9585188,ozone,12.0,12.0,12.0,0,good,29.7,60.1,0.4,2026,7,1,23,wednesday,summer,1262255.0,10.0,0,Evening,0.0,Warm,Moderate,Low
india,maharashtra,kolhapur,"sinchan bhavan, kolhapur - mpcb",2026-07-01 23:00:00.000000000,16.7143745,74.2426398,pm10,6.0,41.0,20.0,39,good,19.7,30.6,10.3,2026,7,1,23,wednesday,summer,516142.0,559.0,0,Evening,35.0,Moderate,Low,Moderate
india,maharashtra,mumbai,"chakala-andheri east, mumbai - iitm",2026-07-01 23:00:00.000000000,19.11074,72.86084,no2,6.0,25.0,15.0,37,good,36.9,77.0,26.1,2026,7,1,23,wednesday,summer,12691836.0,8.0,0,Evening,19.0,Hot,High,High
india,maharashtra,mumbai,"chakala-andheri east, mumbai - iitm",2026-07-01 23:00:00.000000000,19.11074,72.86084,co,4.0,13.0,8.0,1,good,18.1,89.0,25.4,2026,7,1,23,wednesday,summer,12691836.0,8.0,0,Evening,9.0,Moderate,High,High
india,maharashtra,nagpur,"ram nagar, nagpur - mpcb",2026-07-01 23:00:00.000000000,21.143383,79.048912,co,10.0,48.0,19.0,18,good,34.8,94.8,0.5,2026,7,1,23,wednesday,summer,2228018.0,319.0,0,Evening,38.0,Warm,High,Low
india,maharashtra,nagpur,"opp gpo civil lines, nagpur - mpcb",2026-07-01 23:00:00.000000000,21.152875,79.0517531,pm2.5,15.0,65.0,32.0,49,good,28.5,80.3,29.5,2026,7,1,23,wednesday,summer,2228018.0,319.0,0,Evening,50.0,Warm,High,High
india,maharashtra,nagpur,"ambazari, nagpur - mpcb",2026-07-01 23:00:00.000000000,21.121801,79.04952,no2,7.0,33.0,13.0,46,good,22.4,72.4,24.7,2026,7,1,23,wednesday,summer,2228018.0,319.0,0,Evening,26.0,Moderate,High,High
india,maharashtra,nanded,"sneh nagar, nanded - mpcb",2026-07-01 23:00:00.000000000,19.173852,77.296291,nh3,3.0,5.0,4.0,16,good,39.2,48.5,26.0,2026,7,1,23,wednesday,summer,550564.0,363.0,0,Evening,2.0,Hot,Moderate,High
india,maharashtra,nashik,"pandav nagari, nashik - mpcb",2026-07-01 23:00:00.000000000,19.9591346,73.7788008,ozone,12.0,17.0,14.0,17,good,38.1,75.7,1.5,2026,7,1,23,wednesday,summer,1289497.0,584.0,0,Evening,5.0,Hot,High,Low
india,maharashtra,nashik,"midc ambad, nashik - mpcb",2026-07-01 23:00:00.000000000,19.95022,73.73148,nh3,2.0,3.0,3.0,15,good,31.9,87.0,28.2,2026,7,1,23,wednesday,summer,1289497.0,584.0,0,Evening,1.0,Warm,High,High
india,maharashtra,nashik,"hirawadi, nashik - mpcb",2026-07-01 23:00:00.000000000,20.021503,73.813844,pm2.5,5.0,11.0,7.0,39,good,26.5,59.7,6.8,2026,7,1,23,wednesday,summer,1289497.0,584.0,0,Evening,6.0,Warm,Moderate,Low
india,maharashtra,nashik,"hirawadi, nashik - mpcb",2026-07-01 23:00:00.000000000,20.021503,73.813844,nh3,3.0,4.0,4.0,21,good,35.8,70.4,11.1,2026,7,1,23,wednesday,summer,1289497.0,584.0,0,Evening,1.0,Hot,High,Moderate
india,maharashtra,nashik,"gangapur road, nashik - mpcb",2026-07-01 23:00:00.000000000,20.0073285,73.7762427,pm10,9.0,27.0,18.0,38,good,36.4,63.4,15.7,2026,7,1,23,wednesday,summer,1289497.0,584.0,0,Evening,18.0,Hot,Moderate,Moderate
india,madhya pradesh,jabalpur,"govindh bhavan colony, jabalpur - jmc",2026-07-01 23:00:00.000000000,23.163174,79.973061,co,10.0,17.0,14.0,43,good,34.2,68.0,27.8,2026,7,1,23,wednesday,summer,1030168.0,416.0,0,Evening,7.0,Warm,Moderate,High
india,madhya pradesh,jabalpur,"marhatal, jabalpur - mppcb",2026-07-01 23:00:00.000000000,23.168606,79.932247,no2,17.0,39.0,26.0,27,good,28.2,30.9,3.8,2026,7,1,23,wednesday,summer,1030168.0,416.0,0,Evening,22.0,Warm,Low,Low
india,madhya pradesh,jabalpur,"marhatal, jabalpur - mppcb",2026-07-01 23:00:00.000000000,23.168606,79.932247,co,60.0,71.0,64.0,75,moderate,18.2,67.9,15.9,2026,7,1,23,wednesday,summer,1030168.0,416.0,0,Evening,11.0,Moderate,Moderate,Moderate
india,madhya pradesh,jabalpur,"marhatal, jabalpur - mppcb",2026-07-01 23:00:00.000000000,23.168606,79.932247,ozone,39.0,65.0,54.0,58,moderate,34.2,60.1,27.9,2026,7,1,23,wednesday,summer,1030168.0,416.0,0,Evening,26.0,Warm,Moderate,High
india,madhya pradesh,jabalpur,"gupteshwar, jabalpur - jmc",2026-07-01 23:00:00.000000000,23.142888,79.916147,pm2.5,19.0,53.0,36.0,22,good,16.4,91.4,26.6,2026,7,1,23,wednesday,summer,1030168.0,416.0,0,Evening,34.0,Moderate,High,High
india,madhya pradesh,jabalpur,"gupteshwar, jabalpur - jmc",2026-07-01 23:00:00.000000000,23.142888,79.916147,nh3,2.0,2.0,2.0,40,good,29.0,58.0,5.4,2026,7,1,23,wednesday,summer,1030168.0,416.0,0,Evening,0.0,Warm,Moderate,Low
india,madhya pradesh,jabalpur,"gupteshwar, jabalpur - jmc",2026-07-01 23:00:00.000000000,23.142888,79.916147,ozone,2.0,3.0,3.0,7,good,18.2,88.6,11.0,2026,7,1,23,wednesday,summer,1030168.0,416.0,0,Evening,1.0,Moderate,High,Moderate
india,madhya pradesh,jabalpur,"suhagi, jabalpur - jmc",2026-07-01 23:00:00.000000000,23.218135,79.95777,pm10,9.0,73.0,28.0,48,good,20.9,67.9,11.4,2026,7,1,23,wednesday,summer,1030168.0,416.0,0,Evening,64.0,Moderate,Moderate,Moderate
india,madhya pradesh,maihar,"sahilara, maihar - kjs cements",2026-07-01 23:00:00.000000000,24.2613009,80.7231783,so2,6.0,6.0,6.0,6,good,20.9,70.4,3.5,2026,7,1,23,wednesday,summer,37913.0,358.0,0,Evening,0.0,Moderate,High,Low
india,madhya pradesh,maihar,"sahilara, maihar - kjs cements",2026-07-01 23:00:00.000000000,24.2613009,80.7231783,co,20.0,21.0,21.0,1,good,27.3,92.6,12.6,2026,7,1,23,wednesday,summer,37913.0,358.0,0,Evening,1.0,Warm,High,Moderate
india,madhya pradesh,mandideep,"sector-d industrial area, mandideep - mppcb",2026-07-01 23:00:00.000000000,23.10844,77.511428,pm2.5,2.0,79.0,32.0,43,good,17.3,40.8,0.4,2026,7,1,23,wednesday,summer,39898.0,443.0,0,Evening,77.0,Moderate,Moderate,Low
india,madhya pradesh,mandideep,"sector-d industrial area, mandideep - mppcb",2026-07-01 23:00:00.000000000,23.10844,77.511428,nh3,9.0,10.0,10.0,50,good,35.9,90.6,28.5,2026,7,1,23,wednesday,summer,39898.0,443.0,0,Evening,1.0,Hot,High,High
india,maharashtra,aurangabad,"rachnakar colony, aurangabad - mpcb",2026-07-01 23:00:00.000000000,19.863756,75.321188,nh3,2.0,3.0,2.0,48,good,32.9,39.4,12.1,2026,7,1,23,wednesday,summer,1016441.0,588.0,0,Evening,1.0,Warm,Low,Moderate
india,maharashtra,aurangabad,"more chowk waluj, aurangabad - mpcb",2026-07-01 23:00:00.000000000,19.8389439,75.244448,nh3,7.0,8.0,7.0,26,good,30.0,36.9,18.6,2026,7,1,23,wednesday,summer,1016441.0,588.0,0,Evening,1.0,Warm,Low,Moderate
india,maharashtra,aurangabad,"more chowk waluj, aurangabad - mpcb",2026-07-01 23:00:00.000000000,19.8389439,75.244448,co,29.0,41.0,35.0,35,good,15.8,89.6,11.1,2026,7,1,23,wednesday,summer,1016441.0,588.0,0,Evening,12.0,Moderate,High,Moderate
india,maharashtra,aurangabad,"more chowk waluj, aurangabad - mpcb",2026-07-01 23:00:00.000000000,19.8389439,75.244448,ozone,10.0,15.0,13.0,20,good,26.1,80.5,10.8,2026,7,1,23,wednesday,summer,1016441.0,588.0,0,Evening,5.0,Warm,High,Moderate
india,maharashtra,aurangabad,"midc chilkalthana, aurangabad - mpcb",2026-07-01 23:00:00.000000000,19.87562,75.38731,so2,5.0,10.0,7.0,50,good,27.0,92.5,23.1,2026,7,1,23,wednesday,summer,1016441.0,588.0,0,Evening,5.0,Warm,High,High
india,maharashtra,badlapur,"katrap, badlapur - mpcb",2026-07-01 23:00:00.000000000,19.16485,73.23409,no2,10.0,29.0,20.0,18,good,31.6,41.3,28.3,2026,7,1,23,wednesday,summer,104636.0,24.0,0,Evening,19.0,Warm,Moderate,High
india,maharashtra,beed,"bir, beed - mpcb",2026-07-01 23:00:00.000000000,18.988474,75.753873,pm10,3.0,267.0,40.0,30,good,28.3,56.1,23.4,2026,7,1,23,wednesday,summer,24588.0,512.0,0,Evening,264.0,Warm,Moderate,High
india,maharashtra,beed,"bir, beed - mpcb",2026-07-01 23:00:00.000000000,18.988474,75.753873,no2,7.0,28.0,14.0,11,good,20.7,45.4,19.4,2026,7,1,23,wednesday,summer,24588.0,512.0,0,Evening,21.0,Moderate,Moderate,Moderate
india,maharashtra,beed,"bir, beed - mpcb",2026-07-01 23:00:00.000000000,18.988474,75.753873,so2,3.0,6.0,4.0,24,good,15.5,93.2,25.8,2026,7,1,23,wednesday,summer,24588.0,512.0,0,Evening,3.0,Moderate,High,High
india,maharashtra,bhiwandi,"gokul nagar, bhiwandi - mpcb",2026-07-01 23:00:00.000000000,19.309073,73.057223,no2,17.0,34.0,25.0,22,good,34.8,45.5,8.6,2026,7,1,23,wednesday,summer,707035.0,9.0,0,Evening,17.0,Warm,Moderate,Low
india,maharashtra,kolhapur,"shivaji university, kolhapur - mpcb",2026-07-01 23:00:00.000000000,16.6870449,74.2505872,co,15.0,26.0,21.0,42,good,19.9,72.5,17.8,2026,7,1,23,wednesday,summer,516142.0,559.0,0,Evening,11.0,Moderate,High,Moderate
india,maharashtra,mahad,"kamble tarf birwadi, mahad - mpcb",2026-07-01 23:00:00.000000000,18.1023399,73.4783687,co,24.0,42.0,34.0,46,good,25.1,75.4,24.1,2026,7,1,23,wednesday,summer,26665.0,11.0,0,Evening,18.0,Warm,High,High
india,maharashtra,mahad,"kamble tarf birwadi, mahad - mpcb",2026-07-01 23:00:00.000000000,18.1023399,73.4783687,ozone,20.0,43.0,33.0,25,good,33.8,42.3,12.3,2026,7,1,23,wednesday,summer,26665.0,11.0,0,Evening,23.0,Warm,Moderate,Moderate
india,maharashtra,mumbai,"ghatkopar, mumbai - bmc",2026-07-01 23:00:00.000000000,19.083694,72.920967,pm10,10.0,27.0,18.0,27,good,25.6,37.6,22.3,2026,7,1,23,wednesday,summer,12691836.0,8.0,0,Evening,17.0,Warm,Low,High
india,maharashtra,mumbai,"ghatkopar, mumbai - bmc",2026-07-01 23:00:00.000000000,19.083694,72.920967,co,23.0,32.0,28.0,24,good,22.1,43.7,15.7,2026,7,1,23,wednesday,summer,12691836.0,8.0,0,Evening,9.0,Moderate,Moderate,Moderate
india,maharashtra,mumbai,"kandivali west, mumbai - bmc",2026-07-01 23:00:00.000000000,19.215859,72.831718,ozone,14.0,23.0,18.0,8,good,22.6,58.9,7.3,2026,7,1,23,wednesday,summer,12691836.0,8.0,0,Evening,9.0,Moderate,Moderate,Low
india,maharashtra,mumbai,"kurla, mumbai - mpcb",2026-07-01 23:00:00.000000000,19.0863,72.8888,no2,6.0,7.0,7.0,4,good,36.2,64.2,8.4,2026,7,1,23,wednesday,summer,12691836.0,8.0,0,Evening,1.0,Hot,Moderate,Low
india,odisha,rourkela,"fertilizer township, rourkela - ospcb",2026-07-01 23:00:00.000000000,22.18972222,84.86277778,pm10,56.0,98.0,66.0,71,moderate,20.4,88.3,27.5,2026,7,1,23,wednesday,summer,536450.0,195.0,0,Evening,42.0,Moderate,High,High
india,odisha,rourkela,"fertilizer township, rourkela - ospcb",2026-07-01 23:00:00.000000000,22.18972222,84.86277778,so2,6.0,12.0,11.0,27,good,27.4,54.5,16.3,2026,7,1,23,wednesday,summer,536450.0,195.0,0,Evening,6.0,Warm,Moderate,Moderate
india,odisha,rourkela,"raghunathpali, rourkela - ospcb",2026-07-01 23:00:00.000000000,22.220833,84.809444,co,30.0,42.0,35.0,7,good,39.4,81.1,14.4,2026,7,1,23,wednesday,summer,536450.0,195.0,0,Evening,12.0,Hot,High,Moderate
india,puducherry,puducherry,"jawahar nagar, puducherry - ppcc",2026-07-01 23:00:00.000000000,11.9309,79.8027,so2,5.0,12.0,8.0,50,good,15.8,59.9,2.2,2026,7,1,23,wednesday,summer,227411.0,11.0,0,Evening,7.0,Moderate,Moderate,Low
india,punjab,amritsar,"golden temple, amritsar - ppcb",2026-07-01 23:00:00.000000000,31.62,74.876512,pm10,94.0,102.0,97.0,54,moderate,27.2,69.1,21.7,2026,7,1,23,wednesday,summer,1092450.0,244.0,0,Evening,8.0,Warm,Moderate,High
india,punjab,amritsar,"golden temple, amritsar - ppcb",2026-07-01 23:00:00.000000000,31.62,74.876512,no2,14.0,58.0,31.0,23,good,27.4,55.5,2.0,2026,7,1,23,wednesday,summer,1092450.0,244.0,0,Evening,44.0,Warm,Moderate,Low
india,punjab,bathinda,"hardev nagar, bathinda - ppcb",2026-07-01 23:00:00.000000000,30.233011,74.907758,nh3,17.333333333333332,56.0,36.333333333333336,448,hazardous,31.7,42.4,20.7,2026,7,1,23,wednesday,summer,242800.0,216.0,0,Evening,38.66666666666667,Warm,Moderate,High
india,punjab,bathinda,"hardev nagar, bathinda - ppcb",2026-07-01 23:00:00.000000000,30.233011,74.907758,so2,20.666666666666668,54.0,41.66666666666666,407,hazardous,34.0,37.8,3.3,2026,7,1,23,wednesday,summer,242800.0,216.0,0,Evening,33.33333333333333,Warm,Low,Low
india,punjab,bathinda,"hardev nagar, bathinda - ppcb",2026-07-01 23:00:00.000000000,30.233011,74.907758,co,24.0,52.0,47.0,14,good,20.5,61.0,12.8,2026,7,1,23,wednesday,summer,242800.0,216.0,0,Evening,28.0,Moderate,Moderate,Moderate
india,punjab,jalandhar,"civil line, jalandhar - ppcb",2026-07-01 23:00:00.000000000,31.321907,75.578914,pm2.5,36.0,348.0,88.0,62,moderate,18.8,89.2,0.5,2026,7,1,23,wednesday,summer,785178.0,243.0,0,Evening,312.0,Moderate,High,Low
india,punjab,jalandhar,"civil line, jalandhar - ppcb",2026-07-01 23:00:00.000000000,31.321907,75.578914,no2,25.0,30.0,28.0,14,good,18.3,91.3,28.6,2026,7,1,23,wednesday,summer,785178.0,243.0,0,Evening,5.0,Moderate,High,High
india,punjab,jalandhar,"civil line, jalandhar - ppcb",2026-07-01 23:00:00.000000000,31.321907,75.578914,co,50.0,54.0,52.0,95,moderate,22.5,32.6,22.9,2026,7,1,23,wednesday,summer,785178.0,243.0,0,Evening,4.0,Moderate,Low,High
india,punjab,jalandhar,"civil line, jalandhar - ppcb",2026-07-01 23:00:00.000000000,31.321907,75.578914,ozone,42.0,46.0,45.0,22,good,20.0,81.4,26.7,2026,7,1,23,wednesday,summer,785178.0,243.0,0,Evening,4.0,Moderate,High,High
india,punjab,khanna,"kalal majra, khanna - ppcb",2026-07-01 23:00:00.000000000,30.736056,76.209694,no2,26.0,29.0,28.0,13,good,29.9,47.8,26.2,2026,7,1,23,wednesday,summer,117137.0,269.0,0,Evening,3.0,Warm,Moderate,High
india,punjab,khanna,"kalal majra, khanna - ppcb",2026-07-01 23:00:00.000000000,30.736056,76.209694,nh3,7.0,8.0,7.0,48,good,30.8,55.2,19.2,2026,7,1,23,wednesday,summer,117137.0,269.0,0,Evening,1.0,Warm,Moderate,Moderate
india,punjab,ludhiana,"punjab agricultural university, ludhiana - ppcb",2026-07-01 23:00:00.000000000,30.9028,75.8086,pm2.5,67.0,92.0,78.0,80,moderate,27.3,65.5,15.4,2026,7,1,23,wednesday,summer,1545368.0,256.0,0,Evening,25.0,Warm,Moderate,Moderate
india,punjab,ludhiana,"punjab agricultural university, ludhiana - ppcb",2026-07-01 23:00:00.000000000,30.9028,75.8086,nh3,8.0,10.0,9.0,10,good,19.9,78.9,18.9,2026,7,1,23,wednesday,summer,1545368.0,256.0,0,Evening,2.0,Moderate,High,Moderate
india,rajasthan,jaipur,"riico sitapura, jaipur - rspcb",2026-07-01 23:00:00.000000000,26.786682,75.827928,no2,7.0,159.0,31.0,39,good,31.6,90.1,12.0,2026,7,1,23,wednesday,summer,2711758.0,435.0,0,Evening,152.0,Warm,High,Moderate
india,rajasthan,jaipur,"riico sitapura, jaipur - rspcb",2026-07-01 23:00:00.000000000,26.786682,75.827928,nh3,2.0,3.0,2.0,33,good,22.0,91.2,23.2,2026,7,1,23,wednesday,summer,2711758.0,435.0,0,Evening,1.0,Moderate,High,High
india,rajasthan,jaipur,"mansarovar sector-12, jaipur - rspcb",2026-07-01 23:00:00.000000000,26.843698,75.766894,nh3,9.0,10.0,10.0,37,good,25.7,55.6,27.3,2026,7,1,23,wednesday,summer,2711758.0,435.0,0,Evening,1.0,Warm,Moderate,High
india,rajasthan,jaipur,"mansarovar sector-12, jaipur - rspcb",2026-07-01 23:00:00.000000000,26.843698,75.766894,ozone,30.0,141.0,68.0,63,moderate,34.0,73.0,23.2,2026,7,1,23,wednesday,summer,2711758.0,435.0,0,Evening,111.0,Warm,High,High
india,rajasthan,jaisalmer,"sadar bazar, jaisalmer - rspcb",2026-07-01 23:00:00.000000000,26.912329,70.909168,pm10,42.0,183.0,108.0,139,unhealthy for sensitive groups,15.4,94.1,26.9,2026,7,1,23,wednesday,summer,67604.0,234.0,0,Evening,141.0,Moderate,High,High
india,rajasthan,jhalawar,"rajlaxmi nagar, jhalawar - rspcb",2026-07-01 23:00:00.000000000,24.588397,76.172782,ozone,41.0,59.0,50.0,13,good,20.0,40.6,24.3,2026,7,1,23,wednesday,summer,51884.0,322.0,0,Evening,18.0,Moderate,Moderate,High
india,rajasthan,jhunjhunu,"indra nagar, jhunjhunu - rspcb",2026-07-01 23:00:00.000000000,28.108988,75.386577,pm2.5,10.0,103.0,43.0,30,good,39.7,64.3,23.4,2026,7,1,23,wednesday,summer,113193.0,343.0,0,Evening,93.0,Hot,Moderate,High
india,rajasthan,jhunjhunu,"indra nagar, jhunjhunu - rspcb",2026-07-01 23:00:00.000000000,28.108988,75.386577,pm10,49.0,197.0,129.0,129,unhealthy for sensitive groups,22.7,50.4,10.8,2026,7,1,23,wednesday,summer,113193.0,343.0,0,Evening,148.0,Moderate,Moderate,Moderate
india,rajasthan,jodhpur,"mandor, jodhpur - rspcb",2026-07-01 23:00:00.000000000,26.358805,73.047444,pm2.5,7.0,68.0,33.0,10,good,26.4,37.3,6.2,2026,7,1,23,wednesday,summer,47329.0,99.0,0,Evening,61.0,Warm,Low,Low
india,rajasthan,jodhpur,"mandor, jodhpur - rspcb",2026-07-01 23:00:00.000000000,26.358805,73.047444,nh3,2.0,3.0,2.0,38,good,28.8,90.5,11.4,2026,7,1,23,wednesday,summer,47329.0,99.0,0,Evening,1.0,Warm,High,Moderate
india,rajasthan,jodhpur,"samrat ashok udhyan, jodhpur - rspcb",2026-07-01 23:00:00.000000000,26.253384,72.976571,so2,1.0,6.0,2.0,20,good,30.9,67.6,15.1,2026,7,1,23,wednesday,summer,47329.0,99.0,0,Evening,5.0,Warm,Moderate,Moderate
india,rajasthan,jodhpur,"digari kalan, jodhpur - rspcb",2026-07-01 23:00:00.000000000,26.29581,73.082283,no2,9.0,17.0,11.0,27,good,32.2,63.4,16.8,2026,7,1,23,wednesday,summer,47329.0,99.0,0,Evening,8.0,Warm,Moderate,Moderate
india,rajasthan,jodhpur,"digari kalan, jodhpur - rspcb",2026-07-01 23:00:00.000000000,26.29581,73.082283,ozone,40.0,68.0,55.0,94,moderate,33.9,38.7,22.0,2026,7,1,23,wednesday,summer,47329.0,99.0,0,Evening,28.0,Warm,Low,High
india,maharashtra,pune,"dhankawadi, pune - iitm",2026-07-01 23:00:00.000000000,18.459883,73.852193,ozone,1.0,6.0,3.0,18,good,36.6,61.4,10.7,2026,7,1,23,wednesday,summer,2935744.0,554.0,0,Evening,5.0,Hot,Moderate,Moderate
india,maharashtra,pune,"hadapsar, pune - iitm",2026-07-01 23:00:00.000000000,18.501793,73.927532,pm2.5,1.6666666666666663,9.333333333333334,6.333333333333334,452,hazardous,31.1,89.5,1.7,2026,7,1,23,wednesday,summer,2935744.0,554.0,0,Evening,7.666666666666668,Warm,High,Low
india,maharashtra,pune,"hadapsar, pune - iitm",2026-07-01 23:00:00.000000000,18.501793,73.927532,nh3,2.333333333333333,12.666666666666668,9.666666666666668,333,hazardous,21.3,94.4,20.1,2026,7,1,23,wednesday,summer,2935744.0,554.0,0,Evening,10.333333333333336,Moderate,High,High
india,maharashtra,pune,"hadapsar, pune - iitm",2026-07-01 23:00:00.000000000,18.501793,73.927532,ozone,3.0,16.0,13.0,47,good,16.7,62.9,6.8,2026,7,1,23,wednesday,summer,2935744.0,554.0,0,Evening,13.0,Moderate,Moderate,Low
india,maharashtra,pune,"mhada colony, pune - iitm",2026-07-01 23:00:00.000000000,18.57304,73.927715,pm2.5,10.0,44.0,23.0,15,good,36.6,84.1,13.3,2026,7,1,23,wednesday,summer,2935744.0,554.0,0,Evening,34.0,Hot,High,Moderate
india,maharashtra,satara,"koyana nagar, satara - mpcb",2026-07-01 23:00:00.000000000,17.696651,74.003387,ozone,38.0,47.0,42.0,15,good,27.6,78.7,7.4,2026,7,1,23,wednesday,summer,112793.0,709.0,0,Evening,9.0,Warm,High,Low
india,maharashtra,solapur,"dnyaneshwar nagar, solapur - mpcb",2026-07-01 23:00:00.000000000,17.6336264,75.9132495,nh3,7.0,15.0,10.0,6,good,27.3,30.5,0.2,2026,7,1,23,wednesday,summer,997281.0,473.0,0,Evening,8.0,Warm,Low,Low
india,maharashtra,solapur,"dnyaneshwar nagar, solapur - mpcb",2026-07-01 23:00:00.000000000,17.6336264,75.9132495,so2,0.0,9.0,2.0,3,good,19.0,78.0,18.8,2026,7,1,23,wednesday,summer,997281.0,473.0,0,Evening,9.0,Moderate,High,Moderate
india,maharashtra,solapur,"dnyaneshwar nagar, solapur - mpcb",2026-07-01 23:00:00.000000000,17.6336264,75.9132495,ozone,8.0,12.0,10.0,28,good,30.5,70.9,25.7,2026,7,1,23,wednesday,summer,997281.0,473.0,0,Evening,4.0,Warm,High,High
india,maharashtra,thane,"upvan fort, thane - mpcb",2026-07-01 23:00:00.000000000,19.222279,72.957979,pm2.5,11.0,24.0,17.0,24,good,25.3,74.3,26.6,2026,7,1,23,wednesday,summer,1261517.0,23.0,0,Evening,13.0,Warm,High,High
india,maharashtra,thane,"upvan fort, thane - mpcb",2026-07-01 23:00:00.000000000,19.222279,72.957979,ozone,8.0,20.0,14.0,6,good,27.1,30.9,3.8,2026,7,1,23,wednesday,summer,1261517.0,23.0,0,Evening,12.0,Warm,Low,Low
india,maharashtra,thane,"kasarvadavali, thane - mpcb",2026-07-01 23:00:00.000000000,19.26777,72.97182,pm10,10.0,35.0,25.0,20,good,35.3,40.1,9.6,2026,7,1,23,wednesday,summer,1261517.0,23.0,0,Evening,25.0,Hot,Moderate,Low
india,maharashtra,thane,"kasarvadavali, thane - mpcb",2026-07-01 23:00:00.000000000,19.26777,72.97182,no2,17.0,59.0,29.0,7,good,15.6,46.2,12.0,2026,7,1,23,wednesday,summer,1261517.0,23.0,0,Evening,42.0,Moderate,Moderate,Moderate
india,maharashtra,thane,"kasarvadavali, thane - mpcb",2026-07-01 23:00:00.000000000,19.26777,72.97182,co,7.0,19.0,13.0,7,good,21.6,67.9,1.7,2026,7,1,23,wednesday,summer,1261517.0,23.0,0,Evening,12.0,Moderate,Moderate,Low
india,maharashtra,ulhasnagar,"vithalwadi, ulhasnagar - mpcb",2026-07-01 23:00:00.000000000,19.2307571,73.155192,nh3,4.5,13.5,8.5,379,hazardous,18.1,37.5,15.8,2026,7,1,23,wednesday,summer,516584.0,10.0,0,Evening,9.0,Moderate,Low,Moderate
india,rajasthan,bundi,"new colony, bundi - rspcb",2026-07-01 23:00:00.000000000,25.435774,75.644272,so2,2.0,8.0,4.0,15,good,38.7,80.8,20.4,2026,7,1,23,wednesday,summer,98569.0,274.0,0,Evening,6.0,Hot,High,High
india,rajasthan,bundi,"new colony, bundi - rspcb",2026-07-01 23:00:00.000000000,25.435774,75.644272,co,18.0,45.0,31.0,39,good,19.1,32.5,15.3,2026,7,1,23,wednesday,summer,98569.0,274.0,0,Evening,27.0,Moderate,Low,Moderate
india,rajasthan,chittorgarh,"shastri nagar, chittorgarh - rspcb",2026-07-01 23:00:00.000000000,24.892047,74.623527,pm10,24.0,81.0,59.0,57,moderate,21.8,74.3,28.5,2026,7,1,23,wednesday,summer,106710.0,405.0,0,Evening,57.0,Moderate,High,High
india,rajasthan,chittorgarh,"shastri nagar, chittorgarh - rspcb",2026-07-01 23:00:00.000000000,24.892047,74.623527,ozone,50.0,74.0,66.0,78,moderate,30.5,72.0,29.7,2026,7,1,23,wednesday,summer,106710.0,405.0,0,Evening,24.0,Warm,High,High
india,rajasthan,churu,"subash chowk, churu - rspcb",2026-07-01 23:00:00.000000000,28.296139,74.961696,pm2.5,9.0,89.0,36.0,27,good,17.6,76.7,10.5,2026,7,1,23,wednesday,summer,103533.0,291.0,0,Evening,80.0,Moderate,High,Moderate
india,rajasthan,churu,"subash chowk, churu - rspcb",2026-07-01 23:00:00.000000000,28.296139,74.961696,no2,4.0,27.0,9.0,5,good,33.9,75.8,17.6,2026,7,1,23,wednesday,summer,103533.0,291.0,0,Evening,23.0,Warm,High,Moderate
india,rajasthan,dausa,"khatikan mohalla, dausa - rspcb",2026-07-01 23:00:00.000000000,26.895552,76.334753,so2,0.0,3.0,1.0,2,good,15.9,60.4,26.5,2026,7,1,23,wednesday,summer,73034.0,353.0,0,Evening,3.0,Moderate,Moderate,High
india,rajasthan,dholpur,"raja ganj, dholpur - rspcb",2026-07-01 23:00:00.000000000,26.699557,77.898881,pm10,2.0,7.0,3.0,356,hazardous,33.0,81.4,15.2,2026,7,1,23,wednesday,summer,102462.0,173.0,0,Evening,5.0,Warm,High,Moderate
india,rajasthan,dungarpur,"bhoiwada, dungarpur - rspcb",2026-07-01 23:00:00.000000000,23.837789,73.714926,no2,4.0,11.0,5.0,49,good,19.5,37.7,21.8,2026,7,1,23,wednesday,summer,6105.0,139.0,0,Evening,7.0,Moderate,Low,High
india,rajasthan,dungarpur,"bhoiwada, dungarpur - rspcb",2026-07-01 23:00:00.000000000,23.837789,73.714926,co,31.0,37.0,34.0,17,good,26.6,33.1,16.0,2026,7,1,23,wednesday,summer,6105.0,139.0,0,Evening,6.0,Warm,Low,Moderate
india,rajasthan,jaipur,"sector-2 murlipura, jaipur - rspcb",2026-07-01 23:00:00.000000000,26.960669,75.771817,ozone,15.0,39.0,30.0,11,good,24.5,57.8,2.1,2026,7,1,23,wednesday,summer,2711758.0,435.0,0,Evening,24.0,Moderate,Moderate,Low
india,rajasthan,jaipur,"police commissionerate, jaipur - rspcb",2026-07-01 23:00:00.000000000,26.9164092,75.7994901,pm2.5,70.0,107.0,79.0,94,moderate,25.8,63.3,24.6,2026,7,1,23,wednesday,summer,2711758.0,435.0,0,Evening,37.0,Warm,Moderate,High
india,rajasthan,jaipur,"police commissionerate, jaipur - rspcb",2026-07-01 23:00:00.000000000,26.9164092,75.7994901,co,40.0,101.0,60.0,74,moderate,17.4,37.4,7.7,2026,7,1,23,wednesday,summer,2711758.0,435.0,0,Evening,61.0,Moderate,Low,Low
india,punjab,ludhiana,"punjab agricultural university, ludhiana - ppcb",2026-07-01 23:00:00.000000000,30.9028,75.8086,co,14.0,35.0,25.0,40,good,26.2,79.7,6.1,2026,7,1,23,wednesday,summer,1545368.0,256.0,0,Evening,21.0,Warm,High,Low
india,punjab,patiala,"model town, patiala - ppcb",2026-07-01 23:00:00.000000000,30.349388,76.366642,so2,5.0,15.0,9.0,40,good,26.3,70.4,26.2,2026,7,1,23,wednesday,summer,329224.0,258.0,0,Evening,10.0,Warm,High,High
india,punjab,patiala,"model town, patiala - ppcb",2026-07-01 23:00:00.000000000,30.349388,76.366642,co,24.0,30.0,27.0,15,good,26.8,93.4,18.5,2026,7,1,23,wednesday,summer,329224.0,258.0,0,Evening,6.0,Warm,High,Moderate
india,punjab,patiala,"model town, patiala - ppcb",2026-07-01 23:00:00.000000000,30.349388,76.366642,ozone,21.0,46.0,31.0,46,good,31.2,69.1,24.8,2026,7,1,23,wednesday,summer,329224.0,258.0,0,Evening,25.0,Warm,Moderate,High
india,punjab,rupnagar,"ratanpura, rupnagar - ambuja cements",2026-07-01 23:00:00.000000000,31.0325454,76.5623046,pm10,21.0,116.0,62.0,97,moderate,24.8,41.3,19.2,2026,7,1,23,wednesday,summer,52313.0,287.0,0,Evening,95.0,Moderate,Moderate,Moderate
india,punjab,rupnagar,"ratanpura, rupnagar - ambuja cements",2026-07-01 23:00:00.000000000,31.0325454,76.5623046,co,50.0,60.0,54.0,52,moderate,30.1,91.5,5.3,2026,7,1,23,wednesday,summer,52313.0,287.0,0,Evening,10.0,Warm,High,Low
india,rajasthan,ajmer,"civil lines,  ajmer - rspcb",2026-07-01 23:00:00.000000000,26.470859,74.646594,ozone,13.0,20.0,17.0,32,good,30.2,51.0,3.8,2026,7,1,23,wednesday,summer,517911.0,475.0,0,Evening,7.0,Warm,Moderate,Low
india,rajasthan,alwar,"moti doongri, alwar - rspcb",2026-07-01 23:00:00.000000000,27.554793,76.611536,ozone,18.0,85.0,45.0,48,good,29.5,73.7,23.6,2026,7,1,23,wednesday,summer,283228.0,269.0,0,Evening,67.0,Warm,High,High
india,rajasthan,baran,"bamboliya, baran - rspcb",2026-07-01 23:00:00.000000000,25.106006,76.469948,pm10,23.0,110.0,57.0,100,moderate,26.7,76.9,22.2,2026,7,1,23,wednesday,summer,87478.0,271.0,0,Evening,87.0,Warm,High,High
india,rajasthan,baran,"bamboliya, baran - rspcb",2026-07-01 23:00:00.000000000,25.106006,76.469948,so2,8.0,11.0,9.0,43,good,22.9,56.2,7.9,2026,7,1,23,wednesday,summer,87478.0,271.0,0,Evening,3.0,Moderate,Moderate,Low
india,rajasthan,barmer,"railway colony, barmer - rspcb",2026-07-01 23:00:00.000000000,25.747299,71.393989,co,12.0,23.0,17.0,47,good,38.4,92.5,22.1,2026,7,1,23,wednesday,summer,89487.0,202.0,0,Evening,11.0,Hot,High,High
india,rajasthan,bharatpur,"krishna nagar, bharatpur - rspcb",2026-07-01 23:00:00.000000000,27.215415,77.50873,pm10,5.0,74.0,39.0,20,good,38.2,55.8,8.7,2026,7,1,23,wednesday,summer,229384.0,180.0,0,Evening,69.0,Hot,Moderate,Low
india,odisha,balasore,"kalidaspur, balasore - ospcb",2026-07-01 23:00:00.000000000,21.51161,86.89088,so2,3.0,5.0,4.0,27,good,32.2,93.4,2.8,2026,7,1,23,wednesday,summer,114321.0,22.0,0,Evening,2.0,Warm,High,Low
india,odisha,barbil,"forest office, barbil - ospcb",2026-07-01 23:00:00.000000000,22.1166054,85.3945546,ozone,13.0,50.0,30.0,24,good,33.0,88.6,24.0,2026,7,1,23,wednesday,summer,52586.0,457.0,0,Evening,37.0,Warm,High,High
india,odisha,bhubaneswar,"patia, bhubaneswar - ospcb",2026-07-01 23:00:00.000000000,20.34652,85.8163,ozone,24.0,62.0,36.0,8,good,37.9,57.8,21.1,2026,7,1,23,wednesday,summer,762243.0,62.0,0,Evening,38.0,Hot,Moderate,High
india,odisha,bhubaneswar,"lingraj mandir, bhubaneswar - ospcb",2026-07-01 23:00:00.000000000,20.24079,85.836784,so2,4.0,4.0,4.0,16,good,33.8,60.1,18.3,2026,7,1,23,wednesday,summer,762243.0,62.0,0,Evening,0.0,Warm,Moderate,Moderate
india,odisha,brajrajnagar,"gm office, brajrajnagar - ospcb",2026-07-01 23:00:00.000000000,21.8004996,83.8396977,no2,22.0,23.0,23.0,41,good,36.2,66.3,27.3,2026,7,1,23,wednesday,summer,79421.0,219.0,0,Evening,1.0,Hot,Moderate,High
india,odisha,rairangpur,"divisional forest office, rairangpur - ospcb",2026-07-01 23:00:00.000000000,22.265816,86.174829,pm2.5,13.0,36.0,20.0,5,good,25.9,45.3,26.9,2026,7,1,23,wednesday,summer,23072.0,268.0,0,Evening,23.0,Warm,Moderate,High
india,odisha,rairangpur,"divisional forest office, rairangpur - ospcb",2026-07-01 23:00:00.000000000,22.265816,86.174829,nh3,3.0,3.0,3.0,6,good,16.4,59.4,27.3,2026,7,1,23,wednesday,summer,23072.0,268.0,0,Evening,0.0,Moderate,Moderate,High
india,odisha,rairangpur,"divisional forest office, rairangpur - ospcb",2026-07-01 23:00:00.000000000,22.265816,86.174829,so2,7.0,15.0,11.0,13,good,17.7,55.4,3.2,2026,7,1,23,wednesday,summer,23072.0,268.0,0,Evening,8.0,Moderate,Moderate,Low
india,maharashtra,ulhasnagar,"sidhi vinayak nagar, ulhasnagar - mpcb",2026-07-01 23:00:00.000000000,19.235581,73.159121,nh3,4.0,8.0,6.0,49,good,35.4,76.2,18.7,2026,7,1,23,wednesday,summer,516584.0,10.0,0,Evening,4.0,Hot,High,Moderate
india,maharashtra,ulhasnagar,"sidhi vinayak nagar, ulhasnagar - mpcb",2026-07-01 23:00:00.000000000,19.235581,73.159121,so2,2.0,8.0,6.0,34,good,17.8,70.4,5.0,2026,7,1,23,wednesday,summer,516584.0,10.0,0,Evening,6.0,Moderate,High,Low
india,maharashtra,virar,"bolinj, virar - mpcb",2026-07-01 23:00:00.000000000,19.445821,72.7988231,pm10,1.8333333333333333,7.833333333333333,5.833333333333333,319,hazardous,19.5,79.6,7.8,2026,7,1,23,wednesday,summer,150357.0,9.0,0,Evening,6.0,Moderate,High,Low
india,maharashtra,virar,"bolinj, virar - mpcb",2026-07-01 23:00:00.000000000,19.445821,72.7988231,nh3,1.6666666666666667,7.666666666666667,5.666666666666667,396,hazardous,38.5,59.3,21.3,2026,7,1,23,wednesday,summer,150357.0,9.0,0,Evening,6.0,Hot,Moderate,High
india,meghalaya,shillong,"jn stadium, shillong - meghalaya pcb",2026-07-01 23:00:00.000000000,25.5803419,91.8942571,pm2.5,1.5,7.5,5.5,481,hazardous,27.1,85.2,10.6,2026,7,1,23,wednesday,summer,132842.0,1507.0,0,Evening,6.0,Warm,High,Moderate
india,meghalaya,shillong,"jn stadium, shillong - meghalaya pcb",2026-07-01 23:00:00.000000000,25.5803419,91.8942571,no2,1.3333333333333337,7.333333333333333,5.333333333333333,436,hazardous,15.1,44.1,25.6,2026,7,1,23,wednesday,summer,132842.0,1507.0,0,Evening,5.999999999999999,Moderate,Moderate,High
india,mizoram,aizawl,"sikulpuikawn, aizawl - mizoram pcb",2026-07-01 23:00:00.000000000,23.7176342,92.7192841,pm2.5,1.1666666666666667,7.166666666666667,5.166666666666667,405,hazardous,15.2,41.8,1.0,2026,7,1,23,wednesday,summer,265331.0,1080.0,0,Evening,6.0,Moderate,Moderate,Low
india,nagaland,kohima,"pwd junction, kohima - npcb",2026-07-01 23:00:00.000000000,25.6635413,94.0989878,co,1.0,7.0,5.0,15,good,25.7,84.6,12.1,2026,7,1,23,wednesday,summer,92113.0,1463.0,0,Evening,6.0,Warm,High,Moderate
india,nagaland,kohima,"pwd junction, kohima - npcb",2026-07-01 23:00:00.000000000,25.6635413,94.0989878,ozone,0.0,0.0,0.0,43,good,16.2,46.9,16.7,2026,7,1,23,wednesday,summer,92113.0,1463.0,0,Evening,0.0,Moderate,Moderate,Moderate
india,odisha,angul,"hakimapada, angul - ospcb",2026-07-01 23:00:00.000000000,20.832874,85.104082,no2,8.0,15.0,11.0,50,good,22.4,66.8,3.0,2026,7,1,23,wednesday,summer,44386.0,126.0,0,Evening,7.0,Moderate,Moderate,Low
india,odisha,angul,"hakimapada, angul - ospcb",2026-07-01 23:00:00.000000000,20.832874,85.104082,co,52.0,74.0,60.0,71,moderate,15.6,45.1,2.5,2026,7,1,23,wednesday,summer,44386.0,126.0,0,Evening,22.0,Moderate,Moderate,Low
india,odisha,balasore,"kalidaspur, balasore - ospcb",2026-07-01 23:00:00.000000000,21.51161,86.89088,nh3,2.0,11.0,3.0,12,good,16.7,55.5,20.9,2026,7,1,23,wednesday,summer,114321.0,22.0,0,Evening,9.0,Moderate,Moderate,High
india,maharashtra,pune,"revenue colony-shivajinagar, pune - iitm",2026-07-01 23:00:00.000000000,18.530085,73.849598,no2,10.0,28.0,18.0,41,good,35.9,86.6,12.1,2026,7,1,23,wednesday,summer,2935744.0,554.0,0,Evening,18.0,Hot,High,Moderate
india,rajasthan,bhiwadi,"riico ind. area iii, bhiwadi - rspcb",2026-07-01 23:00:00.000000000,28.194909,76.862296,pm2.5,32.0,232.0,92.0,60,moderate,31.6,89.2,17.6,2026,7,1,23,wednesday,summer,33831.0,268.0,0,Evening,200.0,Warm,High,Moderate
india,rajasthan,bhiwadi,"vasundhara nagar_uit, bhiwadi - rspcb",2026-07-01 23:00:00.000000000,28.207266,76.829265,ozone,25.0,37.0,32.0,23,good,39.8,47.5,12.6,2026,7,1,23,wednesday,summer,33831.0,268.0,0,Evening,12.0,Hot,Moderate,Moderate
india,rajasthan,bikaner,"mm ground, bikaner - rspcb",2026-07-01 23:00:00.000000000,28.018792,73.292658,pm10,97.0,198.0,135.0,111,unhealthy for sensitive groups,30.6,31.6,17.1,2026,7,1,23,wednesday,summer,576015.0,229.0,0,Evening,101.0,Warm,Low,Moderate
india,rajasthan,pali,"indira colony vistar, pali - rspcb",2026-07-01 23:00:00.000000000,25.771061,73.340227,nh3,1.0,3.0,2.0,18,good,21.7,89.4,20.5,2026,7,1,23,wednesday,summer,21287.0,467.0,0,Evening,2.0,Moderate,High,High
india,rajasthan,pratapgarh,"pragati nagar, pratapgarh - rspcb",2026-07-01 23:00:00.000000000,24.041198,74.780702,so2,1.0,4.0,3.0,10,good,28.8,61.8,19.7,2026,7,1,23,wednesday,summer,13672.0,101.0,0,Evening,3.0,Warm,Moderate,Moderate
india,rajasthan,pratapgarh,"pragati nagar, pratapgarh - rspcb",2026-07-01 23:00:00.000000000,24.041198,74.780702,co,10.0,16.0,13.0,26,good,37.7,56.1,17.2,2026,7,1,23,wednesday,summer,13672.0,101.0,0,Evening,6.0,Hot,Moderate,Moderate
india,rajasthan,rajsamand,"dhoinda, rajsamand - rspcb",2026-07-01 23:00:00.000000000,25.03636,73.883502,pm2.5,15.0,43.0,25.0,33,good,33.9,77.0,18.8,2026,7,1,23,wednesday,summer,63414.0,548.0,0,Evening,28.0,Warm,High,Moderate
india,rajasthan,rajsamand,"dhoinda, rajsamand - rspcb",2026-07-01 23:00:00.000000000,25.03636,73.883502,no2,7.0,26.0,15.0,28,good,26.6,79.2,0.8,2026,7,1,23,wednesday,summer,63414.0,548.0,0,Evening,19.0,Warm,High,Low
india,rajasthan,sikar,"radhakishan pura, sikar - rspcb",2026-07-01 23:00:00.000000000,27.608912,75.153302,nh3,6.0,6.0,6.0,11,good,17.3,65.6,0.1,2026,7,1,23,wednesday,summer,199932.0,435.0,0,Evening,0.0,Moderate,Moderate,Low
india,rajasthan,sikar,"radhakishan pura, sikar - rspcb",2026-07-01 23:00:00.000000000,27.608912,75.153302,so2,0.0,2.0,1.0,34,good,15.0,53.0,21.3,2026,7,1,23,wednesday,summer,199932.0,435.0,0,Evening,2.0,Moderate,Moderate,High
india,rajasthan,sikar,"radhakishan pura, sikar - rspcb",2026-07-01 23:00:00.000000000,27.608912,75.153302,ozone,55.0,66.0,62.0,73,moderate,39.3,84.5,22.7,2026,7,1,23,wednesday,summer,199932.0,435.0,0,Evening,11.0,Hot,High,High
india,rajasthan,sirohi,"vedhaynath colony, sirohi - rspcb",2026-07-01 23:00:00.000000000,24.885261,72.857549,pm2.5,10.0,55.0,23.0,0,good,39.4,51.0,12.2,2026,7,1,23,wednesday,summer,38610.0,294.0,0,Evening,45.0,Hot,Moderate,Moderate
india,rajasthan,sirohi,"vedhaynath colony, sirohi - rspcb",2026-07-01 23:00:00.000000000,24.885261,72.857549,pm10,55.0,190.0,78.0,99,moderate,33.3,37.3,5.8,2026,7,1,23,wednesday,summer,38610.0,294.0,0,Evening,135.0,Warm,Low,Low
india,rajasthan,sri ganganagar,"old city, sri ganganagar - rspcb",2026-07-01 23:00:00.000000000,29.931624,73.864511,pm10,87.0,170.0,124.0,136,unhealthy for sensitive groups,20.1,94.8,26.3,2026,7,1,23,wednesday,summer,231838.0,176.0,0,Evening,83.0,Moderate,High,High
india,rajasthan,tonk,"shastri nagar, tonk - rspcb",2026-07-01 23:00:00.000000000,26.159933,75.780517,no2,8.0,25.0,15.0,27,good,30.2,78.8,6.7,2026,7,1,23,wednesday,summer,151331.0,278.0,0,Evening,17.0,Warm,High,Low
india,rajasthan,tonk,"shastri nagar, tonk - rspcb",2026-07-01 23:00:00.000000000,26.159933,75.780517,so2,1.0,3.0,2.0,30,good,33.4,63.8,10.1,2026,7,1,23,wednesday,summer,151331.0,278.0,0,Evening,2.0,Warm,Moderate,Moderate
india,rajasthan,tonk,"shastri nagar, tonk - rspcb",2026-07-01 23:00:00.000000000,26.159933,75.780517,ozone,1.0,68.0,40.0,0,good,21.9,51.3,11.8,2026,7,1,23,wednesday,summer,151331.0,278.0,0,Evening,67.0,Moderate,Moderate,Moderate
india,rajasthan,udaipur,"ashok nagar, udaipur - rspcb",2026-07-01 23:00:00.000000000,24.5886166,73.6321397,pm10,43.0,105.0,76.0,51,moderate,19.0,56.2,11.7,2026,7,1,23,wednesday,summer,422784.0,565.0,0,Evening,62.0,Moderate,Moderate,Moderate
india,telangana,hyderabad,"sanathnagar, hyderabad - tspcb",2026-07-01 23:00:00.000000000,17.4559458,78.4332152,pm2.5,3.0,28.0,15.0,46,good,17.9,52.2,4.0,2026,7,1,23,wednesday,summer,3597816.0,515.0,0,Evening,25.0,Moderate,Moderate,Low
india,telangana,hyderabad,"kompally municipal office, hyderabad - tspcb",2026-07-01 23:00:00.000000000,17.544899,78.486949,no2,15.0,31.0,22.5,446,hazardous,40.0,70.7,1.9,2026,7,1,23,wednesday,summer,3597816.0,515.0,0,Evening,16.0,Hot,High,Low
india,telangana,hyderabad,"kompally municipal office, hyderabad - tspcb",2026-07-01 23:00:00.000000000,17.544899,78.486949,co,27.0,34.0,30.0,20,good,23.5,66.1,3.8,2026,7,1,23,wednesday,summer,3597816.0,515.0,0,Evening,7.0,Moderate,Moderate,Low
india,telangana,hyderabad,"central university, hyderabad - tspcb",2026-07-01 23:00:00.000000000,17.460103,78.334361,pm2.5,2.0,16.0,10.0,24,good,35.9,40.3,1.8,2026,7,1,23,wednesday,summer,3597816.0,515.0,0,Evening,14.0,Hot,Moderate,Low
india,telangana,hyderabad,"central university, hyderabad - tspcb",2026-07-01 23:00:00.000000000,17.460103,78.334361,nh3,1.0,4.0,2.0,5,good,28.5,78.3,13.8,2026,7,1,23,wednesday,summer,3597816.0,515.0,0,Evening,3.0,Warm,High,Moderate
india,telangana,hyderabad,"ida pashamylaram, hyderabad - tspcb",2026-07-01 23:00:00.000000000,17.5316895,78.218939,pm10,18.0,35.0,27.0,28,good,36.8,69.8,20.3,2026,7,1,23,wednesday,summer,3597816.0,515.0,0,Evening,17.0,Hot,Moderate,High
india,telangana,hyderabad,"ida pashamylaram, hyderabad - tspcb",2026-07-01 23:00:00.000000000,17.5316895,78.218939,co,18.0,19.0,19.0,50,good,28.1,75.7,13.1,2026,7,1,23,wednesday,summer,3597816.0,515.0,0,Evening,1.0,Warm,High,Moderate
india,telangana,hyderabad,"zoo park, hyderabad - tspcb",2026-07-01 23:00:00.000000000,17.349694,78.451437,so2,1.0,2.0,2.0,27,good,20.1,78.7,5.1,2026,7,1,23,wednesday,summer,3597816.0,515.0,0,Evening,1.0,Moderate,High,Low
india,telangana,hyderabad,"zoo park, hyderabad - tspcb",2026-07-01 23:00:00.000000000,17.349694,78.451437,co,30.0,54.0,41.0,0,good,24.4,62.8,11.1,2026,7,1,23,wednesday,summer,3597816.0,515.0,0,Evening,24.0,Moderate,Moderate,Moderate
india,telangana,hyderabad,"ecil kapra, hyderabad - tspcb",2026-07-01 23:00:00.000000000,17.470431,78.566959,co,26.0,27.0,26.0,47,good,32.6,67.1,28.8,2026,7,1,23,wednesday,summer,3597816.0,515.0,0,Evening,1.0,Warm,Moderate,High
india,telangana,hyderabad,"nacharam_tsiic iala, hyderabad - tspcb",2026-07-01 23:00:00.000000000,17.429398,78.569354,nh3,4.0,7.0,5.0,38,good,28.5,58.3,4.6,2026,7,1,23,wednesday,summer,3597816.0,515.0,0,Evening,3.0,Warm,Moderate,Low
india,telangana,hyderabad,"somajiguda, hyderabad - tspcb",2026-07-01 23:00:00.000000000,17.417094,78.457437,pm10,56.0,377.0,84.0,62,moderate,26.1,51.0,24.3,2026,7,1,23,wednesday,summer,3597816.0,515.0,0,Evening,321.0,Warm,Moderate,High
india,telangana,hyderabad,"somajiguda, hyderabad - tspcb",2026-07-01 23:00:00.000000000,17.417094,78.457437,so2,9.0,40.0,14.0,48,good,23.3,79.7,0.6,2026,7,1,23,wednesday,summer,3597816.0,515.0,0,Evening,31.0,Moderate,High,Low
india,telangana,hyderabad,"icrisat patancheru, hyderabad - tspcb",2026-07-01 23:00:00.000000000,17.5184,78.278777,pm2.5,2.0,24.0,12.0,10,good,30.5,43.8,0.8,2026,7,1,23,wednesday,summer,3597816.0,515.0,0,Evening,22.0,Warm,Moderate,Low
india,telangana,hyderabad,"icrisat patancheru, hyderabad - tspcb",2026-07-01 23:00:00.000000000,17.5184,78.278777,nh3,2.0,2.0,2.0,4,good,29.0,91.0,10.2,2026,7,1,23,wednesday,summer,3597816.0,515.0,0,Evening,0.0,Warm,High,Moderate
india,uttar pradesh,jhansi,"shivaji nagar, jhansi - uppcb",2026-07-01 23:00:00.000000000,25.4547,78.6039,ozone,5.0,8.0,6.0,13,good,19.5,38.1,21.0,2026,7,1,23,wednesday,summer,412927.0,248.0,0,Evening,3.0,Moderate,Low,High
india,uttar pradesh,kanpur,"nehru nagar, kanpur - uppcb",2026-07-01 23:00:00.000000000,26.4703136,80.3229863,pm10,25.0,52.0,37.0,2,good,34.7,48.0,8.3,2026,7,1,23,wednesday,summer,2823249.0,137.0,0,Evening,27.0,Warm,Moderate,Low
india,uttar pradesh,kanpur,"nehru nagar, kanpur - uppcb",2026-07-01 23:00:00.000000000,26.4703136,80.3229863,no2,45.0,48.0,47.0,46,good,35.2,34.0,28.6,2026,7,1,23,wednesday,summer,2823249.0,137.0,0,Evening,3.0,Hot,Low,High
india,uttar pradesh,kanpur,"nehru nagar, kanpur - uppcb",2026-07-01 23:00:00.000000000,26.4703136,80.3229863,so2,10.0,13.0,12.0,47,good,18.9,62.3,9.3,2026,7,1,23,wednesday,summer,2823249.0,137.0,0,Evening,3.0,Moderate,Moderate,Low
india,uttar pradesh,kanpur,"nsi kalyanpur, kanpur - uppcb",2026-07-01 23:00:00.000000000,26.509954,80.249612,pm2.5,13.0,62.0,32.0,7,good,36.4,82.1,6.6,2026,7,1,23,wednesday,summer,2823249.0,137.0,0,Evening,49.0,Hot,High,Low
india,uttar pradesh,kanpur,"nsi kalyanpur, kanpur - uppcb",2026-07-01 23:00:00.000000000,26.509954,80.249612,so2,23.0,25.0,23.0,27,good,27.5,70.1,20.3,2026,7,1,23,wednesday,summer,2823249.0,137.0,0,Evening,2.0,Warm,High,High
india,uttar pradesh,kanpur,"nsi kalyanpur, kanpur - uppcb",2026-07-01 23:00:00.000000000,26.509954,80.249612,co,23.0,26.0,24.0,2,good,34.2,82.3,1.3,2026,7,1,23,wednesday,summer,2823249.0,137.0,0,Evening,3.0,Warm,High,Low
india,uttar pradesh,kanpur,"nsi kalyanpur, kanpur - uppcb",2026-07-01 23:00:00.000000000,26.509954,80.249612,ozone,19.0,20.0,20.0,13,good,23.4,63.3,13.5,2026,7,1,23,wednesday,summer,2823249.0,137.0,0,Evening,1.0,Moderate,Moderate,Moderate
india,uttar pradesh,lucknow,"talkatora district industries center, lucknow - cpcb",2026-07-01 23:00:00.000000000,26.83399722,80.8917361,so2,0.0,44.0,12.0,8,good,31.5,80.1,5.6,2026,7,1,23,wednesday,summer,2472011.0,126.0,0,Evening,44.0,Warm,High,Low
india,uttar pradesh,lucknow,"gomti nagar, lucknow - uppcb",2026-07-01 23:00:00.000000000,26.86812,81.005119,no2,9.0,10.0,9.0,47,good,38.0,52.9,4.9,2026,7,1,23,wednesday,summer,2472011.0,126.0,0,Evening,1.0,Hot,Moderate,Low
india,uttar pradesh,lucknow,"gomti nagar, lucknow - uppcb",2026-07-01 23:00:00.000000000,26.86812,81.005119,nh3,11.5,12.5,11.5,476,hazardous,37.1,72.9,3.6,2026,7,1,23,wednesday,summer,2472011.0,126.0,0,Evening,1.0,Hot,High,Low
india,uttar pradesh,lucknow,"gomti nagar, lucknow - uppcb",2026-07-01 23:00:00.000000000,26.86812,81.005119,so2,14.0,15.0,14.0,34,good,35.7,48.2,5.1,2026,7,1,23,wednesday,summer,2472011.0,126.0,0,Evening,1.0,Hot,Moderate,Low
india,uttar pradesh,lucknow,"kukrail picnic spot-1, lucknow - uppcb",2026-07-01 23:00:00.000000000,26.90723,80.98579,co,11.0,16.0,14.0,12,good,17.2,53.4,19.0,2026,7,1,23,wednesday,summer,2472011.0,126.0,0,Evening,5.0,Moderate,Moderate,Moderate
india,rajasthan,jodhpur,"collectorate, jodhpur - rspcb",2026-07-01 23:00:00.000000000,26.268249,73.0193853,ozone,15.0,24.0,19.0,29,good,38.9,67.2,2.1,2026,7,1,23,wednesday,summer,47329.0,99.0,0,Evening,9.0,Hot,Moderate,Low
india,rajasthan,jodhpur,"jhalamand, jodhpur - rspcb",2026-07-01 23:00:00.000000000,26.215415,73.070156,pm2.5,10.0,62.0,23.0,4,good,34.0,69.2,17.9,2026,7,1,23,wednesday,summer,47329.0,99.0,0,Evening,52.0,Warm,Moderate,Moderate
india,rajasthan,karauli,"satyawati vihar, karauli - rspcb",2026-07-01 23:00:00.000000000,26.506177,77.025989,pm2.5,13.0,38.0,23.0,46,good,18.9,78.7,29.1,2026,7,1,23,wednesday,summer,73717.0,272.0,0,Evening,25.0,Moderate,High,High
india,rajasthan,karauli,"satyawati vihar, karauli - rspcb",2026-07-01 23:00:00.000000000,26.506177,77.025989,so2,1.0,6.0,4.0,30,good,16.2,74.0,24.0,2026,7,1,23,wednesday,summer,73717.0,272.0,0,Evening,5.0,Moderate,High,High
india,rajasthan,karauli,"satyawati vihar, karauli - rspcb",2026-07-01 23:00:00.000000000,26.506177,77.025989,ozone,24.0,81.0,49.0,42,good,21.1,61.8,22.7,2026,7,1,23,wednesday,summer,73717.0,272.0,0,Evening,57.0,Moderate,Moderate,High
india,rajasthan,kota,"nayapura, kota - rspcb",2026-07-01 23:00:00.000000000,25.196024,75.855668,pm2.5,28.0,60.0,44.0,27,good,28.3,35.4,23.2,2026,7,1,23,wednesday,summer,763088.0,267.0,0,Evening,32.0,Warm,Low,High
india,rajasthan,kota,"nayapura, kota - rspcb",2026-07-01 23:00:00.000000000,25.196024,75.855668,nh3,2.0,5.0,4.0,6,good,18.2,78.8,11.8,2026,7,1,23,wednesday,summer,763088.0,267.0,0,Evening,3.0,Moderate,High,Moderate
india,rajasthan,kota,"dhanmandi, kota - rspcb",2026-07-01 23:00:00.000000000,25.16409,75.858137,pm2.5,23.0,53.0,37.0,30,good,33.2,92.4,19.7,2026,7,1,23,wednesday,summer,763088.0,267.0,0,Evening,30.0,Warm,High,Moderate
india,rajasthan,kota,"dhanmandi, kota - rspcb",2026-07-01 23:00:00.000000000,25.16409,75.858137,no2,18.0,40.0,26.0,41,good,21.7,34.7,21.1,2026,7,1,23,wednesday,summer,763088.0,267.0,0,Evening,22.0,Moderate,Low,High
india,rajasthan,kota,"shrinath puram, kota - rspcb",2026-07-01 23:00:00.000000000,25.14389,75.821256,no2,12.0,17.0,14.0,25,good,20.0,54.8,18.1,2026,7,1,23,wednesday,summer,763088.0,267.0,0,Evening,5.0,Moderate,Moderate,Moderate
india,rajasthan,pali,"indira colony vistar, pali - rspcb",2026-07-01 23:00:00.000000000,25.771061,73.340227,pm2.5,64.0,134.0,98.0,68,moderate,27.6,51.7,9.1,2026,7,1,23,wednesday,summer,21287.0,467.0,0,Evening,70.0,Warm,Moderate,Low
india,rajasthan,pali,"indira colony vistar, pali - rspcb",2026-07-01 23:00:00.000000000,25.771061,73.340227,pm10,73.0,128.0,99.0,71,moderate,25.6,64.0,1.0,2026,7,1,23,wednesday,summer,21287.0,467.0,0,Evening,55.0,Warm,Moderate,Low
india,tamil nadu,chennai,"manali, chennai - cpcb",2026-07-01 23:00:00.000000000,13.164544,80.26285,nh3,40.0,70.5,54.5,437,hazardous,21.9,59.2,25.6,2026,7,1,23,wednesday,summer,4328063.0,14.0,0,Evening,30.5,Moderate,Moderate,High
india,tamil nadu,chennai,"manali, chennai - cpcb",2026-07-01 23:00:00.000000000,13.164544,80.26285,ozone,7.0,13.0,10.0,35,good,23.0,87.1,29.4,2026,7,1,23,wednesday,summer,4328063.0,14.0,0,Evening,6.0,Moderate,High,High
india,tamil nadu,coimbatore,"sidco kurichi, coimbatore - tnpcb",2026-07-01 23:00:00.000000000,10.942451,76.978996,no2,14.0,18.75,16.5,487,hazardous,23.3,56.5,5.4,2026,7,1,23,wednesday,summer,959823.0,425.0,0,Evening,4.75,Moderate,Moderate,Low
india,tamil nadu,coimbatore,"sidco kurichi, coimbatore - tnpcb",2026-07-01 23:00:00.000000000,10.942451,76.978996,nh3,21.0,24.5,23.0,486,hazardous,33.4,39.4,20.0,2026,7,1,23,wednesday,summer,959823.0,425.0,0,Evening,3.5,Warm,Low,High
india,tamil nadu,madurai,"uchapatti, madurai - tnpcb",2026-07-01 23:00:00.000000000,9.865935,78.022669,pm10,28.0,30.25,29.5,310,hazardous,17.8,65.7,24.4,2026,7,1,23,wednesday,summer,909908.0,138.0,0,Evening,2.25,Moderate,Moderate,High
india,tamil nadu,madurai,"uchapatti, madurai - tnpcb",2026-07-01 23:00:00.000000000,9.865935,78.022669,co,35.0,36.0,36.0,2,good,28.2,39.0,9.2,2026,7,1,23,wednesday,summer,909908.0,138.0,0,Evening,1.0,Warm,Low,Low
india,tamil nadu,thoothukudi,"meelavittan, thoothukudi - tnpcb",2026-07-01 23:00:00.000000000,8.816428,78.099039,pm10,22.0,120.0,52.0,72,moderate,24.1,52.6,1.9,2026,7,1,23,wednesday,summer,410760.0,2.0,0,Evening,98.0,Moderate,Moderate,Low
india,tamil nadu,thoothukudi,"meelavittan, thoothukudi - tnpcb",2026-07-01 23:00:00.000000000,8.816428,78.099039,no2,12.0,22.0,17.0,28,good,35.8,36.8,16.3,2026,7,1,23,wednesday,summer,410760.0,2.0,0,Evening,10.0,Hot,Low,Moderate
india,tamil nadu,thoothukudi,"meelavittan, thoothukudi - tnpcb",2026-07-01 23:00:00.000000000,8.816428,78.099039,so2,2.0,19.0,13.0,29,good,28.6,49.8,25.7,2026,7,1,23,wednesday,summer,410760.0,2.0,0,Evening,17.0,Warm,Moderate,High
india,tamil nadu,thoothukudi,"meelavittan, thoothukudi - tnpcb",2026-07-01 23:00:00.000000000,8.816428,78.099039,co,24.0,37.0,30.0,44,good,21.1,76.9,17.9,2026,7,1,23,wednesday,summer,410760.0,2.0,0,Evening,13.0,Moderate,High,Moderate
india,telangana,hyderabad,"new malakpet, hyderabad - tspcb",2026-07-01 23:00:00.000000000,17.37206,78.50864,pm2.5,19.0,33.0,26.0,7,good,35.5,59.5,1.3,2026,7,1,23,wednesday,summer,3597816.0,515.0,0,Evening,14.0,Hot,Moderate,Low
india,uttar pradesh,ghaziabad,"loni, ghaziabad - uppcb",2026-07-01 23:00:00.000000000,28.757294,77.278792,no2,13.0,27.0,20.0,50,good,20.9,44.2,15.8,2026,7,1,23,wednesday,summer,1199191.0,214.0,0,Evening,14.0,Moderate,Moderate,Moderate
india,uttar pradesh,ghaziabad,"vasundhara, ghaziabad - uppcb",2026-07-01 23:00:00.000000000,28.6603346,77.3572563,no2,6.0,58.0,27.0,17,good,16.3,94.0,1.9,2026,7,1,23,wednesday,summer,1199191.0,214.0,0,Evening,52.0,Moderate,High,Low
india,uttar pradesh,ghaziabad,"vasundhara, ghaziabad - uppcb",2026-07-01 23:00:00.000000000,28.6603346,77.3572563,nh3,8.0,16.0,11.0,21,good,32.4,41.6,2.5,2026,7,1,23,wednesday,summer,1199191.0,214.0,0,Evening,8.0,Warm,Moderate,Low
india,uttar pradesh,ghaziabad,"ved vihar-loni, ghaziabad - uppcb",2026-07-01 23:00:00.000000000,28.739153,77.273668,no2,19.0,40.0,23.0,36,good,16.9,32.9,7.7,2026,7,1,23,wednesday,summer,1199191.0,214.0,0,Evening,21.0,Moderate,Low,Low
india,uttar pradesh,ghaziabad,"ved vihar-loni, ghaziabad - uppcb",2026-07-01 23:00:00.000000000,28.739153,77.273668,nh3,6.0,11.0,8.0,4,good,16.1,91.2,23.7,2026,7,1,23,wednesday,summer,1199191.0,214.0,0,Evening,5.0,Moderate,High,High
india,uttar pradesh,ghaziabad,"ved vihar-loni, ghaziabad - uppcb",2026-07-01 23:00:00.000000000,28.739153,77.273668,co,108.0,112.0,109.0,137,unhealthy for sensitive groups,19.7,68.1,29.9,2026,7,1,23,wednesday,summer,1199191.0,214.0,0,Evening,4.0,Moderate,Moderate,High
india,uttar pradesh,greater noida,"knowledge park - v, greater noida - uppcb",2026-07-01 23:00:00.000000000,28.557054,77.453663,pm10,120.0,314.0,181.0,180,unhealthy,35.7,67.5,20.6,2026,7,1,23,wednesday,summer,293908.0,212.0,0,Evening,194.0,Hot,Moderate,High
india,uttar pradesh,hapur,"anand vihar, hapur - uppcb",2026-07-01 23:00:00.000000000,28.725645,77.749675,so2,17.0,29.0,22.0,12,good,33.9,46.4,25.3,2026,7,1,23,wednesday,summer,242920.0,219.0,0,Evening,12.0,Warm,Moderate,High
india,telangana,hyderabad,"kokapet, hyderabad - tspcb",2026-07-01 23:00:00.000000000,17.393559,78.339194,pm10,43.0,75.0,59.0,69,moderate,22.5,59.9,22.7,2026,7,1,23,wednesday,summer,3597816.0,515.0,0,Evening,32.0,Moderate,Moderate,High
india,telangana,hyderabad,"kokapet, hyderabad - tspcb",2026-07-01 23:00:00.000000000,17.393559,78.339194,no2,11.0,16.0,13.0,49,good,17.4,61.5,22.0,2026,7,1,23,wednesday,summer,3597816.0,515.0,0,Evening,5.0,Moderate,Moderate,High
india,tripura,agartala,"bardowali, agartala - tripura spcb",2026-07-01 23:00:00.000000000,23.8175497,91.2726974,pm2.5,28.0,74.0,46.0,32,good,32.0,86.7,4.3,2026,7,1,23,wednesday,summer,203264.0,15.0,0,Evening,46.0,Warm,High,Low
india,tripura,agartala,"bardowali, agartala - tripura spcb",2026-07-01 23:00:00.000000000,23.8175497,91.2726974,no2,17.0,24.0,18.0,50,good,17.8,63.2,25.2,2026,7,1,23,wednesday,summer,203264.0,15.0,0,Evening,7.0,Moderate,Moderate,High
india,tripura,agartala,"bardowali, agartala - tripura spcb",2026-07-01 23:00:00.000000000,23.8175497,91.2726974,ozone,3.0,8.0,6.0,45,good,20.8,42.3,29.2,2026,7,1,23,wednesday,summer,203264.0,15.0,0,Evening,5.0,Moderate,Moderate,High
india,uttar pradesh,agra,"shastripuram, agra - uppcb",2026-07-01 23:00:00.000000000,27.19862,77.92066,ozone,32.0,54.0,40.0,47,good,17.1,63.3,21.6,2026,7,1,23,wednesday,summer,1430055.0,166.0,0,Evening,22.0,Moderate,Moderate,High
india,uttar pradesh,agra,"sanjay palace, agra - uppcb",2026-07-01 23:00:00.000000000,27.19865833,78.00598056,pm10,34.0,174.0,103.0,148,unhealthy for sensitive groups,17.7,89.5,7.9,2026,7,1,23,wednesday,summer,1430055.0,166.0,0,Evening,140.0,Moderate,High,Low
india,uttar pradesh,agra,"sanjay palace, agra - uppcb",2026-07-01 23:00:00.000000000,27.19865833,78.00598056,nh3,29.5,107.5,66.5,499,hazardous,25.5,44.9,3.0,2026,7,1,23,wednesday,summer,1430055.0,166.0,0,Evening,78.0,Warm,Moderate,Low
india,uttar pradesh,bareilly,"civil lines, bareilly - uppcb",2026-07-01 23:00:00.000000000,28.359581,79.414455,pm2.5,25.0,41.0,30.0,37,good,25.1,88.2,19.0,2026,7,1,23,wednesday,summer,745435.0,178.0,0,Evening,16.0,Warm,High,Moderate
india,uttar pradesh,bareilly,"civil lines, bareilly - uppcb",2026-07-01 23:00:00.000000000,28.359581,79.414455,pm10,26.0,44.0,31.0,4,good,16.1,72.3,14.0,2026,7,1,23,wednesday,summer,745435.0,178.0,0,Evening,18.0,Moderate,High,Moderate
india,uttar pradesh,bulandshahr,"yamunapuram, bulandshahr - uppcb",2026-07-01 23:00:00.000000000,28.406963,77.849831,nh3,7.0,14.0,9.0,10,good,33.2,67.6,29.0,2026,7,1,23,wednesday,summer,198612.0,210.0,0,Evening,7.0,Warm,Moderate,High
india,uttar pradesh,bulandshahr,"yamunapuram, bulandshahr - uppcb",2026-07-01 23:00:00.000000000,28.406963,77.849831,ozone,6.0,16.0,11.0,2,good,20.2,40.1,9.2,2026,7,1,23,wednesday,summer,198612.0,210.0,0,Evening,10.0,Moderate,Moderate,Low
india,uttar pradesh,firozabad,"vibhab nagar, firozabad - uppcb",2026-07-01 23:00:00.000000000,27.1594,78.3953,no2,15.0,15.0,15.0,38,good,19.1,92.6,0.4,2026,7,1,23,wednesday,summer,306409.0,169.0,0,Evening,0.0,Moderate,High,Low
india,uttar pradesh,firozabad,"vibhab nagar, firozabad - uppcb",2026-07-01 23:00:00.000000000,27.1594,78.3953,so2,2.0,4.0,4.0,23,good,35.6,78.9,11.6,2026,7,1,23,wednesday,summer,306409.0,169.0,0,Evening,2.0,Hot,High,Moderate
india,uttar pradesh,firozabad,"nagla bhau, firozabad - uppcb",2026-07-01 23:00:00.000000000,27.168897,78.37696,nh3,2.0,2.0,2.0,39,good,31.4,37.0,18.6,2026,7,1,23,wednesday,summer,306409.0,169.0,0,Evening,0.0,Warm,Low,Moderate
india,uttar pradesh,ghaziabad,"loni, ghaziabad - uppcb",2026-07-01 23:00:00.000000000,28.757294,77.278792,pm2.5,1.5,1.5,1.5,486,hazardous,23.6,79.3,2.2,2026,7,1,23,wednesday,summer,1199191.0,214.0,0,Evening,0.0,Moderate,High,Low
india,sikkim,gangtok,"zero point gici, gangtok - sspcb",2026-07-01 23:00:00.000000000,27.33853,88.614099,so2,1.0,1.0,1.0,30,good,22.3,57.2,18.3,2026,7,1,23,wednesday,summer,30700.0,1654.0,0,Evening,0.0,Moderate,Moderate,Moderate
india,sikkim,gangtok,"zero point gici, gangtok - sspcb",2026-07-01 23:00:00.000000000,27.33853,88.614099,ozone,15.0,22.0,19.0,49,good,31.1,61.6,7.6,2026,7,1,23,wednesday,summer,30700.0,1654.0,0,Evening,7.0,Warm,Moderate,Low
india,tamil nadu,chennai,"kodungaiyur, chennai - tnpcb",2026-07-01 23:00:00.000000000,13.1278,80.2642,pm10,12.0,79.0,47.0,44,good,17.7,94.5,1.1,2026,7,1,23,wednesday,summer,4328063.0,14.0,0,Evening,67.0,Moderate,High,Low
india,tamil nadu,chennai,"kodungaiyur, chennai - tnpcb",2026-07-01 23:00:00.000000000,13.1278,80.2642,no2,11.0,16.0,14.0,35,good,29.4,41.1,24.0,2026,7,1,23,wednesday,summer,4328063.0,14.0,0,Evening,5.0,Warm,Moderate,High
india,tamil nadu,chennai,"kodungaiyur, chennai - tnpcb",2026-07-01 23:00:00.000000000,13.1278,80.2642,nh3,3.0,5.0,4.0,35,good,15.5,89.0,21.2,2026,7,1,23,wednesday,summer,4328063.0,14.0,0,Evening,2.0,Moderate,High,High
india,tamil nadu,chennai,"arumbakkam, chennai - tnpcb",2026-07-01 23:00:00.000000000,13.0664,80.2112,pm10,47.0,126.0,86.0,56,moderate,36.3,35.1,4.0,2026,7,1,23,wednesday,summer,4328063.0,14.0,0,Evening,79.0,Hot,Low,Low
india,tamil nadu,chennai,"arumbakkam, chennai - tnpcb",2026-07-01 23:00:00.000000000,13.0664,80.2112,so2,1.0,2.0,2.0,41,good,31.7,81.6,13.1,2026,7,1,23,wednesday,summer,4328063.0,14.0,0,Evening,1.0,Warm,High,Moderate
india,tamil nadu,chennai,"manali village, chennai - tnpcb",2026-07-01 23:00:00.000000000,13.1662,80.2584,pm10,16.0,47.0,30.0,48,good,34.4,49.6,16.3,2026,7,1,23,wednesday,summer,4328063.0,14.0,0,Evening,31.0,Warm,Moderate,Moderate
india,uttar pradesh,lucknow,"lalbagh, lucknow - cpcb",2026-07-01 23:00:00.000000000,26.8458805,80.9365541,so2,0.0,17.0,7.0,42,good,16.9,44.5,2.1,2026,7,1,23,wednesday,summer,2472011.0,126.0,0,Evening,17.0,Moderate,Moderate,Low
india,uttar pradesh,lucknow,"kendriya vidyalaya, lucknow - cpcb",2026-07-01 23:00:00.000000000,26.906111,80.948222,pm10,49.0,111.0,71.0,68,moderate,33.4,92.3,20.2,2026,7,1,23,wednesday,summer,2472011.0,126.0,0,Evening,62.0,Warm,High,High
india,uttar pradesh,meerut,"pallavpuram phase 2, meerut - uppcb",2026-07-01 23:00:00.000000000,29.06351,77.709723,nh3,2.0,6.0,4.0,1,good,17.5,73.0,7.0,2026,7,1,23,wednesday,summer,1223184.0,228.0,0,Evening,4.0,Moderate,High,Low
india,uttar pradesh,meerut,"ganga nagar, meerut - uppcb",2026-07-01 23:00:00.000000000,28.999264,77.7590354,pm2.5,11.0,42.0,24.0,34,good,16.4,78.3,16.6,2026,7,1,23,wednesday,summer,1223184.0,228.0,0,Evening,31.0,Moderate,High,Moderate
india,uttar pradesh,meerut,"ganga nagar, meerut - uppcb",2026-07-01 23:00:00.000000000,28.999264,77.7590354,pm10,18.0,144.0,73.0,56,moderate,25.6,92.1,22.6,2026,7,1,23,wednesday,summer,1223184.0,228.0,0,Evening,126.0,Warm,High,High
india,uttar pradesh,meerut,"jai bhim nagar, meerut - uppcb",2026-07-01 23:00:00.000000000,28.9535882,77.7622941,pm2.5,2.0,37.0,15.0,35,good,18.9,38.6,25.4,2026,7,1,23,wednesday,summer,1223184.0,228.0,0,Evening,35.0,Moderate,Low,High
india,uttar pradesh,meerut,"jai bhim nagar, meerut - uppcb",2026-07-01 23:00:00.000000000,28.9535882,77.7622941,ozone,22.0,30.0,27.0,47,good,28.4,82.0,11.4,2026,7,1,23,wednesday,summer,1223184.0,228.0,0,Evening,8.0,Warm,High,Moderate
india,uttar pradesh,meerut,"miet college, meerut - uppcb",2026-07-01 23:00:00.000000000,28.972677,77.641018,no2,22.0,49.0,28.0,2,good,29.5,36.3,6.5,2026,7,1,23,wednesday,summer,1223184.0,228.0,0,Evening,27.0,Warm,Low,Low
india,uttar pradesh,meerut,"miet college, meerut - uppcb",2026-07-01 23:00:00.000000000,28.972677,77.641018,co,38.0,62.0,53.0,72,moderate,22.9,81.6,19.2,2026,7,1,23,wednesday,summer,1223184.0,228.0,0,Evening,24.0,Moderate,High,Moderate
india,uttar pradesh,meerut,"miet college, meerut - uppcb",2026-07-01 23:00:00.000000000,28.972677,77.641018,ozone,26.0,100.0,72.0,59,moderate,17.8,63.7,4.9,2026,7,1,23,wednesday,summer,1223184.0,228.0,0,Evening,74.0,Moderate,Moderate,Low
india,uttar pradesh,moradabad,"buddhi vihar, moradabad - uppcb",2026-07-01 23:00:00.000000000,28.83526,78.7446,so2,26.0,27.0,27.0,46,good,39.4,77.4,10.3,2026,7,1,23,wednesday,summer,721139.0,205.0,0,Evening,1.0,Hot,High,Moderate
india,uttar pradesh,moradabad,"jigar colony, moradabad - uppcb",2026-07-01 23:00:00.000000000,28.856664,78.772638,so2,31.0,60.0,52.0,59,moderate,22.2,55.9,17.7,2026,7,1,23,wednesday,summer,721139.0,205.0,0,Evening,29.0,Moderate,Moderate,Moderate
india,uttar pradesh,moradabad,"jigar colony, moradabad - uppcb",2026-07-01 23:00:00.000000000,28.856664,78.772638,ozone,18.0,21.0,19.0,41,good,35.8,58.9,25.1,2026,7,1,23,wednesday,summer,721139.0,205.0,0,Evening,3.0,Hot,Moderate,High
india,uttar pradesh,moradabad,"kashiram nagar, moradabad - uppcb",2026-07-01 23:00:00.000000000,28.849399,78.742362,no2,24.0,25.0,24.0,44,good,26.4,40.9,8.1,2026,7,1,23,wednesday,summer,721139.0,205.0,0,Evening,1.0,Warm,Moderate,Low
india,uttar pradesh,moradabad,"kashiram nagar, moradabad - uppcb",2026-07-01 23:00:00.000000000,28.849399,78.742362,ozone,14.0,67.0,40.0,25,good,26.2,61.4,19.1,2026,7,1,23,wednesday,summer,721139.0,205.0,0,Evening,53.0,Warm,Moderate,Moderate
india,uttar pradesh,moradabad,"transport nagar, moradabad - uppcb",2026-07-01 23:00:00.000000000,28.802625,78.753728,ozone,30.0,33.0,32.0,24,good,17.5,76.5,9.1,2026,7,1,23,wednesday,summer,721139.0,205.0,0,Evening,3.0,Moderate,High,Low
india,uttar pradesh,muzaffarnagar,"new mandi, muzaffarnagar - uppcb",2026-07-01 23:00:00.000000000,29.4723508,77.7194031,pm10,24.0,133.0,60.0,71,moderate,29.9,90.8,4.2,2026,7,1,23,wednesday,summer,349706.0,251.0,0,Evening,109.0,Warm,High,Low
india,uttar pradesh,muzaffarnagar,"new mandi, muzaffarnagar - uppcb",2026-07-01 23:00:00.000000000,29.4723508,77.7194031,no2,18.0,51.0,33.0,33,good,22.1,34.6,12.7,2026,7,1,23,wednesday,summer,349706.0,251.0,0,Evening,33.0,Moderate,Low,Moderate
india,uttar pradesh,noida,"sector-116, noida - uppcb",2026-07-01 23:00:00.000000000,28.56923,77.393848,nh3,11.0,20.0,14.0,30,good,15.4,92.2,9.4,2026,7,1,23,wednesday,summer,293908.0,206.0,0,Evening,9.0,Moderate,High,Low
india,uttar pradesh,noida,"sector-116, noida - uppcb",2026-07-01 23:00:00.000000000,28.56923,77.393848,so2,14.0,27.0,21.0,26,good,28.0,84.8,22.4,2026,7,1,23,wednesday,summer,293908.0,206.0,0,Evening,13.0,Warm,High,High
india,uttar pradesh,noida,"sector-1, noida - uppcb",2026-07-01 23:00:00.000000000,28.5898,77.3101,no2,24.0,82.0,41.0,45,good,35.0,70.2,23.7,2026,7,1,23,wednesday,summer,293908.0,206.0,0,Evening,58.0,Hot,High,High
india,uttar pradesh,noida,"sector-1, noida - uppcb",2026-07-01 23:00:00.000000000,28.5898,77.3101,so2,7.0,26.0,13.0,32,good,15.4,76.4,9.9,2026,7,1,23,wednesday,summer,293908.0,206.0,0,Evening,19.0,Moderate,High,Low
india,uttar pradesh,prayagraj,"nagar nigam, prayagraj - uppcb",2026-07-01 23:00:00.000000000,25.44919916,81.82735986,pm2.5,11.0,59.0,20.0,35,good,18.5,59.6,8.2,2026,7,1,23,wednesday,summer,1073438.0,99.0,0,Evening,48.0,Moderate,Moderate,Low
india,uttar pradesh,prayagraj,"nagar nigam, prayagraj - uppcb",2026-07-01 23:00:00.000000000,25.44919916,81.82735986,so2,16.0,94.0,46.0,28,good,16.2,49.2,14.4,2026,7,1,23,wednesday,summer,1073438.0,99.0,0,Evening,78.0,Moderate,Moderate,Moderate
india,uttar pradesh,prayagraj,"jhunsi, prayagraj - uppcb",2026-07-01 23:00:00.000000000,25.425602,81.917152,nh3,5.0,6.0,6.0,3,good,25.1,89.6,21.4,2026,7,1,23,wednesday,summer,1073438.0,99.0,0,Evening,1.0,Warm,High,High
india,uttar pradesh,prayagraj,"jhunsi, prayagraj - uppcb",2026-07-01 23:00:00.000000000,25.425602,81.917152,ozone,24.0,42.0,32.0,20,good,21.8,40.5,29.1,2026,7,1,23,wednesday,summer,1073438.0,99.0,0,Evening,18.0,Moderate,Moderate,High
india,uttar pradesh,raebareli,"indira nagar, raebareli - ntpc unchahar",2026-07-01 23:00:00.000000000,26.207781,81.245571,nh3,8.0,12.0,9.0,33,good,33.2,68.3,21.4,2026,7,1,23,wednesday,summer,186433.0,118.0,0,Evening,4.0,Warm,Moderate,High
india,uttar pradesh,raebareli,"indira nagar, raebareli - ntpc unchahar",2026-07-01 23:00:00.000000000,26.207781,81.245571,so2,13.0,20.5,16.0,356,hazardous,37.4,75.5,19.3,2026,7,1,23,wednesday,summer,186433.0,118.0,0,Evening,7.5,Hot,High,Moderate
india,uttar pradesh,raebareli,"indira nagar, raebareli - ntpc unchahar",2026-07-01 23:00:00.000000000,26.207781,81.245571,ozone,18.0,29.0,23.0,40,good,25.8,31.7,8.1,2026,7,1,23,wednesday,summer,186433.0,118.0,0,Evening,11.0,Warm,Low,Low
india,uttar pradesh,varanasi,"maldahiya, varanasi - uppcb",2026-07-01 23:00:00.000000000,25.32393,82.99687,pm2.5,28.0,70.0,43.0,43,good,39.2,88.2,22.6,2026,7,1,23,wednesday,summer,1164404.0,86.0,0,Evening,42.0,Hot,High,High
india,uttar pradesh,varanasi,"maldahiya, varanasi - uppcb",2026-07-01 23:00:00.000000000,25.32393,82.99687,nh3,0.0,0.0,0.0,30,good,22.4,81.3,22.8,2026,7,1,23,wednesday,summer,1164404.0,86.0,0,Evening,0.0,Moderate,High,High
india,uttar pradesh,varanasi,"maldahiya, varanasi - uppcb",2026-07-01 23:00:00.000000000,25.32393,82.99687,so2,30.0,32.0,30.0,32,good,30.0,31.0,17.0,2026,7,1,23,wednesday,summer,1164404.0,86.0,0,Evening,2.0,Warm,Low,Moderate
india,uttar pradesh,varanasi,"maldahiya, varanasi - uppcb",2026-07-01 23:00:00.000000000,25.32393,82.99687,ozone,3.0,7.0,6.0,50,good,34.3,81.1,4.8,2026,7,1,23,wednesday,summer,1164404.0,86.0,0,Evening,4.0,Warm,High,Low
india,uttar pradesh,varanasi,"ardhali bazar, varanasi - uppcb",2026-07-01 23:00:00.000000000,25.3505986,82.9083074,nh3,2.0,5.0,4.0,436,hazardous,23.1,30.4,2.9,2026,7,1,23,wednesday,summer,1164404.0,86.0,0,Evening,3.0,Moderate,Low,Low
india,uttar pradesh,varanasi,"iesd banaras hindu university, varanasi - uppcb",2026-07-01 23:00:00.000000000,25.262326,82.995408,co,1.0,3.0,2.0,7,good,37.4,91.0,15.2,2026,7,1,23,wednesday,summer,1164404.0,86.0,0,Evening,2.0,Hot,High,Moderate
india,uttar pradesh,varanasi,"bhelupur, varanasi - uppcb",2026-07-01 23:00:00.000000000,25.301778,82.996789,no2,7.0,8.0,8.0,48,good,17.7,68.2,11.3,2026,7,1,23,wednesday,summer,1164404.0,86.0,0,Evening,1.0,Moderate,Moderate,Moderate
india,uttarakhand,dehradun,"doon university, dehradun - ukpcb",2026-07-01 23:00:00.000000000,30.269444,78.044167,pm10,11.0,48.0,27.0,0,good,31.3,76.9,11.1,2026,7,1,23,wednesday,summer,522081.0,664.0,0,Evening,37.0,Warm,High,Moderate
india,uttarakhand,dehradun,"doon university, dehradun - ukpcb",2026-07-01 23:00:00.000000000,30.269444,78.044167,nh3,11.5,35.5,22.5,398,hazardous,32.0,51.4,7.7,2026,7,1,23,wednesday,summer,522081.0,664.0,0,Evening,24.0,Warm,Moderate,Low
india,uttarakhand,dehradun,"doon university, dehradun - ukpcb",2026-07-01 23:00:00.000000000,30.269444,78.044167,co,12.0,23.0,18.0,41,good,17.1,93.7,19.0,2026,7,1,23,wednesday,summer,522081.0,664.0,0,Evening,11.0,Moderate,High,Moderate
india,uttarakhand,kashipur,"govt. girls inter college, kashipur - ukpcb",2026-07-01 23:00:00.000000000,29.2124114,78.9611753,pm2.5,37.0,55.0,46.0,31,good,18.0,63.1,28.0,2026,7,1,23,wednesday,summer,103138.0,239.0,0,Evening,18.0,Moderate,Moderate,High
india,west bengal,asansol,"evelyn lodge, asansol - wbpcb",2026-07-01 23:00:00.000000000,23.697936,86.944395,no2,8.0,31.0,16.0,40,good,28.6,82.7,8.7,2026,7,1,23,wednesday,summer,504271.0,119.0,0,Evening,23.0,Warm,High,Low
india,west bengal,asansol,"evelyn lodge, asansol - wbpcb",2026-07-01 23:00:00.000000000,23.697936,86.944395,nh3,6.0,9.0,7.0,24,good,18.7,71.0,23.6,2026,7,1,23,wednesday,summer,504271.0,119.0,0,Evening,3.0,Moderate,High,High
india,west bengal,asansol,"trivenidevi bhalotia college, asansol - wbpcb",2026-07-01 23:00:00.000000000,23.616515,87.119133,ozone,6.0,14.0,10.0,14,good,34.4,89.7,20.0,2026,7,1,23,wednesday,summer,504271.0,119.0,0,Evening,8.0,Warm,High,High
india,west bengal,asansol,"mahabir colliery, asansol - wbpcb",2026-07-01 23:00:00.000000000,23.618183,87.105718,no2,2.0,8.0,3.0,8,good,24.3,88.9,24.7,2026,7,1,23,wednesday,summer,504271.0,119.0,0,Evening,6.0,Moderate,High,High
india,west bengal,asansol,"mahabir colliery, asansol - wbpcb",2026-07-01 23:00:00.000000000,23.618183,87.105718,co,28.0,37.0,34.0,42,good,32.6,60.0,20.0,2026,7,1,23,wednesday,summer,504271.0,119.0,0,Evening,9.0,Warm,Moderate,High
india,west bengal,asansol,"asansol court area, asansol - wbpcb",2026-07-01 23:00:00.000000000,23.685297,86.945968,pm2.5,22.0,75.0,45.0,37,good,22.9,71.0,28.1,2026,7,1,23,wednesday,summer,504271.0,119.0,0,Evening,53.0,Moderate,High,High
india,west bengal,asansol,"asansol court area, asansol - wbpcb",2026-07-01 23:00:00.000000000,23.685297,86.945968,nh3,2.0,5.0,3.0,24,good,26.4,40.0,3.8,2026,7,1,23,wednesday,summer,504271.0,119.0,0,Evening,3.0,Warm,Moderate,Low
india,west bengal,asansol,"asansol court area, asansol - wbpcb",2026-07-01 23:00:00.000000000,23.685297,86.945968,ozone,31.0,57.0,42.0,8,good,27.6,75.9,23.3,2026,7,1,23,wednesday,summer,504271.0,119.0,0,Evening,26.0,Warm,High,High
india,west bengal,barrackpore,"svspa campus, barrackpore - wbpcb",2026-07-01 23:00:00.000000000,22.7605581,88.3617589,ozone,2.0,17.0,10.0,20,good,28.5,49.9,18.8,2026,7,1,23,wednesday,summer,148174.0,12.0,0,Evening,15.0,Warm,Moderate,Moderate
india,west bengal,durgapur,"pcbl residential complex, durgapur - wbpcb",2026-07-01 23:00:00.000000000,23.508764,87.35444,co,28.0,34.0,31.0,50,good,37.4,94.1,8.2,2026,7,1,23,wednesday,summer,18561.0,205.0,0,Evening,6.0,Hot,High,Low
india,west bengal,durgapur,"womens college_city center, durgapur - wbpcb",2026-07-01 23:00:00.000000000,23.549395,87.300496,so2,12.0,12.0,12.0,21,good,39.2,54.6,1.5,2026,7,1,23,wednesday,summer,18561.0,205.0,0,Evening,0.0,Hot,Moderate,Low
india,west bengal,durgapur,"womens college_city center, durgapur - wbpcb",2026-07-01 23:00:00.000000000,23.549395,87.300496,co,25.0,31.0,28.0,7,good,17.5,43.4,19.8,2026,7,1,23,wednesday,summer,18561.0,205.0,0,Evening,6.0,Moderate,Moderate,Moderate
india,west bengal,durgapur,"womens college_city center, durgapur - wbpcb",2026-07-01 23:00:00.000000000,23.549395,87.300496,ozone,16.0,41.0,30.0,26,good,28.7,50.7,24.8,2026,7,1,23,wednesday,summer,18561.0,205.0,0,Evening,25.0,Warm,Moderate,High
india,west bengal,haldia,"priyambada housing estate, haldia - wbpcb",2026-07-01 23:00:00.000000000,22.06047,88.109737,pm10,19.0,58.0,35.0,18,good,17.6,91.8,0.8,2026,7,1,23,wednesday,summer,170695.0,6.0,0,Evening,39.0,Moderate,High,Low
india,west bengal,haldia,"priyambada housing estate, haldia - wbpcb",2026-07-01 23:00:00.000000000,22.06047,88.109737,so2,12.0,13.0,12.0,32,good,21.6,30.1,19.4,2026,7,1,23,wednesday,summer,170695.0,6.0,0,Evening,1.0,Moderate,Low,Moderate
india,west bengal,howrah,"dasnagar, howrah - wbpcb",2026-07-01 23:00:00.000000000,22.6025571,88.3105664,so2,10.0,11.0,11.0,32,good,19.8,53.0,15.8,2026,7,1,23,wednesday,summer,1027672.0,8.0,0,Evening,1.0,Moderate,Moderate,Moderate
india,west bengal,howrah,"padmapukur, howrah - wbpcb",2026-07-01 23:00:00.000000000,22.5687319,88.2797276,pm2.5,19.0,33.0,27.0,19,good,30.0,56.3,17.4,2026,7,1,23,wednesday,summer,1027672.0,8.0,0,Evening,14.0,Warm,Moderate,Moderate
india,west bengal,howrah,"padmapukur, howrah - wbpcb",2026-07-01 23:00:00.000000000,22.5687319,88.2797276,no2,18.0,81.0,38.0,21,good,34.8,73.1,24.7,2026,7,1,23,wednesday,summer,1027672.0,8.0,0,Evening,63.0,Warm,High,High
india,west bengal,howrah,"padmapukur, howrah - wbpcb",2026-07-01 23:00:00.000000000,22.5687319,88.2797276,nh3,10.0,14.0,11.0,27,good,22.9,57.4,24.0,2026,7,1,23,wednesday,summer,1027672.0,8.0,0,Evening,4.0,Moderate,Moderate,High
india,west bengal,howrah,"ghusuri, howrah - wbpcb",2026-07-01 23:00:00.000000000,22.611968,88.347422,pm2.5,41.0,69.0,53.0,74,moderate,37.3,30.7,1.7,2026,7,1,23,wednesday,summer,1027672.0,8.0,0,Evening,28.0,Hot,Low,Low
india,west bengal,kolkata,"jadavpur, kolkata - wbpcb",2026-07-01 23:00:00.000000000,22.49929,88.36917,no2,22.0,50.0,32.0,38,good,21.5,64.3,3.1,2026,7,1,23,wednesday,summer,4631392.0,11.0,0,Evening,28.0,Moderate,Moderate,Low
india,west bengal,kolkata,"fort william, kolkata - wbpcb",2026-07-01 23:00:00.000000000,22.55664,88.342674,so2,5.0,6.0,5.0,35,good,17.2,32.1,10.1,2026,7,1,23,wednesday,summer,4631392.0,11.0,0,Evening,1.0,Moderate,Low,Moderate
india,west bengal,kolkata,"victoria, kolkata - wbpcb",2026-07-01 23:00:00.000000000,22.5448082,88.3403691,pm2.5,68.0,84.0,76.0,97,moderate,36.3,74.5,5.0,2026,7,1,23,wednesday,summer,4631392.0,11.0,0,Evening,16.0,Hot,High,Low
india,west bengal,kolkata,"victoria, kolkata - wbpcb",2026-07-01 23:00:00.000000000,22.5448082,88.3403691,pm10,81.0,100.0,91.0,73,moderate,16.4,72.2,2.8,2026,7,1,23,wednesday,summer,4631392.0,11.0,0,Evening,19.0,Moderate,High,Low
india,west bengal,kolkata,"victoria, kolkata - wbpcb",2026-07-01 23:00:00.000000000,22.5448082,88.3403691,so2,13.0,23.0,17.0,37,good,39.6,31.5,4.7,2026,7,1,23,wednesday,summer,4631392.0,11.0,0,Evening,10.0,Hot,Low,Low
india,west bengal,kolkata,"victoria, kolkata - wbpcb",2026-07-01 23:00:00.000000000,22.5448082,88.3403691,co,48.0,62.0,55.0,52,moderate,27.5,65.1,13.7,2026,7,1,23,wednesday,summer,4631392.0,11.0,0,Evening,14.0,Warm,Moderate,Moderate
india,west bengal,kolkata,"rabindra bharati university, kolkata - wbpcb",2026-07-01 23:00:00.000000000,22.627847,88.380669,nh3,6.0,8.0,7.0,4,good,18.8,67.7,28.3,2026,7,1,23,wednesday,summer,4631392.0,11.0,0,Evening,2.0,Moderate,Moderate,High
india,west bengal,kolkata,"rabindra bharati university, kolkata - wbpcb",2026-07-01 23:00:00.000000000,22.627847,88.380669,ozone,17.0,63.0,39.0,33,good,29.3,56.2,24.5,2026,7,1,23,wednesday,summer,4631392.0,11.0,0,Evening,46.0,Warm,Moderate,High
india,west bengal,kolkata,"rabindra sarobar, kolkata - wbpcb",2026-07-01 23:00:00.000000000,22.51106,88.35142,pm10,20.0,39.0,27.0,11,good,37.2,88.8,6.1,2026,7,1,23,wednesday,summer,4631392.0,11.0,0,Evening,19.0,Hot,High,Low
india,west bengal,kolkata,"rabindra sarobar, kolkata - wbpcb",2026-07-01 23:00:00.000000000,22.51106,88.35142,no2,17.0,42.0,26.0,46,good,39.0,61.5,21.1,2026,7,1,23,wednesday,summer,4631392.0,11.0,0,Evening,25.0,Hot,Moderate,High
india,west bengal,kolkata,"rabindra sarobar, kolkata - wbpcb",2026-07-01 23:00:00.000000000,22.51106,88.35142,so2,7.0,8.0,7.0,39,good,32.3,61.1,7.4,2026,7,1,23,wednesday,summer,4631392.0,11.0,0,Evening,1.0,Warm,Moderate,Low
india,west bengal,kolkata,"rabindra sarobar, kolkata - wbpcb",2026-07-01 23:00:00.000000000,22.51106,88.35142,ozone,8.0,21.0,14.0,8,good,38.9,65.3,5.9,2026,7,1,23,wednesday,summer,4631392.0,11.0,0,Evening,13.0,Hot,Moderate,Low
india,west bengal,siliguri,"ward-32 bapupara, siliguri - wbpcb",2026-07-01 23:00:00.000000000,26.6879226,88.4152495,so2,11.0,14.0,13.0,17,good,30.1,66.1,15.7,2026,7,1,23,wednesday,summer,515574.0,124.0,0,Evening,3.0,Warm,Moderate,Moderate
india,andhra pradesh,vijayawada,"rajiv nagar, vijayawada - appcb",2026-07-01 23:00:00.000000000,16.554731,80.64911,co,17.0,33.0,23.0,26,good,38.9,49.5,6.9,2026,7,1,23,wednesday,summer,874587.0,47.0,0,Evening,16.0,Hot,Moderate,Low
india,andhra pradesh,visakhapatnam,"gvm corporation, visakhapatnam - appcb",2026-07-01 23:00:00.000000000,17.72,83.3,no2,31.0,94.0,57.0,83,moderate,15.9,51.9,13.8,2026,7,1,23,wednesday,summer,1063178.0,24.0,0,Evening,63.0,Moderate,Moderate,Moderate
india,andhra pradesh,visakhapatnam,"gvm corporation, visakhapatnam - appcb",2026-07-01 23:00:00.000000000,17.72,83.3,co,9.0,47.0,25.0,24,good,22.8,63.8,22.7,2026,7,1,23,wednesday,summer,1063178.0,24.0,0,Evening,38.0,Moderate,Moderate,High
india,andhra pradesh,visakhapatnam,"gvm corporation, visakhapatnam - appcb",2026-07-01 23:00:00.000000000,17.72,83.3,ozone,6.0,31.0,16.0,16,good,38.1,90.0,12.9,2026,7,1,23,wednesday,summer,1063178.0,24.0,0,Evening,25.0,Hot,High,Moderate
india,arunachal pradesh,naharlagun,"naharlagun, naharlagun - apspcb",2026-07-01 23:00:00.000000000,27.103358,93.679645,ozone,7.0,10.0,8.0,12,good,19.9,33.0,3.7,2026,7,1,23,wednesday,summer,26912.0,159.0,0,Evening,3.0,Moderate,Low,Low
india,assam,guwahati,"lgbi airport, guwahati - pcba",2026-07-01 23:00:00.000000000,26.10887,91.589544,so2,7.0,15.0,11.0,47,good,28.5,90.8,12.7,2026,7,1,23,wednesday,summer,899094.0,59.0,0,Evening,8.0,Warm,High,Moderate
india,assam,guwahati,"lgbi airport, guwahati - pcba",2026-07-01 23:00:00.000000000,26.10887,91.589544,ozone,27.0,46.0,37.0,33,good,28.7,32.7,18.0,2026,7,1,23,wednesday,summer,899094.0,59.0,0,Evening,19.0,Warm,Low,Moderate
india,assam,guwahati,"railway colony, guwahati - pcba",2026-07-01 23:00:00.000000000,26.181742,91.78063,pm10,12.0,55.0,36.0,35,good,20.4,34.2,8.4,2026,7,1,23,wednesday,summer,899094.0,59.0,0,Evening,43.0,Moderate,Low,Low
india,assam,guwahati,"railway colony, guwahati - pcba",2026-07-01 23:00:00.000000000,26.181742,91.78063,ozone,29.0,64.0,38.0,14,good,39.1,36.2,16.6,2026,7,1,23,wednesday,summer,899094.0,59.0,0,Evening,35.0,Hot,Low,Moderate
india,assam,guwahati,"iitg, guwahati - pcba",2026-07-01 23:00:00.000000000,26.2028636,91.70046436,pm2.5,5.0,40.0,20.0,16,good,35.9,78.9,15.7,2026,7,1,23,wednesday,summer,899094.0,59.0,0,Evening,35.0,Hot,High,Moderate
india,assam,guwahati,"pan bazaar, guwahati - pcba",2026-07-01 23:00:00.000000000,26.1875,91.744194,pm2.5,2.5,20.0,10.0,402,hazardous,31.1,76.4,14.8,2026,7,1,23,wednesday,summer,899094.0,59.0,0,Evening,17.5,Warm,High,Moderate
india,assam,guwahati,"pan bazaar, guwahati - pcba",2026-07-01 23:00:00.000000000,26.1875,91.744194,no2,0.0,0.0,0.0,37,good,22.3,85.1,7.2,2026,7,1,23,wednesday,summer,899094.0,59.0,0,Evening,0.0,Moderate,High,Low
india,bihar,patna,"samanpura, patna - bspcb",2026-07-01 23:00:00.000000000,25.596727,85.085624,so2,4.0,5.0,4.0,22,good,24.5,91.5,19.6,2026,7,1,23,wednesday,summer,1599920.0,53.0,0,Evening,1.0,Moderate,High,Moderate
india,bihar,patna,"samanpura, patna - bspcb",2026-07-01 23:00:00.000000000,25.596727,85.085624,ozone,14.0,35.0,22.0,24,good,24.4,41.1,5.9,2026,7,1,23,wednesday,summer,1599920.0,53.0,0,Evening,21.0,Moderate,Moderate,Low
india,bihar,patna,"muradpur, patna - bspcb",2026-07-01 23:00:00.000000000,25.619651,85.147382,no2,9.0,20.5,14.0,416,hazardous,31.1,75.9,0.3,2026,7,1,23,wednesday,summer,1599920.0,53.0,0,Evening,11.5,Warm,High,Low
india,bihar,purnia,"mariam nagar, purnia - bspcb",2026-07-01 23:00:00.000000000,25.366336,87.117468,no2,4.0,6.0,6.0,9,good,33.1,61.9,7.9,2026,7,1,23,wednesday,summer,198453.0,44.0,0,Evening,2.0,Warm,Moderate,Low
india,bihar,purnia,"mariam nagar, purnia - bspcb",2026-07-01 23:00:00.000000000,25.366336,87.117468,so2,15.0,17.0,16.0,43,good,38.8,81.8,0.1,2026,7,1,23,wednesday,summer,198453.0,44.0,0,Evening,2.0,Hot,High,Low
india,bihar,purnia,"mariam nagar, purnia - bspcb",2026-07-01 23:00:00.000000000,25.366336,87.117468,co,53.0,56.0,55.0,60,moderate,33.5,88.6,3.8,2026,7,1,23,wednesday,summer,198453.0,44.0,0,Evening,3.0,Warm,High,Low
india,bihar,purnia,"mariam nagar, purnia - bspcb",2026-07-01 23:00:00.000000000,25.366336,87.117468,ozone,14.0,44.0,25.0,8,good,27.7,40.1,7.9,2026,7,1,23,wednesday,summer,198453.0,44.0,0,Evening,30.0,Warm,Moderate,Low
india,bihar,saharsa,"police line, saharsa - bspcb",2026-07-01 23:00:00.000000000,25.892357,86.590325,so2,19.0,151.0,49.0,447,hazardous,16.5,54.6,1.6,2026,7,1,23,wednesday,summer,145764.0,48.0,0,Evening,132.0,Moderate,Moderate,Low
india,bihar,samastipur,"dm office_kasipur, samastipur - bspcb",2026-07-01 23:00:00.000000000,25.859655,85.77944,pm10,24.0,258.0,73.0,89,moderate,27.6,74.4,24.6,2026,7,1,23,wednesday,summer,57575.0,52.0,0,Evening,234.0,Warm,High,High
india,bihar,siwan,"chitragupta nagar, siwan - bspcb",2026-07-01 23:00:00.000000000,26.2271665,84.3570427,pm10,6.0,76.0,48.0,27,good,39.7,90.5,11.8,2026,7,1,23,wednesday,summer,119181.0,71.0,0,Evening,70.0,Hot,High,Moderate
india,chandigarh,chandigarh,"sector-25, chandigarh - cpcc",2026-07-01 23:00:00.000000000,30.751462,76.762879,co,21.0,38.0,29.0,26,good,36.9,54.6,12.5,2026,7,1,23,wednesday,summer,960787.0,351.0,0,Evening,17.0,Hot,Moderate,Moderate
india,chandigarh,chandigarh,"sector-53, chandigarh - cpcc",2026-07-01 23:00:00.000000000,30.719859,76.738637,nh3,19.0,27.0,21.0,48,good,20.7,41.9,15.8,2026,7,1,23,wednesday,summer,960787.0,351.0,0,Evening,8.0,Moderate,Moderate,Moderate
india,chandigarh,chandigarh,"sector 22, chandigarh - cpcc",2026-07-01 23:00:00.000000000,30.735567,76.775714,pm10,12.0,54.0,28.0,41,good,15.6,34.1,27.9,2026,7,1,23,wednesday,summer,960787.0,351.0,0,Evening,42.0,Moderate,Low,High
india,chandigarh,chandigarh,"sector 22, chandigarh - cpcc",2026-07-01 23:00:00.000000000,30.735567,76.775714,ozone,6.0,21.0,13.0,28,good,35.0,72.0,23.7,2026,7,1,23,wednesday,summer,960787.0,351.0,0,Evening,15.0,Hot,High,High
india,chhattisgarh,bhilai,"hathkhoj, bhilai - cecb",2026-07-01 23:00:00.000000000,21.224231,81.40835,ozone,8.0,17.0,12.0,7,good,36.8,31.6,27.1,2026,7,1,23,wednesday,summer,625138.0,307.0,0,Evening,9.0,Hot,Low,High
india,chhattisgarh,bhilai,"civic center, bhilai - bhilai steel plant",2026-07-01 23:00:00.000000000,21.185571,81.343175,no2,15.0,16.0,16.0,2,good,36.4,83.7,29.2,2026,7,1,23,wednesday,summer,625138.0,307.0,0,Evening,1.0,Hot,High,High
india,chhattisgarh,bhilai,"civic center, bhilai - bhilai steel plant",2026-07-01 23:00:00.000000000,21.185571,81.343175,co,20.0,28.0,25.0,15,good,29.4,35.6,18.7,2026,7,1,23,wednesday,summer,625138.0,307.0,0,Evening,8.0,Warm,Low,Moderate
india,chhattisgarh,bhilai,"civic center, bhilai - bhilai steel plant",2026-07-01 23:00:00.000000000,21.185571,81.343175,ozone,10.0,14.0,12.0,3,good,24.8,46.9,20.4,2026,7,1,23,wednesday,summer,625138.0,307.0,0,Evening,4.0,Moderate,Moderate,High
india,chhattisgarh,bhilai,"32bungalows, bhilai - cecb",2026-07-01 23:00:00.000000000,21.194815,81.31477,pm10,10.0,79.0,23.0,48,good,16.4,82.2,11.3,2026,7,1,23,wednesday,summer,625138.0,307.0,0,Evening,69.0,Moderate,High,Moderate
india,chhattisgarh,bhilai,"32bungalows, bhilai - cecb",2026-07-01 23:00:00.000000000,21.194815,81.31477,no2,3.0,15.0,8.0,13,good,21.8,37.8,16.8,2026,7,1,23,wednesday,summer,625138.0,307.0,0,Evening,12.0,Moderate,Low,Moderate
india,chhattisgarh,bhilai,"32bungalows, bhilai - cecb",2026-07-01 23:00:00.000000000,21.194815,81.31477,nh3,3.0,4.0,3.0,32,good,37.9,47.9,23.3,2026,7,1,23,wednesday,summer,625138.0,307.0,0,Evening,1.0,Hot,Moderate,High
india,chhattisgarh,korba,"rampur, korba - cecb",2026-07-01 23:00:00.000000000,22.368195,82.746431,pm2.5,2.6,2.6,2.6,474,hazardous,25.5,46.3,19.8,2026,7,1,23,wednesday,summer,419146.0,289.0,0,Evening,0.0,Warm,Moderate,Moderate
india,chhattisgarh,korba,"rampur, korba - cecb",2026-07-01 23:00:00.000000000,22.368195,82.746431,nh3,2.4,2.4,2.4,421,hazardous,33.1,61.9,15.1,2026,7,1,23,wednesday,summer,419146.0,289.0,0,Evening,0.0,Warm,Moderate,Moderate
india,chhattisgarh,korba,"rampur, korba - cecb",2026-07-01 23:00:00.000000000,22.368195,82.746431,so2,2.2,2.2,2.2,338,hazardous,29.2,33.1,2.7,2026,7,1,23,wednesday,summer,419146.0,289.0,0,Evening,0.0,Warm,Low,Low
india,chhattisgarh,raipur,"aiims, raipur - cecb",2026-07-01 23:00:00.000000000,21.258815,81.578979,pm10,11.0,27.0,17.0,30,good,20.2,70.0,11.1,2026,7,1,23,wednesday,summer,17537.0,336.0,0,Evening,16.0,Moderate,High,Moderate
india,chhattisgarh,raipur,"aiims, raipur - cecb",2026-07-01 23:00:00.000000000,21.258815,81.578979,so2,4.0,6.0,5.0,30,good,22.4,73.0,12.5,2026,7,1,23,wednesday,summer,17537.0,336.0,0,Evening,2.0,Moderate,High,Moderate
india,chhattisgarh,raipur,"aiims, raipur - cecb",2026-07-01 23:00:00.000000000,21.258815,81.578979,ozone,5.0,17.0,10.0,24,good,40.0,32.0,0.6,2026,7,1,23,wednesday,summer,17537.0,336.0,0,Evening,12.0,Hot,Low,Low
india,chhattisgarh,raipur,"siltara phase-ii, raipur - cecb",2026-07-01 23:00:00.000000000,21.371751,81.664929,ozone,3.0,12.0,7.0,3,good,19.6,89.1,26.3,2026,7,1,23,wednesday,summer,17537.0,336.0,0,Evening,9.0,Moderate,High,High
india,chhattisgarh,raipur,"krishak nagar, raipur - cecb",2026-07-01 23:00:00.000000000,21.237755,81.705301,ozone,1.0,12.0,5.0,35,good,20.5,68.8,26.0,2026,7,1,23,wednesday,summer,17537.0,336.0,0,Evening,11.0,Moderate,Moderate,High
india,chhattisgarh,raipur,"bhatagaon new isbt, raipur - cecb",2026-07-01 23:00:00.000000000,21.219665,81.630094,ozone,3.0,5.0,4.0,42,good,39.0,78.7,0.5,2026,7,1,23,wednesday,summer,17537.0,336.0,0,Evening,2.0,Hot,High,Low
india,delhi,delhi,"pusa, delhi - iitm",2026-07-01 23:00:00.000000000,28.63611,77.173332,nh3,11.5,102.5,50.0,310,hazardous,37.3,54.9,8.0,2026,7,1,23,wednesday,summer,10927986.0,227.0,0,Evening,91.0,Hot,Moderate,Low
india,delhi,delhi,"pusa, delhi - iitm",2026-07-01 23:00:00.000000000,28.63611,77.173332,ozone,5.0,154.0,75.0,93,moderate,19.8,88.8,29.5,2026,7,1,23,wednesday,summer,10927986.0,227.0,0,Evening,149.0,Moderate,High,High
india,delhi,delhi,"jnu, delhi - dpcc",2026-07-01 23:00:00.000000000,28.540721,77.168544,so2,0.0,2.0,1.0,18,good,32.0,75.2,13.5,2026,7,1,23,wednesday,summer,10927986.0,227.0,0,Evening,2.0,Warm,High,Moderate
india,andhra pradesh,guntur,"rajendra nagar north, guntur - appcb",2026-07-01 23:00:00.000000000,16.316553,80.413302,ozone,29.0,53.0,44.0,10,good,38.3,86.3,1.8,2026,7,1,23,wednesday,summer,530577.0,31.0,0,Evening,24.0,Hot,High,Low
india,andhra pradesh,kadapa,"yerramukkapalli, kadapa - appcb",2026-07-01 23:00:00.000000000,14.465052,78.824187,co,25.0,31.0,27.0,14,good,27.4,42.2,21.4,2026,7,1,23,wednesday,summer,127010.0,135.0,0,Evening,6.0,Warm,Moderate,High
india,andhra pradesh,machilipatnam,"srinivas nagar colony, machilipatnam - appcb",2026-07-01 23:00:00.000000000,16.186555,81.13219,co,22.0,46.0,31.0,38,good,33.0,93.2,26.7,2026,7,1,23,wednesday,summer,192827.0,11.0,0,Evening,24.0,Warm,High,High
india,andhra pradesh,nellore,"ambedkar nagar, nellore - appcb",2026-07-01 23:00:00.000000000,14.438164,79.966814,so2,5.0,15.0,10.0,14,good,39.4,90.7,23.7,2026,7,1,23,wednesday,summer,404158.0,21.0,0,Evening,10.0,Hot,High,High
india,andhra pradesh,rajamahendravaram,"anand kala kshetram, rajamahendravaram - appcb",2026-07-01 23:00:00.000000000,16.9872867,81.7363176,pm10,7.0,37.0,25.0,35,good,16.2,83.5,18.9,2026,7,1,23,wednesday,summer,304804.0,34.0,0,Evening,30.0,Moderate,High,Moderate
india,andhra pradesh,rajamahendravaram,"anand kala kshetram, rajamahendravaram - appcb",2026-07-01 23:00:00.000000000,16.9872867,81.7363176,ozone,10.0,18.0,13.0,36,good,29.4,84.5,26.4,2026,7,1,23,wednesday,summer,304804.0,34.0,0,Evening,8.0,Warm,High,High
india,andhra pradesh,tirupati,"vaikuntapuram, tirupati - appcb",2026-07-01 23:00:00.000000000,13.615387,79.40923,nh3,4.0,6.0,5.0,34,good,19.8,43.7,23.0,2026,7,1,23,wednesday,summer,250821.0,156.0,0,Evening,2.0,Moderate,Moderate,High
india,andhra pradesh,vijayawada,"rajiv gandhi park, vijayawada - appcb",2026-07-01 23:00:00.000000000,16.509717,80.612222,nh3,3.0,8.0,5.0,46,good,24.8,77.4,25.7,2026,7,1,23,wednesday,summer,874587.0,47.0,0,Evening,5.0,Moderate,High,High
india,andhra pradesh,vijayawada,"rajiv gandhi park, vijayawada - appcb",2026-07-01 23:00:00.000000000,16.509717,80.612222,so2,11.0,15.0,12.0,44,good,34.1,87.2,25.5,2026,7,1,23,wednesday,summer,874587.0,47.0,0,Evening,4.0,Warm,High,High
india,bihar,bhagalpur,"dm office_kachari chowk, bhagalpur - bspcb",2026-07-01 23:00:00.000000000,25.251013,86.989001,ozone,18.0,20.0,19.0,34,good,31.6,84.1,27.9,2026,7,1,23,wednesday,summer,361548.0,52.0,0,Evening,2.0,Warm,High,High
india,bihar,bihar sharif,"d m colony, bihar sharif - bspcb",2026-07-01 23:00:00.000000000,25.204762,85.51496,pm10,24.0,45.0,32.0,47,good,26.2,32.6,24.6,2026,7,1,23,wednesday,summer,244230.0,68.0,0,Evening,21.0,Warm,Low,High
india,bihar,bihar sharif,"d m colony, bihar sharif - bspcb",2026-07-01 23:00:00.000000000,25.204762,85.51496,no2,9.0,10.0,9.0,11,good,29.6,73.0,7.5,2026,7,1,23,wednesday,summer,244230.0,68.0,0,Evening,1.0,Warm,High,Low
india,bihar,bihar sharif,"d m colony, bihar sharif - bspcb",2026-07-01 23:00:00.000000000,25.204762,85.51496,so2,5.0,63.0,31.0,3,good,24.8,35.4,26.7,2026,7,1,23,wednesday,summer,244230.0,68.0,0,Evening,58.0,Moderate,Low,High
india,bihar,buxar,"charitra van, buxar - bspcb",2026-07-01 23:00:00.000000000,25.56752,83.966379,nh3,3.0,3.0,3.0,50,good,19.2,30.3,0.9,2026,7,1,23,wednesday,summer,96120.0,67.0,0,Evening,0.0,Moderate,Low,Low
india,bihar,buxar,"charitra van, buxar - bspcb",2026-07-01 23:00:00.000000000,25.56752,83.966379,co,22.0,27.0,25.0,37,good,26.6,55.0,15.5,2026,7,1,23,wednesday,summer,96120.0,67.0,0,Evening,5.0,Warm,Moderate,Moderate
india,bihar,chhapra,"darshan nagar, chhapra - bspcb",2026-07-01 23:00:00.000000000,25.7808257,84.7446768,pm10,105.0,109.0,109.0,138,unhealthy for sensitive groups,22.6,55.0,1.9,2026,7,1,23,wednesday,summer,201597.0,61.0,0,Evening,4.0,Moderate,Moderate,Low
india,bihar,chhapra,"darshan nagar, chhapra - bspcb",2026-07-01 23:00:00.000000000,25.7808257,84.7446768,nh3,3.0,4.0,4.0,11,good,37.2,43.1,23.5,2026,7,1,23,wednesday,summer,201597.0,61.0,0,Evening,1.0,Hot,Moderate,High
india,bihar,chhapra,"darshan nagar, chhapra - bspcb",2026-07-01 23:00:00.000000000,25.7808257,84.7446768,ozone,3.0,6.0,4.0,13,good,39.1,59.1,24.7,2026,7,1,23,wednesday,summer,201597.0,61.0,0,Evening,3.0,Hot,Moderate,High
india,bihar,gaya,"collectorate, gaya - bspcb",2026-07-01 23:00:00.000000000,24.7955,84.9994,so2,7.0,7.0,7.0,1,good,24.6,53.6,28.8,2026,7,1,23,wednesday,summer,423692.0,117.0,0,Evening,0.0,Moderate,Moderate,High
india,bihar,gaya,"sfti kusdihra, gaya - bspcb",2026-07-01 23:00:00.000000000,24.762518,84.982348,co,23.0,37.0,29.0,29,good,26.2,40.9,23.2,2026,7,1,23,wednesday,summer,423692.0,117.0,0,Evening,14.0,Warm,Moderate,High
india,assam,silchar,"tarapur, silchar - pcba",2026-07-01 23:00:00.000000000,24.82827,92.79525,so2,4.0,7.0,5.0,21,good,36.0,82.8,24.9,2026,7,1,23,wednesday,summer,152393.0,24.0,0,Evening,3.0,Hot,High,High
india,bihar,araria,"kharahiya basti, araria - bspcb",2026-07-01 23:00:00.000000000,26.146529,87.454184,no2,8.0,20.0,14.0,25,good,34.5,45.8,3.1,2026,7,1,23,wednesday,summer,67474.0,56.0,0,Evening,12.0,Warm,Moderate,Low
india,bihar,araria,"kharahiya basti, araria - bspcb",2026-07-01 23:00:00.000000000,26.146529,87.454184,nh3,5.0,6.0,5.0,30,good,20.5,92.8,17.9,2026,7,1,23,wednesday,summer,67474.0,56.0,0,Evening,1.0,Moderate,High,Moderate
india,bihar,araria,"kharahiya basti, araria - bspcb",2026-07-01 23:00:00.000000000,26.146529,87.454184,co,19.0,24.0,22.0,25,good,35.5,82.6,6.4,2026,7,1,23,wednesday,summer,67474.0,56.0,0,Evening,5.0,Hot,High,Low
india,bihar,araria,"kharahiya basti, araria - bspcb",2026-07-01 23:00:00.000000000,26.146529,87.454184,ozone,9.0,11.0,10.0,19,good,28.5,86.3,12.1,2026,7,1,23,wednesday,summer,67474.0,56.0,0,Evening,2.0,Warm,High,Moderate
india,bihar,begusarai,"lohiyanagar, begusarai - bspcb",2026-07-01 23:00:00.000000000,25.42742023,86.13886079,so2,18.0,25.0,22.0,6,good,19.3,46.7,18.9,2026,7,1,23,wednesday,summer,103060.0,47.0,0,Evening,7.0,Moderate,Moderate,Moderate
india,bihar,bettiah,"kamalnath nagar, bettiah - bspcb",2026-07-01 23:00:00.000000000,26.80365,84.51954,pm2.5,16.4,22.6,20.0,346,hazardous,31.7,68.7,28.5,2026,7,1,23,wednesday,summer,127008.0,84.0,0,Evening,6.200000000000003,Warm,Moderate,High
india,bihar,bettiah,"kamalnath nagar, bettiah - bspcb",2026-07-01 23:00:00.000000000,26.80365,84.51954,pm10,14.8,20.2,18.0,357,hazardous,27.8,47.0,25.1,2026,7,1,23,wednesday,summer,127008.0,84.0,0,Evening,5.399999999999999,Warm,Moderate,High
india,bihar,bettiah,"kamalnath nagar, bettiah - bspcb",2026-07-01 23:00:00.000000000,26.80365,84.51954,no2,13.2,17.8,16.0,372,hazardous,18.9,65.7,27.2,2026,7,1,23,wednesday,summer,127008.0,84.0,0,Evening,4.600000000000001,Moderate,Moderate,High
india,bihar,bettiah,"kamalnath nagar, bettiah - bspcb",2026-07-01 23:00:00.000000000,26.80365,84.51954,nh3,11.6,15.4,14.0,486,hazardous,33.5,78.7,2.0,2026,7,1,23,wednesday,summer,127008.0,84.0,0,Evening,3.8000000000000007,Warm,High,Low
india,bihar,gaya,"kareemganj, gaya - bspcb",2026-07-01 23:00:00.000000000,24.792403,84.992416,no2,10.0,13.0,12.0,37,good,34.1,90.5,9.4,2026,7,1,23,wednesday,summer,423692.0,117.0,0,Evening,3.0,Warm,High,Low
india,bihar,hajipur,"industrial area, hajipur - bspcb",2026-07-01 23:00:00.000000000,25.697189,85.2459,so2,5.0,12.0,8.0,7,good,20.7,38.9,21.6,2026,7,1,23,wednesday,summer,133606.0,55.0,0,Evening,7.0,Moderate,Low,High
india,bihar,hajipur,"industrial area, hajipur - bspcb",2026-07-01 23:00:00.000000000,25.697189,85.2459,co,7.0,11.0,9.0,41,good,18.1,59.2,26.5,2026,7,1,23,wednesday,summer,133606.0,55.0,0,Evening,4.0,Moderate,Moderate,High
india,bihar,katihar,"mirchaibari, katihar - bspcb",2026-07-01 23:00:00.000000000,25.560083,87.553265,nh3,1.0,1.0,1.0,32,good,26.5,37.6,13.6,2026,7,1,23,wednesday,summer,192555.0,34.0,0,Evening,0.0,Warm,Low,Moderate
india,bihar,kishanganj,"sdm office_khagra, kishanganj - bspcb",2026-07-01 23:00:00.000000000,26.0881305,87.93840336,pm10,61.0,113.0,77.0,58,moderate,24.0,78.0,16.7,2026,7,1,23,wednesday,summer,94807.0,57.0,0,Evening,52.0,Moderate,High,Moderate
india,bihar,kishanganj,"sdm office_khagra, kishanganj - bspcb",2026-07-01 23:00:00.000000000,26.0881305,87.93840336,co,13.0,16.0,14.0,32,good,35.3,78.9,13.7,2026,7,1,23,wednesday,summer,94807.0,57.0,0,Evening,3.0,Hot,High,Moderate
india,bihar,motihari,"gandak colony, motihari - bspcb",2026-07-01 23:00:00.000000000,26.63086,84.90051,no2,2.0,3.0,3.0,24,good,34.1,51.0,3.6,2026,7,1,23,wednesday,summer,112144.0,74.0,0,Evening,1.0,Warm,Moderate,Low
india,bihar,motihari,"gandak colony, motihari - bspcb",2026-07-01 23:00:00.000000000,26.63086,84.90051,nh3,3.0,3.0,3.0,14,good,27.4,53.1,6.1,2026,7,1,23,wednesday,summer,112144.0,74.0,0,Evening,0.0,Warm,Moderate,Low
india,bihar,motihari,"gandak colony, motihari - bspcb",2026-07-01 23:00:00.000000000,26.63086,84.90051,co,11.0,14.0,13.0,26,good,19.5,92.3,5.7,2026,7,1,23,wednesday,summer,112144.0,74.0,0,Evening,3.0,Moderate,High,Low
india,bihar,munger,"town hall, munger - bspcb",2026-07-01 23:00:00.000000000,25.376776,86.471523,pm2.5,12.0,85.0,41.0,4,good,17.7,79.2,24.1,2026,7,1,23,wednesday,summer,203163.0,49.0,0,Evening,73.0,Moderate,High,High
india,bihar,muzaffarpur,"buddha colony, muzaffarpur - bspcb",2026-07-01 23:00:00.000000000,26.11442,85.39813,no2,11.0,23.0,17.0,12,good,24.5,67.1,5.3,2026,7,1,23,wednesday,summer,333200.0,60.0,0,Evening,12.0,Moderate,Moderate,Low
india,bihar,muzaffarpur,"buddha colony, muzaffarpur - bspcb",2026-07-01 23:00:00.000000000,26.11442,85.39813,ozone,8.0,99.0,34.0,16,good,18.3,87.2,5.7,2026,7,1,23,wednesday,summer,333200.0,60.0,0,Evening,91.0,Moderate,High,Low
india,bihar,muzaffarpur,"muzaffarpur collectorate, muzaffarpur - bspcb",2026-07-01 23:00:00.000000000,26.1209,85.3647,so2,4.0,11.0,6.0,39,good,29.9,71.1,29.4,2026,7,1,23,wednesday,summer,333200.0,60.0,0,Evening,7.0,Warm,High,High
india,bihar,muzaffarpur,"mit-daudpur kothi, muzaffarpur - bspcb",2026-07-01 23:00:00.000000000,26.1403345,85.3650192,pm10,37.0,66.0,50.0,49,good,34.5,77.7,1.8,2026,7,1,23,wednesday,summer,333200.0,60.0,0,Evening,29.0,Warm,High,Low
india,bihar,muzaffarpur,"mit-daudpur kothi, muzaffarpur - bspcb",2026-07-01 23:00:00.000000000,26.1403345,85.3650192,ozone,29.0,71.0,52.0,55,moderate,34.1,50.3,6.6,2026,7,1,23,wednesday,summer,333200.0,60.0,0,Evening,42.0,Warm,Moderate,Low
india,bihar,patna,"rajbansi nagar, patna - bspcb",2026-07-01 23:00:00.000000000,25.599486,85.113666,ozone,31.0,34.0,33.0,9,good,27.0,43.5,6.6,2026,7,1,23,wednesday,summer,1599920.0,53.0,0,Evening,3.0,Warm,Moderate,Low
india,andhra pradesh,amaravati,"secretariat, amaravati - appcb",2026-07-01 23:00:00.000000000,16.5150833,80.5181667,no2,12.0,23.0,16.0,20,good,15.7,54.8,19.8,2026,7,1,23,wednesday,summer,603837.0,341.0,0,Evening,11.0,Moderate,Moderate,Moderate
india,andhra pradesh,anantapur,"gulzarpet, anantapur - appcb",2026-07-01 23:00:00.000000000,14.675886,77.593027,pm2.5,37.0,308.0,82.0,77,moderate,16.2,62.8,6.2,2026,7,1,23,wednesday,summer,240442.0,350.0,0,Evening,271.0,Moderate,Moderate,Low
india,andhra pradesh,chittoor,"gangineni cheruvu, chittoor - appcb",2026-07-01 23:00:00.000000000,13.20488,79.097889,pm2.5,56.0,65.0,61.0,81,moderate,28.9,48.1,11.6,2026,7,1,23,wednesday,summer,24588.0,334.0,0,Evening,9.0,Warm,Moderate,Moderate
india,andhra pradesh,chittoor,"gangineni cheruvu, chittoor - appcb",2026-07-01 23:00:00.000000000,13.20488,79.097889,nh3,6.0,9.0,8.0,42,good,17.5,36.0,16.5,2026,7,1,23,wednesday,summer,24588.0,334.0,0,Evening,3.0,Moderate,Low,Moderate
india,andhra pradesh,chittoor,"gangineni cheruvu, chittoor - appcb",2026-07-01 23:00:00.000000000,13.20488,79.097889,ozone,28.0,31.0,29.0,1,good,15.0,50.6,24.2,2026,7,1,23,wednesday,summer,24588.0,334.0,0,Evening,3.0,Moderate,Moderate,High
india,andhra pradesh,guntur,"rajendra nagar north, guntur - appcb",2026-07-01 23:00:00.000000000,16.316553,80.413302,pm2.5,56.0,71.0,63.0,88,moderate,22.3,46.3,10.5,2026,7,1,23,wednesday,summer,530577.0,31.0,0,Evening,15.0,Moderate,Moderate,Moderate
india,andhra pradesh,guntur,"rajendra nagar north, guntur - appcb",2026-07-01 23:00:00.000000000,16.316553,80.413302,pm10,55.0,75.0,64.0,57,moderate,20.3,85.3,29.2,2026,7,1,23,wednesday,summer,530577.0,31.0,0,Evening,20.0,Moderate,High,High
india,andhra pradesh,guntur,"rajendra nagar north, guntur - appcb",2026-07-01 23:00:00.000000000,16.316553,80.413302,nh3,4.0,12.0,7.0,16,good,20.4,53.9,25.5,2026,7,1,23,wednesday,summer,530577.0,31.0,0,Evening,8.0,Moderate,Moderate,High
india,delhi,delhi,"punjabi bagh, delhi - dpcc",2026-07-01 23:00:00.000000000,28.674045,77.131023,ozone,12.0,32.0,22.0,29,good,36.5,93.6,12.1,2026,7,1,23,wednesday,summer,10927986.0,227.0,0,Evening,20.0,Hot,High,Moderate
india,delhi,delhi,"chandni chowk, delhi - iitm",2026-07-01 23:00:00.000000000,28.656756,77.227234,pm2.5,69.0,140.0,92.0,96,moderate,29.3,41.3,10.4,2026,7,1,23,wednesday,summer,10927986.0,227.0,0,Evening,71.0,Warm,Moderate,Moderate
india,delhi,delhi,"chandni chowk, delhi - iitm",2026-07-01 23:00:00.000000000,28.656756,77.227234,no2,16.0,27.0,19.0,4,good,19.4,82.0,9.3,2026,7,1,23,wednesday,summer,10927986.0,227.0,0,Evening,11.0,Moderate,High,Low
india,delhi,delhi,"chandni chowk, delhi - iitm",2026-07-01 23:00:00.000000000,28.656756,77.227234,ozone,10.0,46.0,30.0,9,good,24.8,85.3,13.2,2026,7,1,23,wednesday,summer,10927986.0,227.0,0,Evening,36.0,Moderate,High,Moderate
india,delhi,delhi,"sirifort, delhi - cpcb",2026-07-01 23:00:00.000000000,28.5504249,77.2159377,nh3,12.0,19.0,14.0,17,good,35.1,55.7,23.2,2026,7,1,23,wednesday,summer,10927986.0,227.0,0,Evening,7.0,Hot,Moderate,High
india,delhi,delhi,"dtu, delhi - cpcb",2026-07-01 23:00:00.000000000,28.7500499,77.1112615,nh3,4.0,12.0,11.0,4,good,38.9,83.7,7.0,2026,7,1,23,wednesday,summer,10927986.0,227.0,0,Evening,8.0,Hot,High,Low
india,delhi,delhi,"dtu, delhi - cpcb",2026-07-01 23:00:00.000000000,28.7500499,77.1112615,so2,28.0,56.0,44.0,29,good,37.7,67.0,14.9,2026,7,1,23,wednesday,summer,10927986.0,227.0,0,Evening,28.0,Hot,Moderate,Moderate
india,delhi,delhi,"dr. karni singh shooting range, delhi - dpcc",2026-07-01 23:00:00.000000000,28.498571,77.26484,pm2.5,5.0,87.0,44.0,31,good,18.9,33.1,5.4,2026,7,1,23,wednesday,summer,10927986.0,227.0,0,Evening,82.0,Moderate,Low,Low
india,delhi,delhi,"dr. karni singh shooting range, delhi - dpcc",2026-07-01 23:00:00.000000000,28.498571,77.26484,nh3,5.0,7.0,6.0,47,good,35.0,30.7,17.5,2026,7,1,23,wednesday,summer,10927986.0,227.0,0,Evening,2.0,Hot,Low,Moderate
india,delhi,delhi,"dr. karni singh shooting range, delhi - dpcc",2026-07-01 23:00:00.000000000,28.498571,77.26484,co,16.0,22.0,19.0,1,good,33.6,36.8,2.4,2026,7,1,23,wednesday,summer,10927986.0,227.0,0,Evening,6.0,Warm,Low,Low
india,delhi,delhi,"anand vihar, delhi - dpcc",2026-07-01 23:00:00.000000000,28.647622,77.315809,so2,5.0,13.0,9.0,10,good,39.0,76.9,18.3,2026,7,1,23,wednesday,summer,10927986.0,227.0,0,Evening,8.0,Hot,High,Moderate
india,delhi,delhi,"anand vihar, delhi - dpcc",2026-07-01 23:00:00.000000000,28.647622,77.315809,ozone,2.0,19.0,10.0,36,good,37.6,79.2,25.0,2026,7,1,23,wednesday,summer,10927986.0,227.0,0,Evening,17.0,Hot,High,High
india,delhi,delhi,"ashok vihar, delhi - dpcc",2026-07-01 23:00:00.000000000,28.695381,77.181665,no2,16.0,46.0,26.0,42,good,39.2,62.4,1.4,2026,7,1,23,wednesday,summer,10927986.0,227.0,0,Evening,30.0,Hot,Moderate,Low
india,delhi,delhi,"ashok vihar, delhi - dpcc",2026-07-01 23:00:00.000000000,28.695381,77.181665,co,40.0,59.0,46.0,12,good,23.1,73.5,8.6,2026,7,1,23,wednesday,summer,10927986.0,227.0,0,Evening,19.0,Moderate,High,Low
india,delhi,delhi,"r k puram, delhi - dpcc",2026-07-01 23:00:00.000000000,28.563262,77.186937,pm10,59.0,137.0,100.0,83,moderate,39.7,31.6,8.1,2026,7,1,23,wednesday,summer,10927986.0,227.0,0,Evening,78.0,Hot,Low,Low
india,delhi,delhi,"r k puram, delhi - dpcc",2026-07-01 23:00:00.000000000,28.563262,77.186937,nh3,5.0,6.0,6.0,31,good,30.5,34.7,18.0,2026,7,1,23,wednesday,summer,10927986.0,227.0,0,Evening,1.0,Warm,Low,Moderate
india,delhi,delhi,"r k puram, delhi - dpcc",2026-07-01 23:00:00.000000000,28.563262,77.186937,ozone,7.0,34.0,22.0,30,good,27.0,34.4,12.5,2026,7,1,23,wednesday,summer,10927986.0,227.0,0,Evening,27.0,Warm,Low,Moderate
india,delhi,delhi,"ito, delhi - cpcb",2026-07-01 23:00:00.000000000,28.628624,77.24106,pm10,21.0,115.0,94.0,61,moderate,37.8,86.5,22.5,2026,7,1,23,wednesday,summer,10927986.0,227.0,0,Evening,94.0,Hot,High,High
india,delhi,delhi,"ito, delhi - cpcb",2026-07-01 23:00:00.000000000,28.628624,77.24106,co,45.0,72.0,62.0,76,moderate,27.2,87.4,19.0,2026,7,1,23,wednesday,summer,10927986.0,227.0,0,Evening,27.0,Warm,High,Moderate
india,delhi,delhi,"ito, delhi - cpcb",2026-07-01 23:00:00.000000000,28.628624,77.24106,ozone,17.0,18.0,18.0,47,good,35.9,33.4,28.6,2026,7,1,23,wednesday,summer,10927986.0,227.0,0,Evening,1.0,Hot,Low,High
india,delhi,delhi,"igi airport (t3), delhi - iitm",2026-07-01 23:00:00.000000000,28.5627763,77.1180053,pm2.5,15.0,111.0,58.0,83,moderate,38.3,72.9,1.6,2026,7,1,23,wednesday,summer,10927986.0,227.0,0,Evening,96.0,Hot,High,Low
india,delhi,delhi,"igi airport (t3), delhi - iitm",2026-07-01 23:00:00.000000000,28.5627763,77.1180053,nh3,12.0,70.0,37.0,384,hazardous,19.4,83.8,1.5,2026,7,1,23,wednesday,summer,10927986.0,227.0,0,Evening,58.0,Moderate,High,Low
india,delhi,delhi,"burari crossing, delhi - iitm",2026-07-01 23:00:00.000000000,28.7256504,77.2011573,no2,9.0,29.0,16.0,8,good,15.5,38.7,27.9,2026,7,1,23,wednesday,summer,10927986.0,227.0,0,Evening,20.0,Moderate,Low,High
india,delhi,delhi,"burari crossing, delhi - iitm",2026-07-01 23:00:00.000000000,28.7256504,77.2011573,co,72.0,84.0,76.0,95,moderate,16.2,40.6,14.0,2026,7,1,23,wednesday,summer,10927986.0,227.0,0,Evening,12.0,Moderate,Moderate,Moderate
india,delhi,delhi,"iit delhi, delhi - iitm",2026-07-01 23:00:00.000000000,28.54246,77.191651,pm2.5,30.0,91.0,63.0,82,moderate,19.7,78.5,15.6,2026,7,1,23,wednesday,summer,10927986.0,227.0,0,Evening,61.0,Moderate,High,Moderate
india,delhi,delhi,"aya nagar, delhi - iitm",2026-07-01 23:00:00.000000000,28.4706914,77.1099364,so2,32.5,125.5,82.0,391,hazardous,39.6,31.6,10.0,2026,7,1,23,wednesday,summer,10927986.0,227.0,0,Evening,93.0,Hot,Low,Moderate
india,delhi,delhi,"north campus, du, delhi - iitm",2026-07-01 23:00:00.000000000,28.6573814,77.1585447,pm10,35.0,160.0,101.0,143,unhealthy for sensitive groups,26.2,49.0,23.6,2026,7,1,23,wednesday,summer,10927986.0,227.0,0,Evening,125.0,Warm,Moderate,High
india,delhi,delhi,"crri mathura road, delhi - iitm",2026-07-01 23:00:00.000000000,28.5512005,77.2735737,co,38.0,47.0,43.0,23,good,32.1,87.9,12.8,2026,7,1,23,wednesday,summer,10927986.0,227.0,0,Evening,9.0,Warm,High,Moderate
india,delhi,delhi,"crri mathura road, delhi - iitm",2026-07-01 23:00:00.000000000,28.5512005,77.2735737,ozone,15.0,51.0,32.0,4,good,26.5,59.7,0.0,2026,7,1,23,wednesday,summer,10927986.0,227.0,0,Evening,36.0,Warm,Moderate,Low
india,delhi,delhi,"imd lodhi road, delhi - iitm",2026-07-01 23:00:00.000000000,28.5918245,77.2273074,so2,22.5,42.5,32.0,334,hazardous,24.8,32.7,0.7,2026,7,1,23,wednesday,summer,10927986.0,227.0,0,Evening,20.0,Moderate,Low,Low
india,delhi,delhi,"imd lodhi road, delhi - iitm",2026-07-01 23:00:00.000000000,28.5918245,77.2273074,co,30.0,34.0,32.0,26,good,30.0,39.9,15.3,2026,7,1,23,wednesday,summer,10927986.0,227.0,0,Evening,4.0,Warm,Low,Moderate
india,delhi,delhi,"major dhyan chand national stadium, delhi - dpcc",2026-07-01 23:00:00.000000000,28.611281,77.237738,ozone,3.0,13.0,7.0,12,good,28.9,69.5,20.4,2026,7,1,23,wednesday,summer,10927986.0,227.0,0,Evening,10.0,Warm,Moderate,High
india,delhi,delhi,"sonia vihar, delhi - dpcc",2026-07-01 23:00:00.000000000,28.710508,77.249485,pm2.5,57.0,163.0,103.0,101,unhealthy for sensitive groups,27.6,33.3,23.4,2026,7,1,23,wednesday,summer,10927986.0,227.0,0,Evening,106.0,Warm,Low,High
india,delhi,delhi,"sonia vihar, delhi - dpcc",2026-07-01 23:00:00.000000000,28.710508,77.249485,ozone,5.0,10.0,7.0,49,good,29.0,60.0,14.7,2026,7,1,23,wednesday,summer,10927986.0,227.0,0,Evening,5.0,Warm,Moderate,Moderate
india,delhi,delhi,"nehru nagar, delhi - dpcc",2026-07-01 23:00:00.000000000,28.56789,77.250515,pm2.5,12.0,87.0,40.0,5,good,27.1,84.7,28.5,2026,7,1,23,wednesday,summer,10927986.0,227.0,0,Evening,75.0,Warm,High,High
india,delhi,delhi,"nehru nagar, delhi - dpcc",2026-07-01 23:00:00.000000000,28.56789,77.250515,pm10,70.0,134.0,103.0,150,unhealthy for sensitive groups,32.2,69.7,21.9,2026,7,1,23,wednesday,summer,10927986.0,227.0,0,Evening,64.0,Warm,Moderate,High
india,delhi,delhi,"pusa, delhi - dpcc",2026-07-01 23:00:00.000000000,28.639652,77.146275,pm2.5,33.0,97.0,64.0,65,moderate,26.1,66.2,1.8,2026,7,1,23,wednesday,summer,10927986.0,227.0,0,Evening,64.0,Warm,Moderate,Low
india,delhi,delhi,"pusa, delhi - dpcc",2026-07-01 23:00:00.000000000,28.639652,77.146275,nh3,9.0,13.0,11.0,46,good,15.7,91.5,14.6,2026,7,1,23,wednesday,summer,10927986.0,227.0,0,Evening,4.0,Moderate,High,Moderate
india,delhi,delhi,"patparganj, delhi - dpcc",2026-07-01 23:00:00.000000000,28.623763,77.287209,pm10,64.0,161.0,105.0,131,unhealthy for sensitive groups,36.0,31.3,3.1,2026,7,1,23,wednesday,summer,10927986.0,227.0,0,Evening,97.0,Hot,Low,Low
india,delhi,delhi,"mandir marg, delhi - dpcc",2026-07-01 23:00:00.000000000,28.636429,77.201067,pm2.5,3.0,203.0,56.0,95,moderate,17.8,51.2,3.6,2026,7,1,23,wednesday,summer,10927986.0,227.0,0,Evening,200.0,Moderate,Moderate,Low
india,delhi,delhi,"mandir marg, delhi - dpcc",2026-07-01 23:00:00.000000000,28.636429,77.201067,pm10,80.0,149.0,111.0,102,unhealthy for sensitive groups,19.2,39.7,22.7,2026,7,1,23,wednesday,summer,10927986.0,227.0,0,Evening,69.0,Moderate,Low,High
india,delhi,delhi,"mandir marg, delhi - dpcc",2026-07-01 23:00:00.000000000,28.636429,77.201067,nh3,7.0,8.0,7.0,28,good,32.6,88.5,10.7,2026,7,1,23,wednesday,summer,10927986.0,227.0,0,Evening,1.0,Warm,High,Moderate
india,delhi,delhi,"nsit dwarka, delhi - cpcb",2026-07-01 23:00:00.000000000,28.60909,77.0325413,no2,19.0,83.0,43.0,38,good,37.5,87.9,18.8,2026,7,1,23,wednesday,summer,10927986.0,227.0,0,Evening,64.0,Hot,High,Moderate
india,delhi,delhi,"nsit dwarka, delhi - cpcb",2026-07-01 23:00:00.000000000,28.60909,77.0325413,ozone,16.0,22.0,19.0,31,good,31.6,91.4,4.4,2026,7,1,23,wednesday,summer,10927986.0,227.0,0,Evening,6.0,Warm,High,Low
india,delhi,delhi,"alipur, delhi - dpcc",2026-07-01 23:00:00.000000000,28.815329,77.15301,no2,0.0,7.0,2.0,40,good,18.5,70.6,16.6,2026,7,1,23,wednesday,summer,10927986.0,227.0,0,Evening,7.0,Moderate,High,Moderate
india,delhi,delhi,"alipur, delhi - dpcc",2026-07-01 23:00:00.000000000,28.815329,77.15301,nh3,10.0,13.0,11.0,48,good,31.4,93.5,25.8,2026,7,1,23,wednesday,summer,10927986.0,227.0,0,Evening,3.0,Warm,High,High
india,delhi,delhi,"talkatora garden, delhi - dpcc",2026-07-01 23:00:00.000000000,28.62181,77.1944633,no2,13.0,39.0,20.0,2,good,22.8,64.6,15.5,2026,7,1,23,wednesday,summer,10927986.0,227.0,0,Evening,26.0,Moderate,Moderate,Moderate
india,delhi,delhi,"talkatora garden, delhi - dpcc",2026-07-01 23:00:00.000000000,28.62181,77.1944633,nh3,2.0,6.0,4.0,17,good,27.5,40.5,13.7,2026,7,1,23,wednesday,summer,10927986.0,227.0,0,Evening,4.0,Warm,Moderate,Moderate
india,delhi,delhi,"talkatora garden, delhi - dpcc",2026-07-01 23:00:00.000000000,28.62181,77.1944633,co,38.0,46.0,41.0,32,good,30.8,31.2,20.5,2026,7,1,23,wednesday,summer,10927986.0,227.0,0,Evening,8.0,Warm,Low,High
india,delhi,delhi,"commonwealth sports complex, delhi - dpcc",2026-07-01 23:00:00.000000000,28.615828,77.271992,ozone,11.0,41.0,24.0,0,good,39.8,88.1,6.9,2026,7,1,23,wednesday,summer,10927986.0,227.0,0,Evening,30.0,Hot,High,Low
india,delhi,delhi,"cantonment area, delhi - dpcc",2026-07-01 23:00:00.000000000,28.594169,77.1251,nh3,1.0,7.0,2.0,6,good,18.3,82.2,5.7,2026,7,1,23,wednesday,summer,10927986.0,227.0,0,Evening,6.0,Moderate,High,Low
india,delhi,delhi,"nsut jaffarpur, delhi - dpcc",2026-07-01 23:00:00.000000000,28.594004,76.909423,nh3,1.0,17.0,5.0,34,good,19.2,91.6,11.6,2026,7,1,23,wednesday,summer,10927986.0,227.0,0,Evening,16.0,Moderate,High,Moderate
india,delhi,delhi,"nsut jaffarpur, delhi - dpcc",2026-07-01 23:00:00.000000000,28.594004,76.909423,ozone,36.0,76.0,58.0,92,moderate,23.5,87.9,1.9,2026,7,1,23,wednesday,summer,10927986.0,227.0,0,Evening,40.0,Moderate,High,Low
india,delhi,delhi,"bawana, delhi - dpcc",2026-07-01 23:00:00.000000000,28.7762,77.051074,pm10,57.0,153.0,97.0,100,moderate,18.5,79.3,27.6,2026,7,1,23,wednesday,summer,10927986.0,227.0,0,Evening,96.0,Moderate,High,High
india,delhi,delhi,"bawana, delhi - dpcc",2026-07-01 23:00:00.000000000,28.7762,77.051074,co,101.0,105.0,103.0,136,unhealthy for sensitive groups,33.3,41.0,3.9,2026,7,1,23,wednesday,summer,10927986.0,227.0,0,Evening,4.0,Warm,Moderate,Low
india,gujarat,rajkot,"mavdi, rajkot - nexteng enviro",2026-07-01 23:00:00.000000000,22.248853,70.776774,no2,61.0,76.0,68.0,81,moderate,38.2,92.9,11.7,2026,7,1,23,wednesday,summer,1177362.0,140.0,0,Evening,15.0,Hot,High,Moderate
india,gujarat,rajkot,"mavdi, rajkot - nexteng enviro",2026-07-01 23:00:00.000000000,22.248853,70.776774,nh3,2.0,2.0,2.0,48,good,16.4,70.8,24.7,2026,7,1,23,wednesday,summer,1177362.0,140.0,0,Evening,0.0,Moderate,High,High
india,gujarat,rajkot,"mavdi, rajkot - nexteng enviro",2026-07-01 23:00:00.000000000,22.248853,70.776774,ozone,6.0,8.0,7.0,48,good,31.9,72.2,10.5,2026,7,1,23,wednesday,summer,1177362.0,140.0,0,Evening,2.0,Warm,High,Moderate
india,gujarat,surat,"katargam, surat - nexteng enviro",2026-07-01 23:00:00.000000000,21.217779,72.834787,so2,6.0,9.0,7.0,38,good,33.6,75.5,0.5,2026,7,1,23,wednesday,summer,2894504.0,20.0,0,Evening,3.0,Warm,High,Low
india,gujarat,vadodara,"bapunagar, vadodara - nexteng enviro",2026-07-01 23:00:00.000000000,22.320153,73.216285,no2,11.0,13.0,12.0,15,good,19.5,82.1,17.3,2026,7,1,23,wednesday,summer,1409476.0,46.0,0,Evening,2.0,Moderate,High,Moderate
india,gujarat,vapi,"phase-1 gidc, vapi - gpcb",2026-07-01 23:00:00.000000000,20.362421,72.918013,co,6.5,12.0,9.5,401,hazardous,19.0,73.2,8.7,2026,7,1,23,wednesday,summer,71395.0,30.0,0,Evening,5.5,Moderate,High,Low
india,haryana,ambala,"patti mehar, ambala - hspcb",2026-07-01 23:00:00.000000000,30.379589,76.778328,nh3,2.0,11.0,7.0,18,good,20.2,46.6,23.5,2026,7,1,23,wednesday,summer,146787.0,276.0,0,Evening,9.0,Moderate,Moderate,High
india,haryana,bahadurgarh,"arya nagar, bahadurgarh - hspcb",2026-07-01 23:00:00.000000000,28.6701,76.9254,pm10,57.0,133.0,93.0,86,moderate,29.4,78.6,18.7,2026,7,1,23,wednesday,summer,153613.0,215.0,0,Evening,76.0,Warm,High,Moderate
india,haryana,bahadurgarh,"arya nagar, bahadurgarh - hspcb",2026-07-01 23:00:00.000000000,28.6701,76.9254,ozone,22.0,26.0,24.0,33,good,22.7,65.5,0.9,2026,7,1,23,wednesday,summer,153613.0,215.0,0,Evening,4.0,Moderate,Moderate,Low
india,gujarat,gandhinagar,"iiphg lekawada, gandhinagar - iitm",2026-07-01 23:00:00.000000000,23.243639,72.68994,pm10,52.0,101.0,73.0,87,moderate,33.6,92.1,14.1,2026,7,1,23,wednesday,summer,195985.0,54.0,0,Evening,49.0,Warm,High,Moderate
india,gujarat,gandhinagar,"iiphg lekawada, gandhinagar - iitm",2026-07-01 23:00:00.000000000,23.243639,72.68994,no2,7.0,12.0,10.0,32,good,30.4,87.2,18.2,2026,7,1,23,wednesday,summer,195985.0,54.0,0,Evening,5.0,Warm,High,Moderate
india,gujarat,gandhinagar,"gift city, gandhinagar - iitm",2026-07-01 23:00:00.000000000,23.163798,72.677768,no2,29.0,56.0,41.0,15,good,32.1,82.3,23.3,2026,7,1,23,wednesday,summer,195985.0,54.0,0,Evening,27.0,Warm,High,High
india,gujarat,gandhinagar,"gift city, gandhinagar - iitm",2026-07-01 23:00:00.000000000,23.163798,72.677768,co,30.0,44.0,38.0,47,good,35.5,94.8,17.4,2026,7,1,23,wednesday,summer,195985.0,54.0,0,Evening,14.0,Hot,High,Moderate
india,gujarat,gandhinagar,"gift city, gandhinagar - iitm",2026-07-01 23:00:00.000000000,23.163798,72.677768,ozone,12.0,42.0,25.0,39,good,24.4,36.2,26.2,2026,7,1,23,wednesday,summer,195985.0,54.0,0,Evening,30.0,Moderate,Low,High
india,gujarat,ahmedabad,"sac isro satellite, ahmedabad - iitm",2026-07-01 23:00:00.000000000,23.023389,72.515201,pm10,41.0,123.0,71.0,91,moderate,34.4,34.7,9.7,2026,7,1,23,wednesday,summer,3719710.0,56.0,0,Evening,82.0,Warm,Low,Low
india,gujarat,ahmedabad,"sac isro satellite, ahmedabad - iitm",2026-07-01 23:00:00.000000000,23.023389,72.515201,so2,2.0,3.0,3.0,36,good,30.6,93.9,6.3,2026,7,1,23,wednesday,summer,3719710.0,56.0,0,Evening,1.0,Warm,High,Low
india,gujarat,ahmedabad,"sac isro satellite, ahmedabad - iitm",2026-07-01 23:00:00.000000000,23.023389,72.515201,co,19.0,48.0,37.0,38,good,33.5,45.4,24.8,2026,7,1,23,wednesday,summer,3719710.0,56.0,0,Evening,29.0,Warm,Moderate,High
india,gujarat,ahmedabad,"sac isro satellite, ahmedabad - iitm",2026-07-01 23:00:00.000000000,23.023389,72.515201,ozone,37.0,65.0,50.0,4,good,23.6,72.6,27.6,2026,7,1,23,wednesday,summer,3719710.0,56.0,0,Evening,28.0,Moderate,High,High
india,gujarat,ahmedabad,"maninagar, ahmedabad - gpcb",2026-07-01 23:00:00.000000000,23.002657,72.591912,pm2.5,28.666666666666664,60.66666666666666,44.333333333333336,459,hazardous,39.4,37.9,20.5,2026,7,1,23,wednesday,summer,3719710.0,56.0,0,Evening,31.999999999999993,Hot,Low,High
india,gujarat,ahmedabad,"maninagar, ahmedabad - gpcb",2026-07-01 23:00:00.000000000,23.002657,72.591912,pm10,20.33333333333333,56.333333333333336,38.66666666666666,428,hazardous,30.7,74.6,11.5,2026,7,1,23,wednesday,summer,3719710.0,56.0,0,Evening,36.00000000000001,Warm,High,Moderate
india,gujarat,ahmedabad,"maninagar, ahmedabad - gpcb",2026-07-01 23:00:00.000000000,23.002657,72.591912,co,12.0,52.0,33.0,49,good,34.3,34.7,5.6,2026,7,1,23,wednesday,summer,3719710.0,56.0,0,Evening,40.0,Warm,Low,Low
india,gujarat,ahmedabad,"gyaspur, ahmedabad - iitm",2026-07-01 23:00:00.000000000,22.977134,72.553024,no2,8.0,16.0,11.0,49,good,17.0,56.8,10.4,2026,7,1,23,wednesday,summer,3719710.0,56.0,0,Evening,8.0,Moderate,Moderate,Moderate
india,gujarat,ahmedabad,"chandkheda, ahmedabad - iitm",2026-07-01 23:00:00.000000000,23.107969,72.574648,ozone,5.0,18.0,11.0,50,good,19.6,53.4,11.7,2026,7,1,23,wednesday,summer,3719710.0,56.0,0,Evening,13.0,Moderate,Moderate,Moderate
india,haryana,charkhi dadri,"mini secretariat, charkhi dadri - hspcb",2026-07-01 23:00:00.000000000,28.593883,76.270653,no2,9.0,22.0,15.0,43,good,35.4,32.0,5.4,2026,7,1,23,wednesday,summer,50558.0,225.0,0,Evening,13.0,Hot,Low,Low
india,haryana,charkhi dadri,"mini secretariat, charkhi dadri - hspcb",2026-07-01 23:00:00.000000000,28.593883,76.270653,so2,9.0,11.0,10.0,11,good,38.6,43.2,8.9,2026,7,1,23,wednesday,summer,50558.0,225.0,0,Evening,2.0,Hot,Moderate,Low
india,haryana,dharuhera,"municipal corporation office, dharuhera -  hspcb",2026-07-01 23:00:00.000000000,28.2068,76.7997,so2,7.0,16.0,11.0,18,good,32.8,89.5,28.2,2026,7,1,23,wednesday,summer,23132.0,255.0,0,Evening,9.0,Warm,High,High
india,haryana,faridabad,"sector 11, faridabad - hspcb",2026-07-01 23:00:00.000000000,28.376058,77.315741,pm2.5,33.0,321.0,121.0,135,unhealthy for sensitive groups,31.4,50.6,26.2,2026,7,1,23,wednesday,summer,1220229.0,209.0,0,Evening,288.0,Warm,Moderate,High
india,haryana,faridabad,"sector 11, faridabad - hspcb",2026-07-01 23:00:00.000000000,28.376058,77.315741,so2,4.0,10.0,7.0,46,good,16.6,56.7,26.4,2026,7,1,23,wednesday,summer,1220229.0,209.0,0,Evening,6.0,Moderate,Moderate,High
india,delhi,delhi,"vivek vihar, delhi - dpcc",2026-07-01 23:00:00.000000000,28.672342,77.31526,nh3,7.0,13.0,10.0,49,good,33.2,46.8,20.9,2026,7,1,23,wednesday,summer,10927986.0,227.0,0,Evening,6.0,Warm,Moderate,High
india,delhi,delhi,"vivek vihar, delhi - dpcc",2026-07-01 23:00:00.000000000,28.672342,77.31526,co,46.0,57.0,50.0,7,good,22.7,44.1,25.3,2026,7,1,23,wednesday,summer,10927986.0,227.0,0,Evening,11.0,Moderate,Moderate,High
india,delhi,delhi,"jahangirpuri, delhi - dpcc",2026-07-01 23:00:00.000000000,28.73282,77.170633,no2,12.0,92.0,37.0,24,good,16.2,39.8,17.3,2026,7,1,23,wednesday,summer,10927986.0,227.0,0,Evening,80.0,Moderate,Low,Moderate
india,delhi,delhi,"jahangirpuri, delhi - dpcc",2026-07-01 23:00:00.000000000,28.73282,77.170633,nh3,6.0,8.0,7.0,49,good,21.0,63.1,6.4,2026,7,1,23,wednesday,summer,10927986.0,227.0,0,Evening,2.0,Moderate,Moderate,Low
india,delhi,delhi,"jahangirpuri, delhi - dpcc",2026-07-01 23:00:00.000000000,28.73282,77.170633,so2,2.0,6.0,4.0,32,good,25.7,76.1,17.5,2026,7,1,23,wednesday,summer,10927986.0,227.0,0,Evening,4.0,Warm,High,Moderate
india,delhi,delhi,"sri aurobindo marg, delhi - dpcc",2026-07-01 23:00:00.000000000,28.531346,77.190156,ozone,15.0,39.0,27.0,9,good,39.2,51.2,0.6,2026,7,1,23,wednesday,summer,10927986.0,227.0,0,Evening,24.0,Hot,Moderate,Low
india,delhi,delhi,"najafgarh, delhi - dpcc",2026-07-01 23:00:00.000000000,28.570173,76.933762,nh3,4.0,8.0,6.0,32,good,27.2,52.8,25.2,2026,7,1,23,wednesday,summer,10927986.0,227.0,0,Evening,4.0,Warm,Moderate,High
india,delhi,delhi,"mundka, delhi - dpcc",2026-07-01 23:00:00.000000000,28.684678,77.076574,ozone,4.0,17.0,11.0,30,good,29.7,74.2,23.6,2026,7,1,23,wednesday,summer,10927986.0,227.0,0,Evening,13.0,Warm,High,High
india,haryana,karnal,"sector-12, karnal - hspcb",2026-07-01 23:00:00.000000000,29.6953,77.0027,co,13.0,14.0,14.0,50,good,38.8,74.3,14.5,2026,7,1,23,wednesday,summer,225049.0,255.0,0,Evening,1.0,Hot,High,Moderate
india,haryana,palwal,"shyam nagar, palwal - hspcb",2026-07-01 23:00:00.000000000,28.1485564,77.3320667,no2,23.0,25.0,24.0,46,good,32.7,75.2,16.0,2026,7,1,23,wednesday,summer,121965.0,201.0,0,Evening,2.0,Warm,High,Moderate
india,haryana,panchkula,"sector-6, panchkula - hspcb",2026-07-01 23:00:00.000000000,30.7057778,76.8531805555555,ozone,38.0,42.0,41.0,7,good,18.5,31.7,6.3,2026,7,1,23,wednesday,summer,200000.0,335.0,0,Evening,4.0,Moderate,Low,Low
india,haryana,panipat,"sector-18, panipat - hspcb",2026-07-01 23:00:00.000000000,29.432304,76.972765,pm2.5,24.0,500.0,205.0,209,very unhealthy,31.3,37.1,13.9,2026,7,1,23,wednesday,summer,292808.0,232.0,0,Evening,476.0,Warm,Low,Moderate
india,haryana,panipat,"sector-18, panipat - hspcb",2026-07-01 23:00:00.000000000,29.432304,76.972765,ozone,37.0,38.0,37.0,11,good,25.5,72.1,24.4,2026,7,1,23,wednesday,summer,292808.0,232.0,0,Evening,1.0,Warm,High,High
india,haryana,rohtak,"md university, rohtak - hspcb",2026-07-01 23:00:00.000000000,28.52123,76.37138,pm10,57.0,116.0,88.0,65,moderate,27.8,77.1,16.4,2026,7,1,23,wednesday,summer,317245.0,222.0,0,Evening,59.0,Warm,High,Moderate
india,haryana,rohtak,"md university, rohtak - hspcb",2026-07-01 23:00:00.000000000,28.52123,76.37138,no2,7.0,11.0,9.0,26,good,19.2,60.7,4.9,2026,7,1,23,wednesday,summer,317245.0,222.0,0,Evening,4.0,Moderate,Moderate,Low
india,haryana,rohtak,"md university, rohtak - hspcb",2026-07-01 23:00:00.000000000,28.52123,76.37138,co,46.0,52.0,49.0,6,good,35.1,93.0,23.0,2026,7,1,23,wednesday,summer,317245.0,222.0,0,Evening,6.0,Hot,High,High
india,haryana,sirsa,"f-block, sirsa - hspcb",2026-07-01 23:00:00.000000000,29.5364,75.0158,nh3,12.0,14.0,13.0,47,good,16.1,34.0,1.5,2026,7,1,23,wednesday,summer,181639.0,205.0,0,Evening,2.0,Moderate,Low,Low
india,haryana,faridabad,"sector 30, faridabad - hspcb",2026-07-01 23:00:00.000000000,28.4417,77.3217,ozone,14.0,19.0,16.0,50,good,37.9,44.0,22.5,2026,7,1,23,wednesday,summer,1220229.0,209.0,0,Evening,5.0,Hot,Moderate,High
india,haryana,hisar,"urban estate-ii, hisar - hspcb",2026-07-01 23:00:00.000000000,29.14056,75.744941,so2,8.0,15.0,11.0,21,good,34.3,72.1,15.6,2026,7,1,23,wednesday,summer,296436.0,216.0,0,Evening,7.0,Warm,High,Moderate
india,haryana,jind,"police lines, jind - hspcb",2026-07-01 23:00:00.000000000,29.307814,76.337619,pm10,64.0,153.0,96.0,53,moderate,29.1,47.7,4.6,2026,7,1,23,wednesday,summer,161260.0,233.0,0,Evening,89.0,Warm,Moderate,Low
india,haryana,jind,"police lines, jind - hspcb",2026-07-01 23:00:00.000000000,29.307814,76.337619,ozone,47.0,63.0,57.0,94,moderate,24.0,76.5,17.6,2026,7,1,23,wednesday,summer,161260.0,233.0,0,Evening,16.0,Moderate,High,Moderate
india,haryana,karnal,"sector-12, karnal - hspcb",2026-07-01 23:00:00.000000000,29.6953,77.0027,pm2.5,3.0,376.0,217.0,259,very unhealthy,32.5,55.4,28.7,2026,7,1,23,wednesday,summer,225049.0,255.0,0,Evening,373.0,Warm,Moderate,High
india,karnataka,bengaluru,"jayanagar 5th block, bengaluru - kspcb",2026-07-01 23:00:00.000000000,12.920984,77.584908,ozone,44.0,52.0,47.0,28,good,21.5,89.6,24.7,2026,7,1,23,wednesday,summer,5104047.0,914.0,0,Evening,8.0,Moderate,High,High
india,karnataka,bengaluru,"hombegowda nagar, bengaluru - kspcb",2026-07-01 23:00:00.000000000,12.938539,77.5901,no2,9.0,24.0,16.0,43,good,31.1,71.2,25.8,2026,7,1,23,wednesday,summer,5104047.0,914.0,0,Evening,15.0,Warm,High,High
india,karnataka,bengaluru,"hombegowda nagar, bengaluru - kspcb",2026-07-01 23:00:00.000000000,12.938539,77.5901,ozone,26.0,33.0,30.0,34,good,31.1,38.6,10.6,2026,7,1,23,wednesday,summer,5104047.0,914.0,0,Evening,7.0,Warm,Low,Moderate
india,karnataka,chikkamagaluru,"kalyana nagara, chikkamagaluru - kspcb",2026-07-01 23:00:00.000000000,13.328028,75.797056,pm10,23.0,45.0,32.0,50,good,23.5,49.5,11.6,2026,7,1,23,wednesday,summer,121484.0,1042.0,0,Evening,22.0,Moderate,Moderate,Moderate
india,karnataka,chikkamagaluru,"kalyana nagara, chikkamagaluru - kspcb",2026-07-01 23:00:00.000000000,13.328028,75.797056,co,11.0,28.0,14.0,45,good,16.8,55.1,17.4,2026,7,1,23,wednesday,summer,121484.0,1042.0,0,Evening,17.0,Moderate,Moderate,Moderate
india,karnataka,kalaburagi,"mahatma basaveswar colony, kalaburgi - kspcb",2026-07-01 23:00:00.000000000,17.336318,76.847397,pm10,19.0,49.0,37.0,31,good,37.7,36.5,9.1,2026,7,1,23,wednesday,summer,483615.0,474.0,0,Evening,30.0,Hot,Low,Low
india,karnataka,kalaburagi,"mahatma basaveswar colony, kalaburgi - kspcb",2026-07-01 23:00:00.000000000,17.336318,76.847397,so2,2.0,5.0,4.0,0,good,19.1,48.7,13.6,2026,7,1,23,wednesday,summer,483615.0,474.0,0,Evening,3.0,Moderate,Moderate,Moderate
india,madhya pradesh,bhopal,"paryavaran parisar, bhopal - mppcb",2026-07-01 23:00:00.000000000,23.210494,77.425409,pm2.5,3.0,38.0,16.0,18,good,33.6,63.6,3.0,2026,7,1,23,wednesday,summer,1599914.0,523.0,0,Evening,35.0,Warm,Moderate,Low
india,madhya pradesh,bhopal,"paryavaran parisar, bhopal - mppcb",2026-07-01 23:00:00.000000000,23.210494,77.425409,ozone,24.0,32.0,27.0,36,good,35.5,73.3,24.6,2026,7,1,23,wednesday,summer,1599914.0,523.0,0,Evening,8.0,Hot,High,High
india,madhya pradesh,bhopal,"t t nagar, bhopal - mppcb",2026-07-01 23:00:00.000000000,23.233584,77.400574,nh3,5.0,5.0,5.0,23,good,36.0,65.8,13.3,2026,7,1,23,wednesday,summer,1599914.0,523.0,0,Evening,0.0,Hot,Moderate,Moderate
india,madhya pradesh,bhopal,"t t nagar, bhopal - mppcb",2026-07-01 23:00:00.000000000,23.233584,77.400574,ozone,21.0,31.0,26.0,48,good,23.8,92.7,6.8,2026,7,1,23,wednesday,summer,1599914.0,523.0,0,Evening,10.0,Moderate,High,Low
india,madhya pradesh,bhopal,"idgah hills, bhopal - mppcb",2026-07-01 23:00:00.000000000,23.264759,77.381568,no2,9.0,28.0,17.0,45,good,21.2,65.5,1.3,2026,7,1,23,wednesday,summer,1599914.0,523.0,0,Evening,19.0,Moderate,Moderate,Low
india,madhya pradesh,bhopal,"idgah hills, bhopal - mppcb",2026-07-01 23:00:00.000000000,23.264759,77.381568,co,5.0,11.0,7.0,16,good,22.9,73.3,22.0,2026,7,1,23,wednesday,summer,1599914.0,523.0,0,Evening,6.0,Moderate,High,High
india,madhya pradesh,bhopal,"idgah hills, bhopal - mppcb",2026-07-01 23:00:00.000000000,23.264759,77.381568,ozone,16.0,35.0,24.0,33,good,29.3,85.6,29.6,2026,7,1,23,wednesday,summer,1599914.0,523.0,0,Evening,19.0,Warm,High,High
india,madhya pradesh,damoh,"shrivastav colony, damoh - mppcb",2026-07-01 23:00:00.000000000,23.81748678,79.446246,so2,45.0,58.0,50.0,22,good,16.1,48.6,28.4,2026,7,1,23,wednesday,summer,118776.0,378.0,0,Evening,13.0,Moderate,Moderate,High
india,madhya pradesh,dewas,"bhopal chauraha, dewas - mppcb",2026-07-01 23:00:00.000000000,22.9682591,76.064118,pm2.5,31.0,63.0,41.333333333333336,471,hazardous,27.0,88.8,23.5,2026,7,1,23,wednesday,summer,261218.0,544.0,0,Evening,32.0,Warm,High,High
india,madhya pradesh,dewas,"bhopal chauraha, dewas - mppcb",2026-07-01 23:00:00.000000000,22.9682591,76.064118,nh3,17.0,68.0,32.66666666666667,402,hazardous,26.6,62.6,20.5,2026,7,1,23,wednesday,summer,261218.0,544.0,0,Evening,51.0,Warm,Moderate,High
india,madhya pradesh,gwalior,"deen dayal nagar, gwalior - mppcb",2026-07-01 23:00:00.000000000,26.259242,78.216432,pm2.5,3.0,73.0,24.0,35,good,31.9,84.1,14.5,2026,7,1,23,wednesday,summer,882458.0,220.0,0,Evening,70.0,Warm,High,Moderate
india,madhya pradesh,gwalior,"deen dayal nagar, gwalior - mppcb",2026-07-01 23:00:00.000000000,26.259242,78.216432,so2,6.0,26.0,11.0,3,good,23.8,94.4,1.1,2026,7,1,23,wednesday,summer,882458.0,220.0,0,Evening,20.0,Moderate,High,Low
india,madhya pradesh,gwalior,"deen dayal nagar, gwalior - mppcb",2026-07-01 23:00:00.000000000,26.259242,78.216432,ozone,11.0,19.0,16.0,34,good,29.7,61.8,9.5,2026,7,1,23,wednesday,summer,882458.0,220.0,0,Evening,8.0,Warm,Moderate,Low
india,karnataka,shivamogga,"vinoba nagara, shivamogga - kspcb",2026-07-01 23:00:00.000000000,13.94,75.555917,pm2.5,22.0,32.0,28.0,8,good,24.4,31.6,10.0,2026,7,1,23,wednesday,summer,319550.0,590.0,0,Evening,10.0,Moderate,Low,Moderate
india,karnataka,shivamogga,"vinoba nagara, shivamogga - kspcb",2026-07-01 23:00:00.000000000,13.94,75.555917,co,22.0,28.0,25.0,12,good,30.7,52.7,11.4,2026,7,1,23,wednesday,summer,319550.0,590.0,0,Evening,6.0,Warm,Moderate,Moderate
india,karnataka,vijayapura,"ibrahimpur, vijayapura - kspcb",2026-07-01 23:00:00.000000000,16.802639,75.722694,so2,3.0,6.0,3.0,42,good,37.5,64.3,26.9,2026,7,1,23,wednesday,summer,271064.0,606.0,0,Evening,3.0,Hot,Moderate,High
india,kerala,kannur,"thavakkara, kannur - kerala pcb",2026-07-01 23:00:00.000000000,11.875,75.3732,so2,0.0,2.0,1.0,48,good,32.9,30.8,22.7,2026,7,1,23,wednesday,summer,62836.0,13.0,0,Evening,2.0,Warm,Low,High
india,kerala,kollam,"polayathode, kollam - kerala pcb",2026-07-01 23:00:00.000000000,8.8787,76.6073,pm2.5,7.0,77.0,35.0,50,good,26.5,87.7,9.7,2026,7,1,23,wednesday,summer,394163.0,13.0,0,Evening,70.0,Warm,High,Low
india,kerala,kollam,"polayathode, kollam - kerala pcb",2026-07-01 23:00:00.000000000,8.8787,76.6073,ozone,31.0,35.0,33.0,50,good,25.5,80.9,8.2,2026,7,1,23,wednesday,summer,394163.0,13.0,0,Evening,4.0,Warm,High,Low
india,kerala,thiruvananthapuram,"plammoodu, thiruvananthapuram - kerala pcb",2026-07-01 23:00:00.000000000,8.5149093,76.9435879,co,4.0,19.0,8.0,20,good,33.5,42.6,18.1,2026,7,1,23,wednesday,summer,784153.0,18.0,0,Evening,15.0,Warm,Moderate,Moderate
india,kerala,thiruvananthapuram,"kariavattom, thiruvananthapuram - kerala pcb",2026-07-01 23:00:00.000000000,8.5637,76.8865,co,21.0,23.0,22.0,31,good,17.1,68.5,12.4,2026,7,1,23,wednesday,summer,784153.0,18.0,0,Evening,2.0,Moderate,Moderate,Moderate
india,kerala,thrissur,"corporation ground, thrissur - kerala pcb",2026-07-01 23:00:00.000000000,10.5324,76.2159,pm2.5,35.0,56.0,48.0,4,good,19.0,30.2,7.3,2026,7,1,23,wednesday,summer,325110.0,7.0,0,Evening,21.0,Moderate,Low,Low
india,kerala,thrissur,"corporation ground, thrissur - kerala pcb",2026-07-01 23:00:00.000000000,10.5324,76.2159,no2,8.0,10.0,9.0,38,good,38.5,85.5,22.6,2026,7,1,23,wednesday,summer,325110.0,7.0,0,Evening,2.0,Hot,High,High
india,karnataka,bagalkot,"vidayagiri, bagalkot - kspcb",2026-07-01 23:00:00.000000000,16.172806,75.659694,pm2.5,30.0,36.0,34.0,25,good,35.1,88.4,14.8,2026,7,1,23,wednesday,summer,97269.0,532.0,0,Evening,6.0,Hot,High,Moderate
india,karnataka,bagalkot,"vidayagiri, bagalkot - kspcb",2026-07-01 23:00:00.000000000,16.172806,75.659694,pm10,46.0,51.0,49.0,46,good,28.7,86.6,8.1,2026,7,1,23,wednesday,summer,97269.0,532.0,0,Evening,5.0,Warm,High,Low
india,karnataka,bengaluru,"bapuji nagar, bengaluru - kspcb",2026-07-01 23:00:00.000000000,12.951913,77.539784,no2,25.0,26.0,26.0,25,good,23.5,34.6,27.9,2026,7,1,23,wednesday,summer,5104047.0,914.0,0,Evening,1.0,Moderate,Low,High
india,karnataka,bengaluru,"city railway station, bengaluru - kspcb",2026-07-01 23:00:00.000000000,12.9756843,77.5660749,co,47.0,56.0,51.0,57,moderate,29.6,34.2,5.2,2026,7,1,23,wednesday,summer,5104047.0,914.0,0,Evening,9.0,Warm,Low,Low
india,karnataka,bengaluru,"hebbal, bengaluru - kspcb",2026-07-01 23:00:00.000000000,13.029152,77.585901,no2,16.0,19.0,17.0,14,good,36.5,55.7,18.7,2026,7,1,23,wednesday,summer,5104047.0,914.0,0,Evening,3.0,Hot,Moderate,Moderate
india,karnataka,bengaluru,"hebbal, bengaluru - kspcb",2026-07-01 23:00:00.000000000,13.029152,77.585901,so2,7.0,18.0,14.0,11,good,24.1,89.8,2.1,2026,7,1,23,wednesday,summer,5104047.0,914.0,0,Evening,11.0,Moderate,High,Low
india,karnataka,bengaluru,"jigani, bengaluru - kspcb",2026-07-01 23:00:00.000000000,12.7816279,77.6299145,pm10,37.0,72.0,47.0,50,good,24.3,71.9,19.8,2026,7,1,23,wednesday,summer,5104047.0,914.0,0,Evening,35.0,Moderate,High,Moderate
india,karnataka,bengaluru,"btm layout, bengaluru - cpcb",2026-07-01 23:00:00.000000000,12.9135218,77.5950804,so2,19.0,20.0,19.0,39,good,21.2,36.5,24.4,2026,7,1,23,wednesday,summer,5104047.0,914.0,0,Evening,1.0,Moderate,Low,High
india,himachal pradesh,baddi,"himuda complex phase-1, baddi - hppcb",2026-07-01 23:00:00.000000000,30.943887,76.801991,pm2.5,37.0,243.0,77.0,52,moderate,23.8,48.7,26.2,2026,7,1,23,wednesday,summer,22592.0,426.0,0,Evening,206.0,Moderate,Moderate,High
india,himachal pradesh,baddi,"himuda complex phase-1, baddi - hppcb",2026-07-01 23:00:00.000000000,30.943887,76.801991,nh3,5.0,7.0,6.0,30,good,36.9,31.9,16.7,2026,7,1,23,wednesday,summer,22592.0,426.0,0,Evening,2.0,Hot,Low,Moderate
india,himachal pradesh,baddi,"himuda complex phase-1, baddi - hppcb",2026-07-01 23:00:00.000000000,30.943887,76.801991,co,46.0,67.0,55.0,77,moderate,21.3,91.3,26.9,2026,7,1,23,wednesday,summer,22592.0,426.0,0,Evening,21.0,Moderate,High,High
india,jharkhand,dhanbad,"sardar patel nagar, dhanbad - jspcb",2026-07-01 23:00:00.000000000,23.80569,86.44268,nh3,88.75,117.25,100.75,476,hazardous,21.6,70.3,13.2,2026,7,1,23,wednesday,summer,219636.0,220.0,0,Evening,28.5,Moderate,High,Moderate
india,jharkhand,dhanbad,"sardar patel nagar, dhanbad - jspcb",2026-07-01 23:00:00.000000000,23.80569,86.44268,so2,103.0,134.0,116.0,103,unhealthy for sensitive groups,33.0,64.4,19.9,2026,7,1,23,wednesday,summer,219636.0,220.0,0,Evening,31.0,Warm,Moderate,Moderate
india,madhya pradesh,gwalior,"maharaj bada, gwalior - mppcb",2026-07-01 23:00:00.000000000,26.200388,78.147714,no2,25.0,85.0,51.0,77,moderate,31.8,61.9,29.0,2026,7,1,23,wednesday,summer,882458.0,220.0,0,Evening,60.0,Warm,Moderate,High
india,madhya pradesh,gwalior,"maharaj bada, gwalior - mppcb",2026-07-01 23:00:00.000000000,26.200388,78.147714,nh3,5.0,6.0,6.0,31,good,20.0,75.2,11.9,2026,7,1,23,wednesday,summer,882458.0,220.0,0,Evening,1.0,Moderate,High,Moderate
india,madhya pradesh,gwalior,"city center, gwalior - mppcb",2026-07-01 23:00:00.000000000,26.203442,78.193251,no2,7.0,33.0,14.0,2,good,29.0,59.4,24.4,2026,7,1,23,wednesday,summer,882458.0,220.0,0,Evening,26.0,Warm,Moderate,High
india,madhya pradesh,gwalior,"city center, gwalior - mppcb",2026-07-01 23:00:00.000000000,26.203442,78.193251,so2,9.0,29.0,16.0,43,good,22.4,43.9,20.1,2026,7,1,23,wednesday,summer,882458.0,220.0,0,Evening,20.0,Moderate,Moderate,High
india,madhya pradesh,gwalior,"city center, gwalior - mppcb",2026-07-01 23:00:00.000000000,26.203442,78.193251,co,31.0,45.0,38.0,5,good,19.2,48.3,30.0,2026,7,1,23,wednesday,summer,882458.0,220.0,0,Evening,14.0,Moderate,Moderate,High
india,madhya pradesh,indore,"regional park, indore - imc",2026-07-01 23:00:00.000000000,22.678,75.8559,co,77.0,91.0,89.0,68,moderate,33.7,74.4,26.8,2026,7,1,23,wednesday,summer,1837041.0,550.0,0,Evening,14.0,Warm,High,High
india,madhya pradesh,indore,"chhoti gwaltoli, indore - mppcb",2026-07-01 23:00:00.000000000,22.431,75.5213,nh3,5.0,6.0,5.0,48,good,36.4,87.0,18.7,2026,7,1,23,wednesday,summer,1837041.0,550.0,0,Evening,1.0,Hot,High,Moderate
india,madhya pradesh,indore,"airport area, indore - imc",2026-07-01 23:00:00.000000000,22.7289,75.8076,pm2.5,10.0,61.0,38.0,32,good,18.2,54.7,13.7,2026,7,1,23,wednesday,summer,1837041.0,550.0,0,Evening,51.0,Moderate,Moderate,Moderate
india,karnataka,madikeri,"stuart hill, madikeri - kspcb",2026-07-01 23:00:00.000000000,12.415911,75.73505,pm2.5,3.0,18.0,10.0,43,good,36.8,74.3,26.6,2026,7,1,23,wednesday,summer,33540.0,1141.0,0,Evening,15.0,Hot,High,High
india,karnataka,madikeri,"stuart hill, madikeri - kspcb",2026-07-01 23:00:00.000000000,12.415911,75.73505,pm10,5.0,16.0,10.0,42,good,19.1,31.1,18.8,2026,7,1,23,wednesday,summer,33540.0,1141.0,0,Evening,11.0,Moderate,Low,Moderate
india,karnataka,madikeri,"stuart hill, madikeri - kspcb",2026-07-01 23:00:00.000000000,12.415911,75.73505,no2,6.0,11.5,8.5,342,hazardous,28.4,74.3,23.2,2026,7,1,23,wednesday,summer,33540.0,1141.0,0,Evening,5.5,Warm,High,High
india,karnataka,madikeri,"stuart hill, madikeri - kspcb",2026-07-01 23:00:00.000000000,12.415911,75.73505,so2,7.0,7.0,7.0,23,good,15.2,75.6,14.5,2026,7,1,23,wednesday,summer,33540.0,1141.0,0,Evening,0.0,Moderate,High,Moderate
india,karnataka,madikeri,"stuart hill, madikeri - kspcb",2026-07-01 23:00:00.000000000,12.415911,75.73505,co,12.0,20.0,14.0,37,good,28.3,52.6,12.9,2026,7,1,23,wednesday,summer,33540.0,1141.0,0,Evening,8.0,Warm,Moderate,Moderate
india,karnataka,mysuru,"hebbal 1st stage, mysuru - kspcb",2026-07-01 23:00:00.000000000,12.21041,76.37376,co,14.0,27.0,20.0,23,good,39.4,73.5,15.1,2026,7,1,23,wednesday,summer,868313.0,757.0,0,Evening,13.0,Hot,High,Moderate
india,maharashtra,dombivli,"kalu nagar, dombivli - mpcb",2026-07-01 23:00:00.000000000,19.2268427,73.0788456,no2,8.0,26.0,18.0,14,good,35.1,93.7,3.3,2026,7,1,23,wednesday,summer,1193000.0,11.0,0,Evening,18.0,Hot,High,Low
india,maharashtra,dombivli,"kalu nagar, dombivli - mpcb",2026-07-01 23:00:00.000000000,19.2268427,73.0788456,nh3,1.0,2.0,1.0,6,good,28.1,88.1,21.9,2026,7,1,23,wednesday,summer,1193000.0,11.0,0,Evening,1.0,Warm,High,High
india,maharashtra,dombivli,"kalu nagar, dombivli - mpcb",2026-07-01 23:00:00.000000000,19.2268427,73.0788456,so2,0.0,12.0,6.0,27,good,22.1,68.2,24.8,2026,7,1,23,wednesday,summer,1193000.0,11.0,0,Evening,12.0,Moderate,Moderate,High
india,maharashtra,hingoli,"ashta vinayak nagar, hingoli - mpcb",2026-07-01 23:00:00.000000000,19.710842,77.151824,pm2.5,5.0,18.0,9.0,25,good,33.4,39.7,2.7,2026,7,1,23,wednesday,summer,75878.0,458.0,0,Evening,13.0,Warm,Low,Low
india,maharashtra,hingoli,"ashta vinayak nagar, hingoli - mpcb",2026-07-01 23:00:00.000000000,19.710842,77.151824,so2,0.0,4.0,3.0,1,good,34.9,43.1,8.5,2026,7,1,23,wednesday,summer,75878.0,458.0,0,Evening,4.0,Warm,Moderate,Low
india,maharashtra,jalna,"old midc, jalna - mpcb",2026-07-01 23:00:00.000000000,19.854616,75.905894,pm2.5,9.0,54.0,27.0,26,good,17.5,87.6,5.0,2026,7,1,23,wednesday,summer,262034.0,504.0,0,Evening,45.0,Moderate,High,Low
india,maharashtra,jalna,"old midc, jalna - mpcb",2026-07-01 23:00:00.000000000,19.854616,75.905894,no2,15.0,25.0,20.0,38,good,22.8,47.6,5.3,2026,7,1,23,wednesday,summer,262034.0,504.0,0,Evening,10.0,Moderate,Moderate,Low
india,maharashtra,kalyan,"pimpleshwar mandir, kalyan - mpcb",2026-07-01 23:00:00.000000000,19.192056,72.9585188,pm10,44.0,55.0,48.0,10,good,31.2,48.1,18.3,2026,7,1,23,wednesday,summer,1262255.0,10.0,0,Evening,11.0,Warm,Moderate,Moderate
india,maharashtra,kalyan,"pimpleshwar mandir, kalyan - mpcb",2026-07-01 23:00:00.000000000,19.192056,72.9585188,so2,9.0,15.0,12.0,0,good,18.8,93.6,12.4,2026,7,1,23,wednesday,summer,1262255.0,10.0,0,Evening,6.0,Moderate,High,Moderate
india,maharashtra,kolhapur,"sinchan bhavan, kolhapur - mpcb",2026-07-01 23:00:00.000000000,16.7143745,74.2426398,pm2.5,7.0,20.0,12.0,2,good,29.5,38.9,2.2,2026,7,1,23,wednesday,summer,516142.0,559.0,0,Evening,13.0,Warm,Low,Low
india,maharashtra,kolhapur,"sinchan bhavan, kolhapur - mpcb",2026-07-01 23:00:00.000000000,16.7143745,74.2426398,nh3,2.0,4.0,2.0,38,good,33.9,80.5,10.0,2026,7,1,23,wednesday,summer,516142.0,559.0,0,Evening,2.0,Warm,High,Moderate
india,maharashtra,kolhapur,"sinchan bhavan, kolhapur - mpcb",2026-07-01 23:00:00.000000000,16.7143745,74.2426398,co,8.0,16.0,11.0,5,good,39.4,74.3,5.2,2026,7,1,23,wednesday,summer,516142.0,559.0,0,Evening,8.0,Hot,High,Low
india,maharashtra,kolhapur,"shivaji university, kolhapur - mpcb",2026-07-01 23:00:00.000000000,16.6870449,74.2505872,pm10,15.0,39.0,26.0,33,good,18.9,93.7,11.0,2026,7,1,23,wednesday,summer,516142.0,559.0,0,Evening,24.0,Moderate,High,Moderate
india,maharashtra,latur,"sawe wadi, latur - mpcb",2026-07-01 23:00:00.000000000,18.39963,76.57452,pm2.5,3.0,26.0,11.0,15,good,18.9,43.3,26.8,2026,7,1,23,wednesday,summer,348967.0,638.0,0,Evening,23.0,Moderate,Moderate,High
india,maharashtra,latur,"sawe wadi, latur - mpcb",2026-07-01 23:00:00.000000000,18.39963,76.57452,no2,4.0,20.0,11.0,19,good,21.1,86.2,15.8,2026,7,1,23,wednesday,summer,348967.0,638.0,0,Evening,16.0,Moderate,High,Moderate
india,maharashtra,latur,"sawe wadi, latur - mpcb",2026-07-01 23:00:00.000000000,18.39963,76.57452,co,11.0,23.0,16.0,22,good,22.8,50.6,12.8,2026,7,1,23,wednesday,summer,348967.0,638.0,0,Evening,12.0,Moderate,Moderate,Moderate
india,maharashtra,latur,"sawe wadi, latur - mpcb",2026-07-01 23:00:00.000000000,18.39963,76.57452,ozone,10.0,24.0,18.0,32,good,36.0,74.4,11.4,2026,7,1,23,wednesday,summer,348967.0,638.0,0,Evening,14.0,Hot,High,Moderate
india,maharashtra,mahad,"kamble tarf birwadi, mahad - mpcb",2026-07-01 23:00:00.000000000,18.1023399,73.4783687,pm2.5,33.0,59.0,43.0,14,good,31.8,50.7,29.2,2026,7,1,23,wednesday,summer,26665.0,11.0,0,Evening,26.0,Warm,Moderate,High
india,maharashtra,malegaon,"mahesh nagar, malegaon - mpcb",2026-07-01 23:00:00.000000000,20.555712,74.529236,pm10,40.0,83.0,57.0,89,moderate,37.2,44.5,5.3,2026,7,1,23,wednesday,summer,435362.0,432.0,0,Evening,43.0,Hot,Moderate,Low
india,maharashtra,mumbai,"ghatkopar, mumbai - bmc",2026-07-01 23:00:00.000000000,19.083694,72.920967,nh3,4.0,12.0,8.0,42,good,30.5,49.1,9.5,2026,7,1,23,wednesday,summer,12691836.0,8.0,0,Evening,8.0,Warm,Moderate,Low
india,maharashtra,mumbai,"ghatkopar, mumbai - bmc",2026-07-01 23:00:00.000000000,19.083694,72.920967,ozone,19.0,67.0,38.0,18,good,22.3,75.4,0.9,2026,7,1,23,wednesday,summer,12691836.0,8.0,0,Evening,48.0,Moderate,High,Low
india,maharashtra,mumbai,"kandivali west, mumbai - bmc",2026-07-01 23:00:00.000000000,19.215859,72.831718,pm10,33.0,55.0,42.0,31,good,34.1,85.2,14.3,2026,7,1,23,wednesday,summer,12691836.0,8.0,0,Evening,22.0,Warm,High,Moderate
india,maharashtra,mumbai,"kandivali west, mumbai - bmc",2026-07-01 23:00:00.000000000,19.215859,72.831718,nh3,1.0,2.0,1.0,41,good,18.7,74.6,16.5,2026,7,1,23,wednesday,summer,12691836.0,8.0,0,Evening,1.0,Moderate,High,Moderate
india,maharashtra,mumbai,"kandivali west, mumbai - bmc",2026-07-01 23:00:00.000000000,19.215859,72.831718,co,5.0,24.0,13.0,18,good,39.9,80.1,1.8,2026,7,1,23,wednesday,summer,12691836.0,8.0,0,Evening,19.0,Hot,High,Low
india,maharashtra,mumbai,"kurla, mumbai - mpcb",2026-07-01 23:00:00.000000000,19.0863,72.8888,pm10,3.5,13.0,7.5,495,hazardous,30.7,42.8,13.0,2026,7,1,23,wednesday,summer,12691836.0,8.0,0,Evening,9.5,Warm,Moderate,Moderate
india,maharashtra,mumbai,"kurla, mumbai - mpcb",2026-07-01 23:00:00.000000000,19.0863,72.8888,nh3,2.0,2.0,2.0,5,good,31.9,89.0,26.8,2026,7,1,23,wednesday,summer,12691836.0,8.0,0,Evening,0.0,Warm,High,High
india,maharashtra,mumbai,"kurla, mumbai - mpcb",2026-07-01 23:00:00.000000000,19.0863,72.8888,so2,29.0,29.0,29.0,26,good,24.7,57.9,14.4,2026,7,1,23,wednesday,summer,12691836.0,8.0,0,Evening,0.0,Moderate,Moderate,Moderate
india,maharashtra,mumbai,"worli, mumbai - mpcb",2026-07-01 23:00:00.000000000,18.9936162,72.8128113,pm2.5,7.0,37.0,21.0,44,good,39.2,73.9,21.2,2026,7,1,23,wednesday,summer,12691836.0,8.0,0,Evening,30.0,Hot,High,High
india,maharashtra,mumbai,"worli, mumbai - mpcb",2026-07-01 23:00:00.000000000,18.9936162,72.8128113,no2,1.0,39.0,10.0,23,good,32.9,57.7,19.5,2026,7,1,23,wednesday,summer,12691836.0,8.0,0,Evening,38.0,Warm,Moderate,Moderate
india,maharashtra,mumbai,"bandra kurla complex, mumbai - mpcb",2026-07-01 23:00:00.000000000,19.065931,72.862131,no2,9.0,31.0,16.0,20,good,23.8,38.2,8.6,2026,7,1,23,wednesday,summer,12691836.0,8.0,0,Evening,22.0,Moderate,Low,Low
india,maharashtra,mumbai,"bandra kurla complex, mumbai - mpcb",2026-07-01 23:00:00.000000000,19.065931,72.862131,ozone,16.0,16.0,16.0,41,good,24.3,65.0,12.4,2026,7,1,23,wednesday,summer,12691836.0,8.0,0,Evening,0.0,Moderate,Moderate,Moderate
india,maharashtra,mumbai,"navy nagar-colaba, mumbai - iitm",2026-07-01 23:00:00.000000000,18.897756,72.81332,pm10,19.0,46.0,36.0,20,good,33.9,71.0,13.8,2026,7,1,23,wednesday,summer,12691836.0,8.0,0,Evening,27.0,Warm,High,Moderate
india,madhya pradesh,singrauli,"suryakiran bhawan ncl, singrauli - mppcb",2026-07-01 23:00:00.000000000,24.10897,82.64558,ozone,13.0,31.0,17.0,37,good,25.3,48.9,29.3,2026,7,1,23,wednesday,summer,185580.0,383.0,0,Evening,18.0,Warm,Moderate,High
india,madhya pradesh,ujjain,"mahashweta nagar, ujjain - mppcb",2026-07-01 23:00:00.000000000,23.1633321,75.800225,ozone,61.0,74.0,68.0,67,moderate,32.6,81.6,16.7,2026,7,1,23,wednesday,summer,457346.0,494.0,0,Evening,13.0,Warm,High,Moderate
india,maharashtra,akola,"ramdaspeth, akola - mpcb",2026-07-01 23:00:00.000000000,20.719516,77.000253,pm2.5,29.0,112.0,51.0,99,moderate,31.8,45.6,26.3,2026,7,1,23,wednesday,summer,428857.0,285.0,0,Evening,83.0,Warm,Moderate,High
india,maharashtra,akola,"ramdaspeth, akola - mpcb",2026-07-01 23:00:00.000000000,20.719516,77.000253,so2,1.0,4.0,2.0,43,good,20.4,65.8,5.8,2026,7,1,23,wednesday,summer,428857.0,285.0,0,Evening,3.0,Moderate,Moderate,Low
india,maharashtra,amravati,"shivneri colony, amravati - mpcb",2026-07-01 23:00:00.000000000,20.9402359,77.7895248,no2,3.0,15.0,7.0,27,good,27.8,32.7,16.3,2026,7,1,23,wednesday,summer,603837.0,341.0,0,Evening,12.0,Warm,Low,Moderate
india,maharashtra,amravati,"shri shivaji science college, amravati - mpcb",2026-07-01 23:00:00.000000000,20.939198,77.765701,no2,3.0,25.0,7.0,48,good,34.5,93.1,17.2,2026,7,1,23,wednesday,summer,603837.0,341.0,0,Evening,22.0,Warm,High,Moderate
india,maharashtra,amravati,"shri shivaji science college, amravati - mpcb",2026-07-01 23:00:00.000000000,20.939198,77.765701,nh3,2.0,7.0,4.0,12,good,24.7,43.1,20.1,2026,7,1,23,wednesday,summer,603837.0,341.0,0,Evening,5.0,Moderate,Moderate,High
india,maharashtra,amravati,"shri shivaji science college, amravati - mpcb",2026-07-01 23:00:00.000000000,20.939198,77.765701,so2,0.0,3.0,1.0,40,good,19.4,95.0,23.2,2026,7,1,23,wednesday,summer,603837.0,341.0,0,Evening,3.0,Moderate,High,High
india,maharashtra,aurangabad,"rachnakar colony, aurangabad - mpcb",2026-07-01 23:00:00.000000000,19.863756,75.321188,pm10,16.0,44.0,28.0,48,good,33.7,50.0,27.0,2026,7,1,23,wednesday,summer,1016441.0,588.0,0,Evening,28.0,Warm,Moderate,High
india,maharashtra,aurangabad,"rachnakar colony, aurangabad - mpcb",2026-07-01 23:00:00.000000000,19.863756,75.321188,no2,8.0,40.0,18.0,39,good,30.1,64.4,17.9,2026,7,1,23,wednesday,summer,1016441.0,588.0,0,Evening,32.0,Warm,Moderate,Moderate
india,maharashtra,aurangabad,"rachnakar colony, aurangabad - mpcb",2026-07-01 23:00:00.000000000,19.863756,75.321188,so2,6.0,9.0,7.0,5,good,34.0,83.6,26.6,2026,7,1,23,wednesday,summer,1016441.0,588.0,0,Evening,3.0,Warm,High,High
india,maharashtra,aurangabad,"more chowk waluj, aurangabad - mpcb",2026-07-01 23:00:00.000000000,19.8389439,75.244448,no2,8.0,12.0,10.0,41,good,20.4,90.1,29.9,2026,7,1,23,wednesday,summer,1016441.0,588.0,0,Evening,4.0,Moderate,High,High
india,maharashtra,aurangabad,"midc chilkalthana, aurangabad - mpcb",2026-07-01 23:00:00.000000000,19.87562,75.38731,pm2.5,8.0,23.5,14.0,329,hazardous,20.5,46.6,9.0,2026,7,1,23,wednesday,summer,1016441.0,588.0,0,Evening,15.5,Moderate,Moderate,Low
india,madhya pradesh,jabalpur,"suhagi, jabalpur - jmc",2026-07-01 23:00:00.000000000,23.218135,79.95777,pm2.5,8.0,35.0,18.0,15,good,36.8,83.0,3.1,2026,7,1,23,wednesday,summer,1030168.0,416.0,0,Evening,27.0,Hot,High,Low
india,madhya pradesh,katni,"gole bazar, katni - mppcb",2026-07-01 23:00:00.000000000,23.50016,80.23284,no2,10.0,22.0,14.0,49,good,27.4,92.1,19.3,2026,7,1,23,wednesday,summer,195856.0,384.0,0,Evening,12.0,Warm,High,Moderate
india,madhya pradesh,katni,"gole bazar, katni - mppcb",2026-07-01 23:00:00.000000000,23.50016,80.23284,so2,15.0,56.0,38.0,44,good,15.2,84.2,15.1,2026,7,1,23,wednesday,summer,195856.0,384.0,0,Evening,41.0,Moderate,High,Moderate
india,madhya pradesh,katni,"gole bazar, katni - mppcb",2026-07-01 23:00:00.000000000,23.50016,80.23284,ozone,26.0,39.0,31.0,6,good,24.7,93.0,8.1,2026,7,1,23,wednesday,summer,195856.0,384.0,0,Evening,13.0,Moderate,High,Low
india,madhya pradesh,mandideep,"sector-d industrial area, mandideep - mppcb",2026-07-01 23:00:00.000000000,23.10844,77.511428,no2,24.0,52.0,35.0,20,good,34.6,84.7,4.1,2026,7,1,23,wednesday,summer,39898.0,443.0,0,Evening,28.0,Warm,High,Low
india,madhya pradesh,mandideep,"sector-d industrial area, mandideep - mppcb",2026-07-01 23:00:00.000000000,23.10844,77.511428,co,22.0,30.0,26.0,7,good,35.4,92.6,14.0,2026,7,1,23,wednesday,summer,39898.0,443.0,0,Evening,8.0,Hot,High,Moderate
india,madhya pradesh,pithampur,"sector-2 industrial area, pithampur - mppcb",2026-07-01 23:00:00.000000000,22.624758,75.675238,pm10,5.0,58.0,28.0,6,good,17.4,68.1,16.2,2026,7,1,23,wednesday,summer,68051.0,595.0,0,Evening,53.0,Moderate,Moderate,Moderate
india,madhya pradesh,pithampur,"sector-2 industrial area, pithampur - mppcb",2026-07-01 23:00:00.000000000,22.624758,75.675238,ozone,56.0,68.0,62.0,93,moderate,17.7,44.8,6.0,2026,7,1,23,wednesday,summer,68051.0,595.0,0,Evening,12.0,Moderate,Moderate,Low
india,madhya pradesh,ratlam,"shasthri nagar, ratlam - ipca lab",2026-07-01 23:00:00.000000000,23.331731,75.045981,pm10,46.0,54.5,49.5,322,hazardous,24.4,47.5,7.2,2026,7,1,23,wednesday,summer,236843.0,486.0,0,Evening,8.5,Moderate,Moderate,Low
india,madhya pradesh,ratlam,"shasthri nagar, ratlam - ipca lab",2026-07-01 23:00:00.000000000,23.331731,75.045981,no2,36.0,41.0,37.0,43,good,19.1,84.3,28.6,2026,7,1,23,wednesday,summer,236843.0,486.0,0,Evening,5.0,Moderate,High,High
india,madhya pradesh,ratlam,"shasthri nagar, ratlam - ipca lab",2026-07-01 23:00:00.000000000,23.331731,75.045981,so2,14.0,17.0,16.0,22,good,21.2,46.2,24.8,2026,7,1,23,wednesday,summer,236843.0,486.0,0,Evening,3.0,Moderate,Moderate,High
india,madhya pradesh,ratlam,"shasthri nagar, ratlam - ipca lab",2026-07-01 23:00:00.000000000,23.331731,75.045981,co,8.0,28.0,17.5,490,hazardous,26.0,74.8,3.9,2026,7,1,23,wednesday,summer,236843.0,486.0,0,Evening,20.0,Warm,High,Low
india,madhya pradesh,sagar,"civil lines, sagar - mppcb",2026-07-01 23:00:00.000000000,23.838586,78.759431,pm2.5,2.0,39.0,19.0,45,good,30.9,72.8,12.5,2026,7,1,23,wednesday,summer,53150.0,592.0,0,Evening,37.0,Warm,High,Moderate
india,madhya pradesh,satna,"bandhavgar colony, satna - birla cement",2026-07-01 23:00:00.000000000,24.58434363,80.8549414,pm10,70.0,71.0,70.0,100,moderate,27.9,34.9,25.9,2026,7,1,23,wednesday,summer,257778.0,324.0,0,Evening,1.0,Warm,Low,High
india,maharashtra,mumbai,"chhatrapati shivaji intl. airport (t2), mumbai - mpcb",2026-07-01 23:00:00.000000000,19.10078,72.87462,no2,26.0,26.0,26.0,50,good,36.7,42.1,22.2,2026,7,1,23,wednesday,summer,12691836.0,8.0,0,Evening,0.0,Hot,Moderate,High
india,maharashtra,mumbai,"mazgaon, mumbai - iitm",2026-07-01 23:00:00.000000000,18.96702,72.84214,pm2.5,15.0,35.0,26.0,39,good,18.1,41.4,19.9,2026,7,1,23,wednesday,summer,12691836.0,8.0,0,Evening,20.0,Moderate,Moderate,Moderate
india,maharashtra,mumbai,"mazgaon, mumbai - iitm",2026-07-01 23:00:00.000000000,18.96702,72.84214,pm10,18.0,45.0,32.0,15,good,21.1,91.6,24.2,2026,7,1,23,wednesday,summer,12691836.0,8.0,0,Evening,27.0,Moderate,High,High
india,maharashtra,mumbai,"mazgaon, mumbai - iitm",2026-07-01 23:00:00.000000000,18.96702,72.84214,no2,15.0,37.2,26.6,301,hazardous,24.8,76.7,23.5,2026,7,1,23,wednesday,summer,12691836.0,8.0,0,Evening,22.200000000000003,Moderate,High,High
india,maharashtra,mumbai,"mazgaon, mumbai - iitm",2026-07-01 23:00:00.000000000,18.96702,72.84214,nh3,12.0,29.4,21.2,353,hazardous,22.6,59.9,23.0,2026,7,1,23,wednesday,summer,12691836.0,8.0,0,Evening,17.4,Moderate,Moderate,High
india,maharashtra,mumbai,"powai, mumbai - mpcb",2026-07-01 23:00:00.000000000,19.1375,72.915056,nh3,9.0,21.6,15.799999999999995,306,hazardous,22.1,81.8,12.0,2026,7,1,23,wednesday,summer,12691836.0,8.0,0,Evening,12.600000000000001,Moderate,High,Moderate
india,maharashtra,mumbai,"powai, mumbai - mpcb",2026-07-01 23:00:00.000000000,19.1375,72.915056,co,6.0,13.8,10.4,307,hazardous,38.1,76.9,9.7,2026,7,1,23,wednesday,summer,12691836.0,8.0,0,Evening,7.800000000000001,Hot,High,Low
india,maharashtra,mumbai,"shivaji nagar, mumbai - bmc",2026-07-01 23:00:00.000000000,19.060498,72.923356,nh3,3.0,6.0,5.0,16,good,31.6,48.3,24.3,2026,7,1,23,wednesday,summer,12691836.0,8.0,0,Evening,3.0,Warm,Moderate,High
india,maharashtra,mumbai,"shivaji nagar, mumbai - bmc",2026-07-01 23:00:00.000000000,19.060498,72.923356,co,17.0,41.0,26.0,42,good,26.3,61.8,3.8,2026,7,1,23,wednesday,summer,12691836.0,8.0,0,Evening,24.0,Warm,Moderate,Low
india,maharashtra,mumbai,"chakala-andheri east, mumbai - iitm",2026-07-01 23:00:00.000000000,19.11074,72.86084,ozone,2.0,20.0,13.0,5,good,21.2,85.4,6.1,2026,7,1,23,wednesday,summer,12691836.0,8.0,0,Evening,18.0,Moderate,High,Low
india,maharashtra,nagpur,"ram nagar, nagpur - mpcb",2026-07-01 23:00:00.000000000,21.143383,79.048912,pm10,17.0,59.0,33.0,7,good,38.7,83.8,12.3,2026,7,1,23,wednesday,summer,2228018.0,319.0,0,Evening,42.0,Hot,High,Moderate
india,maharashtra,nagpur,"ram nagar, nagpur - mpcb",2026-07-01 23:00:00.000000000,21.143383,79.048912,nh3,5.0,8.0,6.0,16,good,31.2,78.7,3.7,2026,7,1,23,wednesday,summer,2228018.0,319.0,0,Evening,3.0,Warm,High,Low
india,maharashtra,nagpur,"ram nagar, nagpur - mpcb",2026-07-01 23:00:00.000000000,21.143383,79.048912,so2,0.0,6.0,2.0,28,good,36.1,83.7,26.0,2026,7,1,23,wednesday,summer,2228018.0,319.0,0,Evening,6.0,Hot,High,High
india,maharashtra,nagpur,"mahal, nagpur - mpcb",2026-07-01 23:00:00.000000000,21.14472,79.107595,pm10,16.0,57.0,38.0,26,good,16.3,40.2,19.7,2026,7,1,23,wednesday,summer,2228018.0,319.0,0,Evening,41.0,Moderate,Moderate,Moderate
india,maharashtra,nagpur,"mahal, nagpur - mpcb",2026-07-01 23:00:00.000000000,21.14472,79.107595,ozone,14.0,19.0,17.0,10,good,34.3,87.2,13.2,2026,7,1,23,wednesday,summer,2228018.0,319.0,0,Evening,5.0,Warm,High,Moderate
india,maharashtra,mumbai,"navy nagar-colaba, mumbai - iitm",2026-07-01 23:00:00.000000000,18.897756,72.81332,co,20.0,27.0,24.0,2,good,30.0,41.1,2.9,2026,7,1,23,wednesday,summer,12691836.0,8.0,0,Evening,7.0,Warm,Moderate,Low
india,maharashtra,mumbai,"khindipada-bhandup west, mumbai - iitm",2026-07-01 23:00:00.000000000,19.1653323,72.922099,co,22.0,28.0,24.0,8,good,26.5,83.0,25.9,2026,7,1,23,wednesday,summer,12691836.0,8.0,0,Evening,6.0,Warm,High,High
india,maharashtra,mumbai,"chembur, mumbai - mpcb",2026-07-01 23:00:00.000000000,19.0364585,72.8954371,pm2.5,7.0,21.0,14.0,15,good,15.6,43.3,23.6,2026,7,1,23,wednesday,summer,12691836.0,8.0,0,Evening,14.0,Moderate,Moderate,High
india,maharashtra,mumbai,"chembur, mumbai - mpcb",2026-07-01 23:00:00.000000000,19.0364585,72.8954371,no2,4.0,34.0,15.0,21,good,34.1,39.6,16.9,2026,7,1,23,wednesday,summer,12691836.0,8.0,0,Evening,30.0,Warm,Low,Moderate
india,maharashtra,mumbai,"chembur, mumbai - mpcb",2026-07-01 23:00:00.000000000,19.0364585,72.8954371,nh3,7.0,33.5,18.5,301,hazardous,27.0,45.1,10.9,2026,7,1,23,wednesday,summer,12691836.0,8.0,0,Evening,26.5,Warm,Moderate,Moderate
india,maharashtra,mumbai,"kherwadi_bandra east, mumbai - mpcb",2026-07-01 23:00:00.000000000,19.0632143,72.8456324,pm10,10.0,33.0,22.0,49,good,18.6,67.4,13.4,2026,7,1,23,wednesday,summer,12691836.0,8.0,0,Evening,23.0,Moderate,Moderate,Moderate
india,maharashtra,mumbai,"byculla, mumbai - bmc",2026-07-01 23:00:00.000000000,18.9767,72.838,co,2.0,9.0,6.0,22,good,19.9,30.4,13.9,2026,7,1,23,wednesday,summer,12691836.0,8.0,0,Evening,7.0,Moderate,Low,Moderate
india,maharashtra,mumbai,"borivali east, mumbai - iitm",2026-07-01 23:00:00.000000000,19.23241,72.86895,pm2.5,11.0,36.0,20.0,33,good,36.2,57.6,23.5,2026,7,1,23,wednesday,summer,12691836.0,8.0,0,Evening,25.0,Hot,Moderate,High
india,maharashtra,mumbai,"borivali east, mumbai - iitm",2026-07-01 23:00:00.000000000,19.23241,72.86895,ozone,19.0,20.0,20.0,5,good,35.9,76.6,29.0,2026,7,1,23,wednesday,summer,12691836.0,8.0,0,Evening,1.0,Hot,High,High
india,maharashtra,mumbai,"mindspace-malad west, mumbai - mpcb",2026-07-01 23:00:00.000000000,19.1878657,72.8304069,pm2.5,16.0,17.0,16.0,24,good,18.1,46.8,18.4,2026,7,1,23,wednesday,summer,12691836.0,8.0,0,Evening,1.0,Moderate,Moderate,Moderate
india,maharashtra,mumbai,"mindspace-malad west, mumbai - mpcb",2026-07-01 23:00:00.000000000,19.1878657,72.8304069,ozone,56.0,56.0,56.0,79,moderate,35.6,81.9,7.6,2026,7,1,23,wednesday,summer,12691836.0,8.0,0,Evening,0.0,Hot,High,Low
india,maharashtra,mumbai,"bandra kurla complex, mumbai - iitm",2026-07-01 23:00:00.000000000,19.053536,72.84643,pm2.5,5.0,37.0,19.0,32,good,34.1,38.6,1.1,2026,7,1,23,wednesday,summer,12691836.0,8.0,0,Evening,32.0,Warm,Low,Low
india,maharashtra,mumbai,"bandra kurla complex, mumbai - iitm",2026-07-01 23:00:00.000000000,19.053536,72.84643,ozone,10.0,14.0,12.0,40,good,37.7,39.0,27.8,2026,7,1,23,wednesday,summer,12691836.0,8.0,0,Evening,4.0,Hot,Low,High
india,maharashtra,badlapur,"katrap, badlapur - mpcb",2026-07-01 23:00:00.000000000,19.16485,73.23409,pm2.5,19.0,38.0,29.0,17,good,35.2,33.9,7.5,2026,7,1,23,wednesday,summer,104636.0,24.0,0,Evening,19.0,Hot,Low,Low
india,maharashtra,beed,"bir, beed - mpcb",2026-07-01 23:00:00.000000000,18.988474,75.753873,nh3,3.0,4.0,4.0,11,good,31.6,63.8,11.1,2026,7,1,23,wednesday,summer,24588.0,512.0,0,Evening,1.0,Warm,Moderate,Moderate
india,maharashtra,bhiwandi,"gokul nagar, bhiwandi - mpcb",2026-07-01 23:00:00.000000000,19.309073,73.057223,pm2.5,26.0,42.0,33.0,15,good,21.9,81.1,28.5,2026,7,1,23,wednesday,summer,707035.0,9.0,0,Evening,16.0,Moderate,High,High
india,maharashtra,boisar,"khaira, boisar - mpcb",2026-07-01 23:00:00.000000000,19.786089,72.757971,no2,11.0,26.0,17.0,33,good,27.2,77.8,9.6,2026,7,1,23,wednesday,summer,15692.0,16.0,0,Evening,15.0,Warm,High,Low
india,maharashtra,boisar,"khaira, boisar - mpcb",2026-07-01 23:00:00.000000000,19.786089,72.757971,so2,14.0,17.0,16.0,50,good,21.7,89.5,7.4,2026,7,1,23,wednesday,summer,15692.0,16.0,0,Evening,3.0,Moderate,High,Low
india,maharashtra,chandrapur,"midc khutala, chandrapur - mpcb",2026-07-01 23:00:00.000000000,19.9775302,79.2337086,pm10,14.0,96.0,41.0,26,good,16.0,46.3,24.2,2026,7,1,23,wednesday,summer,328351.0,186.0,0,Evening,82.0,Moderate,Moderate,High
india,maharashtra,chandrapur,"midc khutala, chandrapur - mpcb",2026-07-01 23:00:00.000000000,19.9775302,79.2337086,no2,13.0,15.0,15.0,31,good,18.7,59.2,1.7,2026,7,1,23,wednesday,summer,328351.0,186.0,0,Evening,2.0,Moderate,Moderate,Low
india,maharashtra,chandrapur,"midc khutala, chandrapur - mpcb",2026-07-01 23:00:00.000000000,19.9775302,79.2337086,co,38.0,40.0,39.0,27,good,28.5,62.2,11.4,2026,7,1,23,wednesday,summer,328351.0,186.0,0,Evening,2.0,Warm,Moderate,Moderate
india,maharashtra,dombivli,"kalu nagar, dombivli - mpcb",2026-07-01 23:00:00.000000000,19.2268427,73.0788456,pm2.5,31.5,50.5,38.0,390,hazardous,15.7,60.0,17.5,2026,7,1,23,wednesday,summer,1193000.0,11.0,0,Evening,19.0,Moderate,Moderate,Moderate
india,maharashtra,nagpur,"ambazari, nagpur - mpcb",2026-07-01 23:00:00.000000000,21.121801,79.04952,pm10,25.0,61.0,37.0,46,good,16.7,60.8,6.0,2026,7,1,23,wednesday,summer,2228018.0,319.0,0,Evening,36.0,Moderate,Moderate,Low
india,maharashtra,nagpur,"ambazari, nagpur - mpcb",2026-07-01 23:00:00.000000000,21.121801,79.04952,so2,8.0,11.0,9.0,34,good,15.3,46.7,9.9,2026,7,1,23,wednesday,summer,2228018.0,319.0,0,Evening,3.0,Moderate,Moderate,Low
india,maharashtra,nagpur,"ambazari, nagpur - mpcb",2026-07-01 23:00:00.000000000,21.121801,79.04952,ozone,8.0,23.0,16.0,32,good,21.2,71.1,17.8,2026,7,1,23,wednesday,summer,2228018.0,319.0,0,Evening,15.0,Moderate,High,Moderate
india,maharashtra,nanded,"sneh nagar, nanded - mpcb",2026-07-01 23:00:00.000000000,19.173852,77.296291,ozone,16.0,24.0,21.0,3,good,38.1,51.8,23.6,2026,7,1,23,wednesday,summer,550564.0,363.0,0,Evening,8.0,Hot,Moderate,High
india,maharashtra,nashik,"pandav nagari, nashik - mpcb",2026-07-01 23:00:00.000000000,19.9591346,73.7788008,no2,3.0,6.0,4.0,17,good,39.5,44.7,20.4,2026,7,1,23,wednesday,summer,1289497.0,584.0,0,Evening,3.0,Hot,Moderate,High
india,maharashtra,nashik,"pandav nagari, nashik - mpcb",2026-07-01 23:00:00.000000000,19.9591346,73.7788008,so2,0.0,4.0,1.0,40,good,29.6,94.1,9.8,2026,7,1,23,wednesday,summer,1289497.0,584.0,0,Evening,4.0,Warm,High,Low
india,maharashtra,navi mumbai,"nerul, navi mumbai - mpcb",2026-07-01 23:00:00.000000000,19.008751,73.01662,co,101.0,101.0,101.0,128,unhealthy for sensitive groups,17.8,48.6,5.7,2026,7,1,23,wednesday,summer,2600000.0,14.0,0,Evening,0.0,Moderate,Moderate,Low
india,maharashtra,navi mumbai,"nerul, navi mumbai - mpcb",2026-07-01 23:00:00.000000000,19.008751,73.01662,ozone,56.5,59.5,58.0,434,hazardous,32.8,34.3,18.9,2026,7,1,23,wednesday,summer,2600000.0,14.0,0,Evening,3.0,Warm,Low,Moderate
india,maharashtra,navi mumbai,"sector-2e kalamboli, navi mumbai - mpcb",2026-07-01 23:00:00.000000000,19.02579,73.10297,co,12.0,18.0,15.0,0,good,22.2,82.2,22.3,2026,7,1,23,wednesday,summer,2600000.0,14.0,0,Evening,6.0,Moderate,High,High
india,madhya pradesh,indore,"maguda nagar, indore - imc",2026-07-01 23:00:00.000000000,22.7524,75.8872,no2,2.0,3.0,3.0,9,good,24.9,38.0,6.7,2026,7,1,23,wednesday,summer,1837041.0,550.0,0,Evening,1.0,Moderate,Low,Low
india,madhya pradesh,indore,"maguda nagar, indore - imc",2026-07-01 23:00:00.000000000,22.7524,75.8872,co,21.0,27.0,24.0,36,good,38.8,52.8,6.1,2026,7,1,23,wednesday,summer,1837041.0,550.0,0,Evening,6.0,Hot,Moderate,Low
india,madhya pradesh,indore,"residency area, indore - imc",2026-07-01 23:00:00.000000000,22.7084,75.8815,pm2.5,11.0,34.0,24.0,9,good,16.2,82.3,18.1,2026,7,1,23,wednesday,summer,1837041.0,550.0,0,Evening,23.0,Moderate,High,Moderate
india,madhya pradesh,indore,"residency area, indore - imc",2026-07-01 23:00:00.000000000,22.7084,75.8815,pm10,7.0,41.0,25.0,5,good,19.7,69.1,28.6,2026,7,1,23,wednesday,summer,1837041.0,550.0,0,Evening,34.0,Moderate,Moderate,High
india,madhya pradesh,indore,"residency area, indore - imc",2026-07-01 23:00:00.000000000,22.7084,75.8815,ozone,6.0,10.0,8.0,22,good,17.5,48.4,6.6,2026,7,1,23,wednesday,summer,1837041.0,550.0,0,Evening,4.0,Moderate,Moderate,Low
india,madhya pradesh,jabalpur,"gupteshwar, jabalpur - jmc",2026-07-01 23:00:00.000000000,23.142888,79.916147,no2,20.0,37.0,28.0,32,good,17.2,79.9,10.7,2026,7,1,23,wednesday,summer,1030168.0,416.0,0,Evening,17.0,Moderate,High,Moderate
india,odisha,bhubaneswar,"patia, bhubaneswar - ospcb",2026-07-01 23:00:00.000000000,20.34652,85.8163,no2,7.0,10.0,8.0,20,good,30.1,69.6,1.4,2026,7,1,23,wednesday,summer,762243.0,62.0,0,Evening,3.0,Warm,Moderate,Low
india,odisha,bhubaneswar,"patia, bhubaneswar - ospcb",2026-07-01 23:00:00.000000000,20.34652,85.8163,co,46.0,54.0,50.0,35,good,35.0,57.4,25.5,2026,7,1,23,wednesday,summer,762243.0,62.0,0,Evening,8.0,Hot,Moderate,High
india,odisha,bhubaneswar,"lingraj mandir, bhubaneswar - ospcb",2026-07-01 23:00:00.000000000,20.24079,85.836784,nh3,6.0,24.0,7.0,41,good,38.6,48.4,2.8,2026,7,1,23,wednesday,summer,762243.0,62.0,0,Evening,18.0,Hot,Moderate,Low
india,odisha,brajrajnagar,"gm office, brajrajnagar - ospcb",2026-07-01 23:00:00.000000000,21.8004996,83.8396977,pm10,11.0,66.0,35.0,36,good,35.9,35.9,7.3,2026,7,1,23,wednesday,summer,79421.0,219.0,0,Evening,55.0,Hot,Low,Low
india,odisha,brajrajnagar,"gm office, brajrajnagar - ospcb",2026-07-01 23:00:00.000000000,21.8004996,83.8396977,so2,23.0,25.0,24.0,27,good,35.4,70.3,20.8,2026,7,1,23,wednesday,summer,79421.0,219.0,0,Evening,2.0,Hot,High,High
india,odisha,brajrajnagar,"gm office, brajrajnagar - ospcb",2026-07-01 23:00:00.000000000,21.8004996,83.8396977,co,26.0,33.0,29.0,7,good,32.4,72.2,25.0,2026,7,1,23,wednesday,summer,79421.0,219.0,0,Evening,7.0,Warm,High,High
india,odisha,rairangpur,"divisional forest office, rairangpur - ospcb",2026-07-01 23:00:00.000000000,22.265816,86.174829,no2,6.0,7.0,6.0,20,good,31.4,74.5,26.1,2026,7,1,23,wednesday,summer,23072.0,268.0,0,Evening,1.0,Warm,High,High
india,odisha,rourkela,"fertilizer township, rourkela - ospcb",2026-07-01 23:00:00.000000000,22.18972222,84.86277778,nh3,24.5,49.5,37.5,340,hazardous,38.0,61.7,23.4,2026,7,1,23,wednesday,summer,536450.0,195.0,0,Evening,25.0,Hot,Moderate,High
india,odisha,rourkela,"raghunathpali, rourkela - ospcb",2026-07-01 23:00:00.000000000,22.220833,84.809444,pm10,43.0,92.0,69.0,91,moderate,26.9,82.8,4.3,2026,7,1,23,wednesday,summer,536450.0,195.0,0,Evening,49.0,Warm,High,Low
india,rajasthan,churu,"subash chowk, churu - rspcb",2026-07-01 23:00:00.000000000,28.296139,74.961696,nh3,5.0,6.0,6.0,37,good,23.1,71.5,2.9,2026,7,1,23,wednesday,summer,103533.0,291.0,0,Evening,1.0,Moderate,High,Low
india,rajasthan,dausa,"khatikan mohalla, dausa - rspcb",2026-07-01 23:00:00.000000000,26.895552,76.334753,pm2.5,27.0,68.0,47.0,42,good,37.9,66.3,28.2,2026,7,1,23,wednesday,summer,73034.0,353.0,0,Evening,41.0,Hot,Moderate,High
india,rajasthan,dausa,"khatikan mohalla, dausa - rspcb",2026-07-01 23:00:00.000000000,26.895552,76.334753,nh3,8.0,12.0,11.0,3,good,22.8,31.8,27.1,2026,7,1,23,wednesday,summer,73034.0,353.0,0,Evening,4.0,Moderate,Low,High
india,rajasthan,dausa,"khatikan mohalla, dausa - rspcb",2026-07-01 23:00:00.000000000,26.895552,76.334753,ozone,10.0,38.0,21.0,41,good,35.1,54.4,0.9,2026,7,1,23,wednesday,summer,73034.0,353.0,0,Evening,28.0,Hot,Moderate,Low
india,rajasthan,dholpur,"raja ganj, dholpur - rspcb",2026-07-01 23:00:00.000000000,26.699557,77.898881,no2,3.0,15.0,10.0,9,good,37.2,69.8,17.9,2026,7,1,23,wednesday,summer,102462.0,173.0,0,Evening,12.0,Hot,Moderate,Moderate
india,rajasthan,dholpur,"raja ganj, dholpur - rspcb",2026-07-01 23:00:00.000000000,26.699557,77.898881,co,31.0,39.0,35.0,44,good,21.9,75.2,22.5,2026,7,1,23,wednesday,summer,102462.0,173.0,0,Evening,8.0,Moderate,High,High
india,rajasthan,dholpur,"raja ganj, dholpur - rspcb",2026-07-01 23:00:00.000000000,26.699557,77.898881,ozone,21.0,36.0,29.0,45,good,34.1,87.4,6.2,2026,7,1,23,wednesday,summer,102462.0,173.0,0,Evening,15.0,Warm,High,Low
india,rajasthan,hanumangarh,"housing board, hanumangarh - rspcb",2026-07-01 23:00:00.000000000,29.61075,74.283608,ozone,8.0,33.0,19.0,40,good,17.1,66.9,6.7,2026,7,1,23,wednesday,summer,155687.0,184.0,0,Evening,25.0,Moderate,Moderate,Low
india,rajasthan,jaipur,"shastri nagar, jaipur - rspcb",2026-07-01 23:00:00.000000000,26.9502929,75.730943,pm2.5,42.0,87.0,72.0,73,moderate,30.5,51.2,5.8,2026,7,1,23,wednesday,summer,2711758.0,435.0,0,Evening,45.0,Warm,Moderate,Low
india,rajasthan,jaipur,"sector-2 murlipura, jaipur - rspcb",2026-07-01 23:00:00.000000000,26.960669,75.771817,nh3,1.0,5.0,3.0,32,good,17.7,64.2,1.2,2026,7,1,23,wednesday,summer,2711758.0,435.0,0,Evening,4.0,Moderate,Moderate,Low
india,rajasthan,jaipur,"sector-2 murlipura, jaipur - rspcb",2026-07-01 23:00:00.000000000,26.960669,75.771817,co,2.0,47.0,25.0,34,good,38.6,32.8,20.5,2026,7,1,23,wednesday,summer,2711758.0,435.0,0,Evening,45.0,Hot,Low,High
india,rajasthan,jaipur,"police commissionerate, jaipur - rspcb",2026-07-01 23:00:00.000000000,26.9164092,75.7994901,no2,5.0,64.0,28.0,25,good,31.8,55.3,23.7,2026,7,1,23,wednesday,summer,2711758.0,435.0,0,Evening,59.0,Warm,Moderate,High
india,rajasthan,jaipur,"adarsh nagar, jaipur - rspcb",2026-07-01 23:00:00.000000000,26.902909,75.836858,so2,0.0,54.0,29.0,10,good,39.6,34.2,19.3,2026,7,1,23,wednesday,summer,2711758.0,435.0,0,Evening,54.0,Hot,Low,Moderate
india,rajasthan,jaipur,"riico sitapura, jaipur - rspcb",2026-07-01 23:00:00.000000000,26.786682,75.827928,pm10,32.0,124.0,69.0,99,moderate,25.9,49.0,9.7,2026,7,1,23,wednesday,summer,2711758.0,435.0,0,Evening,92.0,Warm,Moderate,Low
india,odisha,talcher,"talcher coalfields,talcher - ospcb",2026-07-01 23:00:00.000000000,20.9360711,85.1707021,so2,29.0,51.0,36.0,46,good,36.3,75.7,18.9,2026,7,1,23,wednesday,summer,38436.0,80.0,0,Evening,22.0,Hot,High,Moderate
india,puducherry,puducherry,"jawahar nagar, puducherry - ppcc",2026-07-01 23:00:00.000000000,11.9309,79.8027,pm2.5,8.0,35.0,18.0,6,good,24.9,31.9,14.1,2026,7,1,23,wednesday,summer,227411.0,11.0,0,Evening,27.0,Moderate,Low,Moderate
india,punjab,amritsar,"golden temple, amritsar - ppcb",2026-07-01 23:00:00.000000000,31.62,74.876512,nh3,7.0,12.0,8.0,47,good,36.4,38.0,23.8,2026,7,1,23,wednesday,summer,1092450.0,244.0,0,Evening,5.0,Hot,Low,High
india,punjab,amritsar,"golden temple, amritsar - ppcb",2026-07-01 23:00:00.000000000,31.62,74.876512,co,22.0,25.0,24.0,28,good,28.6,87.9,27.5,2026,7,1,23,wednesday,summer,1092450.0,244.0,0,Evening,3.0,Warm,High,High
india,punjab,amritsar,"golden temple, amritsar - ppcb",2026-07-01 23:00:00.000000000,31.62,74.876512,ozone,24.0,24.0,24.0,1,good,18.7,63.3,4.7,2026,7,1,23,wednesday,summer,1092450.0,244.0,0,Evening,0.0,Moderate,Moderate,Low
india,punjab,bathinda,"hardev nagar, bathinda - ppcb",2026-07-01 23:00:00.000000000,30.233011,74.907758,no2,33.5,35.0,34.0,464,hazardous,23.9,69.7,6.4,2026,7,1,23,wednesday,summer,242800.0,216.0,0,Evening,1.5,Moderate,Moderate,Low
india,punjab,khanna,"kalal majra, khanna - ppcb",2026-07-01 23:00:00.000000000,30.736056,76.209694,pm2.5,43.0,46.0,44.0,28,good,16.5,84.0,11.2,2026,7,1,23,wednesday,summer,117137.0,269.0,0,Evening,3.0,Moderate,High,Moderate
india,punjab,khanna,"kalal majra, khanna - ppcb",2026-07-01 23:00:00.000000000,30.736056,76.209694,ozone,30.0,40.0,34.0,49,good,38.4,32.5,23.3,2026,7,1,23,wednesday,summer,117137.0,269.0,0,Evening,10.0,Hot,Low,High
india,punjab,ludhiana,"punjab agricultural university, ludhiana - ppcb",2026-07-01 23:00:00.000000000,30.9028,75.8086,ozone,36.0,73.0,61.0,70,moderate,15.6,47.2,3.6,2026,7,1,23,wednesday,summer,1545368.0,256.0,0,Evening,37.0,Moderate,Moderate,Low
india,maharashtra,navi mumbai,"sector-2e kalamboli, navi mumbai - mpcb",2026-07-01 23:00:00.000000000,19.02579,73.10297,ozone,4.0,19.0,10.0,45,good,35.2,49.1,14.6,2026,7,1,23,wednesday,summer,2600000.0,14.0,0,Evening,15.0,Hot,Moderate,Moderate
india,maharashtra,navi mumbai,"tondare-taloja, navi mumbai - mpcb",2026-07-01 23:00:00.000000000,19.063,73.1209,no2,5.0,12.0,6.0,39,good,34.5,51.2,15.3,2026,7,1,23,wednesday,summer,2600000.0,14.0,0,Evening,7.0,Warm,Moderate,Moderate
india,maharashtra,navi mumbai,"tondare-taloja, navi mumbai - mpcb",2026-07-01 23:00:00.000000000,19.063,73.1209,nh3,8.0,12.0,9.0,7,good,31.1,31.5,11.3,2026,7,1,23,wednesday,summer,2600000.0,14.0,0,Evening,4.0,Warm,Low,Moderate
india,maharashtra,navi mumbai,"tondare-taloja, navi mumbai - mpcb",2026-07-01 23:00:00.000000000,19.063,73.1209,co,20.0,24.0,21.0,15,good,25.2,93.9,5.5,2026,7,1,23,wednesday,summer,2600000.0,14.0,0,Evening,4.0,Warm,High,Low
india,maharashtra,navi mumbai,"tondare-taloja, navi mumbai - mpcb",2026-07-01 23:00:00.000000000,19.063,73.1209,ozone,10.0,10.0,10.0,15,good,39.6,34.2,17.3,2026,7,1,23,wednesday,summer,2600000.0,14.0,0,Evening,0.0,Hot,Low,Moderate
india,maharashtra,navi mumbai,"mahape, navi mumbai - mpcb",2026-07-01 23:00:00.000000000,19.1135051,73.008978,nh3,1.0,1.0,1.0,25,good,24.2,37.8,25.7,2026,7,1,23,wednesday,summer,2600000.0,14.0,0,Evening,0.0,Moderate,Low,High
india,maharashtra,navi mumbai,"sanpada, navi mumbai - mpcb",2026-07-01 23:00:00.000000000,19.0575752,73.0151367,nh3,2.0,7.0,4.0,45,good,36.2,54.6,11.4,2026,7,1,23,wednesday,summer,2600000.0,14.0,0,Evening,5.0,Hot,Moderate,Moderate
india,maharashtra,parbhani,"masoom colony, parbhani - mpcb",2026-07-01 23:00:00.000000000,19.265594,76.761463,pm10,26.0,44.0,35.0,30,good,31.5,60.1,8.7,2026,7,1,23,wednesday,summer,289629.0,421.0,0,Evening,18.0,Warm,Moderate,Low
india,maharashtra,parbhani,"masoom colony, parbhani - mpcb",2026-07-01 23:00:00.000000000,19.265594,76.761463,co,10.0,14.0,12.0,23,good,24.0,44.2,6.4,2026,7,1,23,wednesday,summer,289629.0,421.0,0,Evening,4.0,Moderate,Moderate,Low
india,maharashtra,pune,"savitribai phule pune university, pune - mpcb",2026-07-01 23:00:00.000000000,18.547056,73.826908,pm10,10.0,30.0,17.0,10,good,20.7,71.3,22.6,2026,7,1,23,wednesday,summer,2935744.0,554.0,0,Evening,20.0,Moderate,High,High
india,maharashtra,pune,"savitribai phule pune university, pune - mpcb",2026-07-01 23:00:00.000000000,18.547056,73.826908,so2,3.0,5.0,4.0,4,good,30.2,90.3,10.6,2026,7,1,23,wednesday,summer,2935744.0,554.0,0,Evening,2.0,Warm,High,Moderate
india,maharashtra,pune,"panchawati_pashan, pune - iitm",2026-07-01 23:00:00.000000000,18.536457,73.805454,pm2.5,17.0,39.0,23.0,31,good,32.2,91.8,12.2,2026,7,1,23,wednesday,summer,2935744.0,554.0,0,Evening,22.0,Warm,High,Moderate
india,maharashtra,pune,"panchawati_pashan, pune - iitm",2026-07-01 23:00:00.000000000,18.536457,73.805454,nh3,19.0,59.5,32.5,367,hazardous,17.1,59.8,22.7,2026,7,1,23,wednesday,summer,2935744.0,554.0,0,Evening,40.5,Moderate,Moderate,High
india,maharashtra,pune,"panchawati_pashan, pune - iitm",2026-07-01 23:00:00.000000000,18.536457,73.805454,co,21.0,80.0,42.0,1,good,21.9,84.8,18.7,2026,7,1,23,wednesday,summer,2935744.0,554.0,0,Evening,59.0,Moderate,High,Moderate
india,maharashtra,pune,"panchawati_pashan, pune - iitm",2026-07-01 23:00:00.000000000,18.536457,73.805454,ozone,2.0,5.0,4.0,48,good,24.9,40.8,28.8,2026,7,1,23,wednesday,summer,2935744.0,554.0,0,Evening,3.0,Moderate,Moderate,High
india,maharashtra,pune,"dhankawadi, pune - iitm",2026-07-01 23:00:00.000000000,18.459883,73.852193,co,128.0,137.0,131.0,123,unhealthy for sensitive groups,19.6,90.7,20.7,2026,7,1,23,wednesday,summer,2935744.0,554.0,0,Evening,9.0,Moderate,High,High
india,maharashtra,pune,"katraj dairy, pune - mpcb",2026-07-01 23:00:00.000000000,18.45445,73.854155,nh3,65.0,70.0,67.0,466,hazardous,35.0,82.7,25.2,2026,7,1,23,wednesday,summer,2935744.0,554.0,0,Evening,5.0,Hot,High,High
india,maharashtra,pune,"katraj dairy, pune - mpcb",2026-07-01 23:00:00.000000000,18.45445,73.854155,so2,2.0,3.0,3.0,25,good,22.9,89.1,15.4,2026,7,1,23,wednesday,summer,2935744.0,554.0,0,Evening,1.0,Moderate,High,Moderate
india,maharashtra,pune,"hadapsar, pune - iitm",2026-07-01 23:00:00.000000000,18.501793,73.927532,no2,17.0,58.0,34.0,14,good,31.7,33.5,12.0,2026,7,1,23,wednesday,summer,2935744.0,554.0,0,Evening,41.0,Warm,Low,Moderate
india,rajasthan,bharatpur,"krishna nagar, bharatpur - rspcb",2026-07-01 23:00:00.000000000,27.215415,77.50873,nh3,8.0,18.0,10.0,3,good,37.4,37.9,28.6,2026,7,1,23,wednesday,summer,229384.0,180.0,0,Evening,10.0,Hot,Low,High
india,rajasthan,bhilwara,"pratap nagar, bhilwara - rspcb",2026-07-01 23:00:00.000000000,25.339605,74.618883,nh3,2.0,6.0,4.0,16,good,17.0,79.4,13.0,2026,7,1,23,wednesday,summer,326431.0,419.0,0,Evening,4.0,Moderate,High,Moderate
india,rajasthan,bhilwara,"pratap nagar, bhilwara - rspcb",2026-07-01 23:00:00.000000000,25.339605,74.618883,so2,5.0,12.0,10.0,15,good,34.7,83.5,29.2,2026,7,1,23,wednesday,summer,326431.0,419.0,0,Evening,7.0,Warm,High,High
india,rajasthan,bhilwara,"pratap nagar, bhilwara - rspcb",2026-07-01 23:00:00.000000000,25.339605,74.618883,co,13.0,27.0,22.0,43,good,39.7,42.0,22.0,2026,7,1,23,wednesday,summer,326431.0,419.0,0,Evening,14.0,Hot,Moderate,High
india,rajasthan,bhiwadi,"riico ind. area iii, bhiwadi - rspcb",2026-07-01 23:00:00.000000000,28.194909,76.862296,nh3,6.0,23.0,12.0,45,good,29.4,83.1,16.8,2026,7,1,23,wednesday,summer,33831.0,268.0,0,Evening,17.0,Warm,High,Moderate
india,rajasthan,bhiwadi,"vasundhara nagar_uit, bhiwadi - rspcb",2026-07-01 23:00:00.000000000,28.207266,76.829265,pm10,70.0,500.0,217.0,243,very unhealthy,16.7,43.8,15.5,2026,7,1,23,wednesday,summer,33831.0,268.0,0,Evening,430.0,Moderate,Moderate,Moderate
india,rajasthan,bhiwadi,"vasundhara nagar_uit, bhiwadi - rspcb",2026-07-01 23:00:00.000000000,28.207266,76.829265,so2,14.0,25.0,17.0,2,good,17.4,45.9,9.4,2026,7,1,23,wednesday,summer,33831.0,268.0,0,Evening,11.0,Moderate,Moderate,Low
india,rajasthan,bundi,"new colony, bundi - rspcb",2026-07-01 23:00:00.000000000,25.435774,75.644272,pm10,28.0,80.0,52.0,61,moderate,17.0,45.4,6.3,2026,7,1,23,wednesday,summer,98569.0,274.0,0,Evening,52.0,Moderate,Moderate,Low
india,rajasthan,bundi,"new colony, bundi - rspcb",2026-07-01 23:00:00.000000000,25.435774,75.644272,nh3,3.0,6.0,4.0,0,good,35.7,87.6,27.0,2026,7,1,23,wednesday,summer,98569.0,274.0,0,Evening,3.0,Hot,High,High
india,rajasthan,bundi,"new colony, bundi - rspcb",2026-07-01 23:00:00.000000000,25.435774,75.644272,ozone,13.0,45.0,26.0,19,good,21.7,72.0,1.5,2026,7,1,23,wednesday,summer,98569.0,274.0,0,Evening,32.0,Moderate,High,Low
india,rajasthan,chittorgarh,"shastri nagar, chittorgarh - rspcb",2026-07-01 23:00:00.000000000,24.892047,74.623527,so2,3.0,9.0,6.0,49,good,33.2,52.4,26.6,2026,7,1,23,wednesday,summer,106710.0,405.0,0,Evening,6.0,Warm,Moderate,High
india,meghalaya,shillong,"lumpyngngad, shillong - meghalaya pcb",2026-07-01 23:00:00.000000000,25.5586,91.8985,nh3,0.0,0.0,0.0,48,good,27.7,46.7,12.8,2026,7,1,23,wednesday,summer,132842.0,1507.0,0,Evening,0.0,Warm,Moderate,Moderate
india,meghalaya,shillong,"lumpyngngad, shillong - meghalaya pcb",2026-07-01 23:00:00.000000000,25.5586,91.8985,ozone,9.0,19.0,13.0,16,good,36.0,92.4,10.4,2026,7,1,23,wednesday,summer,132842.0,1507.0,0,Evening,10.0,Hot,High,Moderate
india,meghalaya,shillong,"jn stadium, shillong - meghalaya pcb",2026-07-01 23:00:00.000000000,25.5803419,91.8942571,pm10,6.0,11.0,8.0,483,hazardous,33.2,35.9,7.5,2026,7,1,23,wednesday,summer,132842.0,1507.0,0,Evening,5.0,Warm,Low,Low
india,mizoram,aizawl,"sikulpuikawn, aizawl - mizoram pcb",2026-07-01 23:00:00.000000000,23.7176342,92.7192841,co,3.0,3.0,3.0,23,good,15.0,42.1,26.4,2026,7,1,23,wednesday,summer,265331.0,1080.0,0,Evening,0.0,Moderate,Moderate,High
india,nagaland,kohima,"pwd junction, kohima - npcb",2026-07-01 23:00:00.000000000,25.6635413,94.0989878,nh3,0.0,1.0,1.0,35,good,30.6,92.7,26.7,2026,7,1,23,wednesday,summer,92113.0,1463.0,0,Evening,1.0,Warm,High,High
india,odisha,angul,"hakimapada, angul - ospcb",2026-07-01 23:00:00.000000000,20.832874,85.104082,pm2.5,0.0,2.0,1.5,313,hazardous,31.5,78.8,22.9,2026,7,1,23,wednesday,summer,44386.0,126.0,0,Evening,2.0,Warm,High,High
india,maharashtra,sangli,"vijay nagar, sangli - mpcb",2026-07-01 23:00:00.000000000,16.5038,74.3623,nh3,2.0,3.0,2.0,9,good,18.5,84.5,10.8,2026,7,1,23,wednesday,summer,601214.0,553.0,0,Evening,1.0,Moderate,High,Moderate
india,maharashtra,satara,"koyana nagar, satara - mpcb",2026-07-01 23:00:00.000000000,17.696651,74.003387,pm2.5,1.5,3.5,2.0,404,hazardous,24.9,41.4,17.6,2026,7,1,23,wednesday,summer,112793.0,709.0,0,Evening,2.0,Moderate,Moderate,Moderate
india,maharashtra,satara,"koyana nagar, satara - mpcb",2026-07-01 23:00:00.000000000,17.696651,74.003387,so2,1.0,4.0,2.0,10,good,22.0,78.7,14.6,2026,7,1,23,wednesday,summer,112793.0,709.0,0,Evening,3.0,Moderate,High,Moderate
india,maharashtra,solapur,"ratandeep housing society, solapur - mpcb",2026-07-01 23:00:00.000000000,17.65439,75.90649,pm2.5,1.0,18.5,9.0,308,hazardous,16.9,49.3,21.8,2026,7,1,23,wednesday,summer,997281.0,473.0,0,Evening,17.5,Moderate,Moderate,High
india,maharashtra,thane,"upvan fort, thane - mpcb",2026-07-01 23:00:00.000000000,19.222279,72.957979,co,1.0,33.0,16.0,4,good,31.8,75.9,5.3,2026,7,1,23,wednesday,summer,1261517.0,23.0,0,Evening,32.0,Warm,High,Low
india,maharashtra,ulhasnagar,"sidhi vinayak nagar, ulhasnagar - mpcb",2026-07-01 23:00:00.000000000,19.235581,73.159121,no2,11.0,30.0,20.0,50,good,23.7,51.7,13.9,2026,7,1,23,wednesday,summer,516584.0,10.0,0,Evening,19.0,Moderate,Moderate,Moderate
india,maharashtra,ulhasnagar,"sidhi vinayak nagar, ulhasnagar - mpcb",2026-07-01 23:00:00.000000000,19.235581,73.159121,co,20.0,31.0,25.0,45,good,21.1,37.7,0.5,2026,7,1,23,wednesday,summer,516584.0,10.0,0,Evening,11.0,Moderate,Low,Low
india,maharashtra,virar,"bolinj, virar - mpcb",2026-07-01 23:00:00.000000000,19.445821,72.7988231,pm2.5,24.5,133.5,60.5,488,hazardous,15.5,39.0,12.2,2026,7,1,23,wednesday,summer,150357.0,9.0,0,Evening,109.0,Moderate,Low,Moderate
india,punjab,rupnagar,"ratanpura, rupnagar - ambuja cements",2026-07-01 23:00:00.000000000,31.0325454,76.5623046,pm2.5,29.0,236.0,96.0,75,moderate,28.3,85.0,2.4,2026,7,1,23,wednesday,summer,52313.0,287.0,0,Evening,207.0,Warm,High,Low
india,rajasthan,ajmer,"civil lines,  ajmer - rspcb",2026-07-01 23:00:00.000000000,26.470859,74.646594,nh3,7.0,7.0,7.0,18,good,37.8,46.4,21.8,2026,7,1,23,wednesday,summer,517911.0,475.0,0,Evening,0.0,Hot,Moderate,High
india,rajasthan,alwar,"moti doongri, alwar - rspcb",2026-07-01 23:00:00.000000000,27.554793,76.611536,pm2.5,42.0,143.0,61.0,80,moderate,17.9,56.4,22.5,2026,7,1,23,wednesday,summer,283228.0,269.0,0,Evening,101.0,Moderate,Moderate,High
india,rajasthan,alwar,"moti doongri, alwar - rspcb",2026-07-01 23:00:00.000000000,27.554793,76.611536,pm10,66.0,102.0,79.0,80,moderate,35.0,54.0,18.2,2026,7,1,23,wednesday,summer,283228.0,269.0,0,Evening,36.0,Hot,Moderate,Moderate
india,rajasthan,baran,"bamboliya, baran - rspcb",2026-07-01 23:00:00.000000000,25.106006,76.469948,pm2.5,5.0,33.0,15.0,9,good,30.7,91.2,16.2,2026,7,1,23,wednesday,summer,87478.0,271.0,0,Evening,28.0,Warm,High,Moderate
india,rajasthan,baran,"bamboliya, baran - rspcb",2026-07-01 23:00:00.000000000,25.106006,76.469948,no2,13.0,37.0,22.0,27,good,35.6,89.3,18.9,2026,7,1,23,wednesday,summer,87478.0,271.0,0,Evening,24.0,Hot,High,Moderate
india,rajasthan,baran,"bamboliya, baran - rspcb",2026-07-01 23:00:00.000000000,25.106006,76.469948,nh3,3.0,7.0,4.0,40,good,27.3,68.4,26.6,2026,7,1,23,wednesday,summer,87478.0,271.0,0,Evening,4.0,Warm,Moderate,High
india,telangana,hyderabad,"new malakpet, hyderabad - tspcb",2026-07-01 23:00:00.000000000,17.37206,78.50864,nh3,2.0,3.0,2.0,24,good,35.8,33.7,13.3,2026,7,1,23,wednesday,summer,3597816.0,515.0,0,Evening,1.0,Hot,Low,Moderate
india,telangana,hyderabad,"ramachandrapuram, hyderabad - tspcb",2026-07-01 23:00:00.000000000,17.528544,78.286195,pm2.5,32.0,51.0,42.0,31,good,23.2,71.6,29.7,2026,7,1,23,wednesday,summer,3597816.0,515.0,0,Evening,19.0,Moderate,High,High
india,telangana,hyderabad,"sanathnagar, hyderabad - tspcb",2026-07-01 23:00:00.000000000,17.4559458,78.4332152,ozone,16.0,18.0,17.0,5,good,23.5,37.7,14.6,2026,7,1,23,wednesday,summer,3597816.0,515.0,0,Evening,2.0,Moderate,Low,Moderate
india,telangana,hyderabad,"kompally municipal office, hyderabad - tspcb",2026-07-01 23:00:00.000000000,17.544899,78.486949,nh3,13.5,34.5,23.5,402,hazardous,16.3,85.8,25.4,2026,7,1,23,wednesday,summer,3597816.0,515.0,0,Evening,21.0,Moderate,High,High
india,telangana,hyderabad,"central university, hyderabad - tspcb",2026-07-01 23:00:00.000000000,17.460103,78.334361,pm10,11.0,51.0,30.0,3,good,22.5,61.4,20.9,2026,7,1,23,wednesday,summer,3597816.0,515.0,0,Evening,40.0,Moderate,Moderate,High
india,telangana,hyderabad,"central university, hyderabad - tspcb",2026-07-01 23:00:00.000000000,17.460103,78.334361,no2,5.0,26.0,16.0,48,good,22.8,65.6,1.6,2026,7,1,23,wednesday,summer,3597816.0,515.0,0,Evening,21.0,Moderate,Moderate,Low
india,telangana,hyderabad,"central university, hyderabad - tspcb",2026-07-01 23:00:00.000000000,17.460103,78.334361,so2,2.0,9.0,6.0,36,good,24.6,87.4,19.4,2026,7,1,23,wednesday,summer,3597816.0,515.0,0,Evening,7.0,Moderate,High,Moderate
india,telangana,hyderabad,"zoo park, hyderabad - tspcb",2026-07-01 23:00:00.000000000,17.349694,78.451437,pm10,3.0,17.0,9.0,14,good,31.0,49.9,16.1,2026,7,1,23,wednesday,summer,3597816.0,515.0,0,Evening,14.0,Warm,Moderate,Moderate
india,telangana,hyderabad,"ecil kapra, hyderabad - tspcb",2026-07-01 23:00:00.000000000,17.470431,78.566959,no2,4.0,8.0,7.0,44,good,32.4,72.9,16.1,2026,7,1,23,wednesday,summer,3597816.0,515.0,0,Evening,4.0,Warm,High,Moderate
india,telangana,hyderabad,"ecil kapra, hyderabad - tspcb",2026-07-01 23:00:00.000000000,17.470431,78.566959,so2,6.0,19.0,14.0,48,good,17.0,87.1,10.8,2026,7,1,23,wednesday,summer,3597816.0,515.0,0,Evening,13.0,Moderate,High,Moderate
india,telangana,hyderabad,"ecil kapra, hyderabad - tspcb",2026-07-01 23:00:00.000000000,17.470431,78.566959,ozone,19.0,46.0,39.0,26,good,19.4,38.4,23.0,2026,7,1,23,wednesday,summer,3597816.0,515.0,0,Evening,27.0,Moderate,Low,High
india,telangana,hyderabad,"nacharam_tsiic iala, hyderabad - tspcb",2026-07-01 23:00:00.000000000,17.429398,78.569354,pm10,55.0,73.0,63.0,56,moderate,31.0,85.7,21.2,2026,7,1,23,wednesday,summer,3597816.0,515.0,0,Evening,18.0,Warm,High,High
india,telangana,hyderabad,"nacharam_tsiic iala, hyderabad - tspcb",2026-07-01 23:00:00.000000000,17.429398,78.569354,co,29.0,41.0,31.0,38,good,25.5,30.9,26.4,2026,7,1,23,wednesday,summer,3597816.0,515.0,0,Evening,12.0,Warm,Low,High
india,uttar pradesh,ghaziabad,"sanjay nagar, ghaziabad - uppcb",2026-07-01 23:00:00.000000000,28.685382,77.453839,no2,13.0,27.0,20.0,46,good,33.1,67.6,18.7,2026,7,1,23,wednesday,summer,1199191.0,214.0,0,Evening,14.0,Warm,Moderate,Moderate
india,uttar pradesh,ghaziabad,"sanjay nagar, ghaziabad - uppcb",2026-07-01 23:00:00.000000000,28.685382,77.453839,nh3,7.0,24.0,13.0,47,good,22.5,43.8,28.9,2026,7,1,23,wednesday,summer,1199191.0,214.0,0,Evening,17.0,Moderate,Moderate,High
india,uttar pradesh,ghaziabad,"sanjay nagar, ghaziabad - uppcb",2026-07-01 23:00:00.000000000,28.685382,77.453839,so2,7.0,11.0,8.0,17,good,30.0,47.2,17.7,2026,7,1,23,wednesday,summer,1199191.0,214.0,0,Evening,4.0,Warm,Moderate,Moderate
india,uttar pradesh,ghaziabad,"loni, ghaziabad - uppcb",2026-07-01 23:00:00.000000000,28.757294,77.278792,so2,16.0,46.0,28.0,19,good,36.4,83.9,1.6,2026,7,1,23,wednesday,summer,1199191.0,214.0,0,Evening,30.0,Hot,High,Low
india,uttar pradesh,ghaziabad,"loni, ghaziabad - uppcb",2026-07-01 23:00:00.000000000,28.757294,77.278792,co,14.0,72.0,47.0,48,good,26.4,92.0,23.0,2026,7,1,23,wednesday,summer,1199191.0,214.0,0,Evening,58.0,Warm,High,High
india,uttar pradesh,ghaziabad,"loni, ghaziabad - uppcb",2026-07-01 23:00:00.000000000,28.757294,77.278792,ozone,19.0,44.0,33.0,20,good,39.3,49.5,0.3,2026,7,1,23,wednesday,summer,1199191.0,214.0,0,Evening,25.0,Hot,Moderate,Low
india,uttar pradesh,ghaziabad,"vasundhara, ghaziabad - uppcb",2026-07-01 23:00:00.000000000,28.6603346,77.3572563,co,31.0,55.0,42.0,13,good,28.1,69.5,10.2,2026,7,1,23,wednesday,summer,1199191.0,214.0,0,Evening,24.0,Warm,Moderate,Moderate
india,uttar pradesh,ghaziabad,"ved vihar-loni, ghaziabad - uppcb",2026-07-01 23:00:00.000000000,28.739153,77.273668,pm2.5,41.0,154.0,81.0,72,moderate,21.6,44.6,18.4,2026,7,1,23,wednesday,summer,1199191.0,214.0,0,Evening,113.0,Moderate,Moderate,Moderate
india,uttar pradesh,ghaziabad,"ved vihar-loni, ghaziabad - uppcb",2026-07-01 23:00:00.000000000,28.739153,77.273668,so2,4.0,5.0,4.0,43,good,39.9,69.0,29.4,2026,7,1,23,wednesday,summer,1199191.0,214.0,0,Evening,1.0,Hot,Moderate,High
india,uttar pradesh,greater noida,"knowledge park - v, greater noida - uppcb",2026-07-01 23:00:00.000000000,28.557054,77.453663,ozone,8.0,23.0,12.0,39,good,30.6,56.1,2.5,2026,7,1,23,wednesday,summer,293908.0,212.0,0,Evening,15.0,Warm,Moderate,Low
india,uttar pradesh,greater noida,"knowledge park - iii, greater noida - uppcb",2026-07-01 23:00:00.000000000,28.47272,77.482,so2,3.0,7.0,5.0,19,good,33.3,90.3,17.7,2026,7,1,23,wednesday,summer,293908.0,212.0,0,Evening,4.0,Warm,High,Moderate
india,uttar pradesh,hapur,"anand vihar, hapur - uppcb",2026-07-01 23:00:00.000000000,28.725645,77.749675,pm2.5,8.0,44.0,27.0,45,good,21.5,62.5,9.8,2026,7,1,23,wednesday,summer,242920.0,219.0,0,Evening,36.0,Moderate,Moderate,Low
india,uttar pradesh,hapur,"anand vihar, hapur - uppcb",2026-07-01 23:00:00.000000000,28.725645,77.749675,no2,8.0,18.0,11.0,37,good,18.3,78.3,13.2,2026,7,1,23,wednesday,summer,242920.0,219.0,0,Evening,10.0,Moderate,High,Moderate
india,rajasthan,pratapgarh,"pragati nagar, pratapgarh - rspcb",2026-07-01 23:00:00.000000000,24.041198,74.780702,no2,9.0,16.0,12.0,2,good,33.0,51.7,27.8,2026,7,1,23,wednesday,summer,13672.0,101.0,0,Evening,7.0,Warm,Moderate,High
india,rajasthan,rajsamand,"dhoinda, rajsamand - rspcb",2026-07-01 23:00:00.000000000,25.03636,73.883502,so2,4.0,8.0,5.0,16,good,25.1,69.0,29.0,2026,7,1,23,wednesday,summer,63414.0,548.0,0,Evening,4.0,Warm,Moderate,High
india,rajasthan,sawai madhopur,"sahu nagar, sawai madhopur - rspcb",2026-07-01 23:00:00.000000000,26.031443,76.359327,co,39.0,50.0,45.0,38,good,26.6,81.4,5.7,2026,7,1,23,wednesday,summer,108612.0,257.0,0,Evening,11.0,Warm,High,Low
india,rajasthan,sikar,"radhakishan pura, sikar - rspcb",2026-07-01 23:00:00.000000000,27.608912,75.153302,pm10,51.0,135.0,102.0,115,unhealthy for sensitive groups,32.9,56.3,23.5,2026,7,1,23,wednesday,summer,199932.0,435.0,0,Evening,84.0,Warm,Moderate,High
india,rajasthan,sirohi,"vedhaynath colony, sirohi - rspcb",2026-07-01 23:00:00.000000000,24.885261,72.857549,no2,3.0,10.0,6.0,40,good,27.4,31.5,1.7,2026,7,1,23,wednesday,summer,38610.0,294.0,0,Evening,7.0,Warm,Low,Low
india,rajasthan,sirohi,"vedhaynath colony, sirohi - rspcb",2026-07-01 23:00:00.000000000,24.885261,72.857549,co,7.0,14.0,11.0,48,good,37.3,64.1,29.5,2026,7,1,23,wednesday,summer,38610.0,294.0,0,Evening,7.0,Hot,Moderate,High
india,rajasthan,sri ganganagar,"old city, sri ganganagar - rspcb",2026-07-01 23:00:00.000000000,29.931624,73.864511,no2,7.0,63.0,21.0,9,good,38.2,42.1,21.7,2026,7,1,23,wednesday,summer,231838.0,176.0,0,Evening,56.0,Hot,Moderate,High
india,rajasthan,sri ganganagar,"old city, sri ganganagar - rspcb",2026-07-01 23:00:00.000000000,29.931624,73.864511,nh3,2.0,12.0,4.0,46,good,37.4,87.3,4.7,2026,7,1,23,wednesday,summer,231838.0,176.0,0,Evening,10.0,Hot,High,Low
india,rajasthan,sri ganganagar,"old city, sri ganganagar - rspcb",2026-07-01 23:00:00.000000000,29.931624,73.864511,co,19.0,48.0,27.0,33,good,17.0,76.4,27.3,2026,7,1,23,wednesday,summer,231838.0,176.0,0,Evening,29.0,Moderate,High,High
india,rajasthan,sri ganganagar,"old city, sri ganganagar - rspcb",2026-07-01 23:00:00.000000000,29.931624,73.864511,ozone,8.0,55.0,26.0,17,good,32.8,59.7,26.7,2026,7,1,23,wednesday,summer,231838.0,176.0,0,Evening,47.0,Warm,Moderate,High
india,rajasthan,udaipur,"ashok nagar, udaipur - rspcb",2026-07-01 23:00:00.000000000,24.5886166,73.6321397,no2,3.0,19.0,8.0,36,good,27.5,44.2,3.5,2026,7,1,23,wednesday,summer,422784.0,565.0,0,Evening,16.0,Warm,Moderate,Low
india,telangana,hyderabad,"icrisat patancheru, hyderabad - tspcb",2026-07-01 23:00:00.000000000,17.5184,78.278777,ozone,21.0,31.0,27.0,34,good,16.2,57.8,10.8,2026,7,1,23,wednesday,summer,3597816.0,515.0,0,Evening,10.0,Moderate,Moderate,Moderate
india,telangana,hyderabad,"kokapet, hyderabad - tspcb",2026-07-01 23:00:00.000000000,17.393559,78.339194,co,24.0,37.0,31.0,49,good,26.2,34.1,29.3,2026,7,1,23,wednesday,summer,3597816.0,515.0,0,Evening,13.0,Warm,Low,High
india,uttar pradesh,agra,"shastripuram, agra - uppcb",2026-07-01 23:00:00.000000000,27.19862,77.92066,pm2.5,25.0,71.0,41.0,21,good,33.8,32.7,23.7,2026,7,1,23,wednesday,summer,1430055.0,166.0,0,Evening,46.0,Warm,Low,High
india,uttar pradesh,agra,"shastripuram, agra - uppcb",2026-07-01 23:00:00.000000000,27.19862,77.92066,no2,18.0,18.0,18.0,30,good,40.0,35.9,11.5,2026,7,1,23,wednesday,summer,1430055.0,166.0,0,Evening,0.0,Hot,Low,Moderate
india,uttar pradesh,agra,"shastripuram, agra - uppcb",2026-07-01 23:00:00.000000000,27.19862,77.92066,so2,10.0,10.0,10.0,12,good,18.8,48.1,26.7,2026,7,1,23,wednesday,summer,1430055.0,166.0,0,Evening,0.0,Moderate,Moderate,High
india,uttar pradesh,agra,"shastripuram, agra - uppcb",2026-07-01 23:00:00.000000000,27.19862,77.92066,co,16.0,18.0,17.0,17,good,26.0,51.6,19.8,2026,7,1,23,wednesday,summer,1430055.0,166.0,0,Evening,2.0,Warm,Moderate,Moderate
india,uttar pradesh,agra,"manoharpur, agra - uppcb",2026-07-01 23:00:00.000000000,27.23711,78.01936,nh3,1.0,1.0,1.0,17,good,27.8,81.9,1.7,2026,7,1,23,wednesday,summer,1430055.0,166.0,0,Evening,0.0,Warm,High,Low
india,uttar pradesh,agra,"manoharpur, agra - uppcb",2026-07-01 23:00:00.000000000,27.23711,78.01936,so2,38.0,40.0,39.0,10,good,29.8,87.1,26.5,2026,7,1,23,wednesday,summer,1430055.0,166.0,0,Evening,2.0,Warm,High,High
india,uttar pradesh,agra,"shahjahan garden, agra - uppcb",2026-07-01 23:00:00.000000000,27.169338,78.03582,pm2.5,25.666666666666664,27.0,26.333333333333336,496,hazardous,17.9,43.7,20.1,2026,7,1,23,wednesday,summer,1430055.0,166.0,0,Evening,1.3333333333333357,Moderate,Moderate,High
india,uttar pradesh,agra,"shahjahan garden, agra - uppcb",2026-07-01 23:00:00.000000000,27.169338,78.03582,pm10,13.333333333333332,14.0,13.666666666666668,398,hazardous,39.6,55.9,12.3,2026,7,1,23,wednesday,summer,1430055.0,166.0,0,Evening,0.6666666666666679,Hot,Moderate,Moderate
india,uttar pradesh,agra,"shahjahan garden, agra - uppcb",2026-07-01 23:00:00.000000000,27.169338,78.03582,nh3,1.0,1.0,1.0,24,good,19.3,79.2,1.7,2026,7,1,23,wednesday,summer,1430055.0,166.0,0,Evening,0.0,Moderate,High,Low
india,uttar pradesh,agra,"shahjahan garden, agra - uppcb",2026-07-01 23:00:00.000000000,27.169338,78.03582,so2,16.0,51.0,37.0,50,good,21.4,84.5,12.8,2026,7,1,23,wednesday,summer,1430055.0,166.0,0,Evening,35.0,Moderate,High,Moderate
india,uttar pradesh,agra,"rohta, agra - uppcb",2026-07-01 23:00:00.000000000,27.106972,78.000111,no2,16.0,16.0,16.0,9,good,15.1,49.1,28.7,2026,7,1,23,wednesday,summer,1430055.0,166.0,0,Evening,0.0,Moderate,Moderate,High
india,rajasthan,jaipur,"mansarovar sector-12, jaipur - rspcb",2026-07-01 23:00:00.000000000,26.843698,75.766894,pm10,34.0,151.0,82.0,97,moderate,27.5,45.5,17.1,2026,7,1,23,wednesday,summer,2711758.0,435.0,0,Evening,117.0,Warm,Moderate,Moderate
india,rajasthan,jaipur,"mansarovar sector-12, jaipur - rspcb",2026-07-01 23:00:00.000000000,26.843698,75.766894,co,24.0,56.0,37.0,28,good,34.9,77.2,24.4,2026,7,1,23,wednesday,summer,2711758.0,435.0,0,Evening,32.0,Warm,High,High
india,rajasthan,jaisalmer,"sadar bazar, jaisalmer - rspcb",2026-07-01 23:00:00.000000000,26.912329,70.909168,pm2.5,22.0,75.0,45.0,38,good,17.0,75.4,4.8,2026,7,1,23,wednesday,summer,67604.0,234.0,0,Evening,53.0,Moderate,High,Low
india,rajasthan,jhalawar,"rajlaxmi nagar, jhalawar - rspcb",2026-07-01 23:00:00.000000000,24.588397,76.172782,nh3,4.0,8.0,6.0,3,good,21.0,85.4,11.2,2026,7,1,23,wednesday,summer,51884.0,322.0,0,Evening,4.0,Moderate,High,Moderate
india,rajasthan,jhunjhunu,"indra nagar, jhunjhunu - rspcb",2026-07-01 23:00:00.000000000,28.108988,75.386577,ozone,20.0,71.0,40.0,37,good,36.1,83.5,12.9,2026,7,1,23,wednesday,summer,113193.0,343.0,0,Evening,51.0,Hot,High,Moderate
india,rajasthan,jodhpur,"mandor, jodhpur - rspcb",2026-07-01 23:00:00.000000000,26.358805,73.047444,ozone,37.0,69.0,56.0,64,moderate,31.1,52.7,19.2,2026,7,1,23,wednesday,summer,47329.0,99.0,0,Evening,32.0,Warm,Moderate,Moderate
india,rajasthan,jodhpur,"samrat ashok udhyan, jodhpur - rspcb",2026-07-01 23:00:00.000000000,26.253384,72.976571,no2,1.0,8.0,3.0,10,good,21.1,89.1,17.4,2026,7,1,23,wednesday,summer,47329.0,99.0,0,Evening,7.0,Moderate,High,Moderate
india,rajasthan,jodhpur,"samrat ashok udhyan, jodhpur - rspcb",2026-07-01 23:00:00.000000000,26.253384,72.976571,nh3,4.0,7.0,4.0,50,good,29.3,92.2,1.3,2026,7,1,23,wednesday,summer,47329.0,99.0,0,Evening,3.0,Warm,High,Low
india,rajasthan,jodhpur,"collectorate, jodhpur - rspcb",2026-07-01 23:00:00.000000000,26.268249,73.0193853,pm2.5,33.0,83.0,53.0,58,moderate,39.5,87.2,22.9,2026,7,1,23,wednesday,summer,47329.0,99.0,0,Evening,50.0,Hot,High,High
india,uttar pradesh,bareilly,"rajendra nagar, bareilly - uppcb",2026-07-01 23:00:00.000000000,28.38910936,79.42963708,pm2.5,18.0,45.0,28.0,432,hazardous,26.4,34.2,17.4,2026,7,1,23,wednesday,summer,745435.0,178.0,0,Evening,27.0,Warm,Low,Moderate
india,uttar pradesh,bareilly,"rajendra nagar, bareilly - uppcb",2026-07-01 23:00:00.000000000,28.38910936,79.42963708,so2,3.0,7.0,3.0,17,good,35.3,65.0,26.5,2026,7,1,23,wednesday,summer,745435.0,178.0,0,Evening,4.0,Hot,Moderate,High
india,uttar pradesh,bareilly,"rajendra nagar, bareilly - uppcb",2026-07-01 23:00:00.000000000,28.38910936,79.42963708,co,32.0,46.0,40.0,40,good,23.5,32.3,17.3,2026,7,1,23,wednesday,summer,745435.0,178.0,0,Evening,14.0,Moderate,Low,Moderate
india,uttar pradesh,bareilly,"rajendra nagar, bareilly - uppcb",2026-07-01 23:00:00.000000000,28.38910936,79.42963708,ozone,32.5,44.5,38.0,453,hazardous,33.9,82.8,5.3,2026,7,1,23,wednesday,summer,745435.0,178.0,0,Evening,12.0,Warm,High,Low
india,uttar pradesh,bareilly,"civil lines, bareilly - uppcb",2026-07-01 23:00:00.000000000,28.359581,79.414455,co,33.0,43.0,36.0,34,good,21.1,37.6,25.7,2026,7,1,23,wednesday,summer,745435.0,178.0,0,Evening,10.0,Moderate,Low,High
india,uttar pradesh,bulandshahr,"yamunapuram, bulandshahr - uppcb",2026-07-01 23:00:00.000000000,28.406963,77.849831,pm10,19.0,136.0,63.0,96,moderate,35.2,55.9,13.0,2026,7,1,23,wednesday,summer,198612.0,210.0,0,Evening,117.0,Hot,Moderate,Moderate
india,uttar pradesh,bulandshahr,"yamunapuram, bulandshahr - uppcb",2026-07-01 23:00:00.000000000,28.406963,77.849831,no2,0.0,30.0,8.0,48,good,32.0,36.6,17.9,2026,7,1,23,wednesday,summer,198612.0,210.0,0,Evening,30.0,Warm,Low,Moderate
india,uttar pradesh,bulandshahr,"yamunapuram, bulandshahr - uppcb",2026-07-01 23:00:00.000000000,28.406963,77.849831,so2,2.0,8.0,5.0,2,good,25.5,69.8,26.7,2026,7,1,23,wednesday,summer,198612.0,210.0,0,Evening,6.0,Warm,Moderate,High
india,uttar pradesh,firozabad,"vibhab nagar, firozabad - uppcb",2026-07-01 23:00:00.000000000,27.1594,78.3953,nh3,6.0,7.0,7.0,28,good,29.9,42.3,28.8,2026,7,1,23,wednesday,summer,306409.0,169.0,0,Evening,1.0,Warm,Moderate,High
india,uttar pradesh,firozabad,"nagla bhau, firozabad - uppcb",2026-07-01 23:00:00.000000000,27.168897,78.37696,ozone,6.0,7.0,7.0,3,good,35.0,74.0,15.5,2026,7,1,23,wednesday,summer,306409.0,169.0,0,Evening,1.0,Hot,High,Moderate
india,sikkim,gangtok,"zero point gici, gangtok - sspcb",2026-07-01 23:00:00.000000000,27.33853,88.614099,co,6.0,10.0,9.0,48,good,34.9,57.4,26.5,2026,7,1,23,wednesday,summer,30700.0,1654.0,0,Evening,4.0,Warm,Moderate,High
india,tamil nadu,chennai,"velachery res. area, chennai - cpcb",2026-07-01 23:00:00.000000000,13.0052189,80.2398125,pm10,38.0,74.0,54.0,82,moderate,21.0,39.5,15.4,2026,7,1,23,wednesday,summer,4328063.0,14.0,0,Evening,36.0,Moderate,Low,Moderate
india,tamil nadu,chennai,"velachery res. area, chennai - cpcb",2026-07-01 23:00:00.000000000,13.0052189,80.2398125,nh3,3.0,4.0,4.0,19,good,35.9,94.4,18.0,2026,7,1,23,wednesday,summer,4328063.0,14.0,0,Evening,1.0,Hot,High,Moderate
india,tamil nadu,chennai,"perungudi, chennai - tnpcb",2026-07-01 23:00:00.000000000,12.9533,80.2357,no2,4.0,7.0,5.0,35,good,28.0,42.4,27.5,2026,7,1,23,wednesday,summer,4328063.0,14.0,0,Evening,3.0,Warm,Moderate,High
india,tamil nadu,chennai,"perungudi, chennai - tnpcb",2026-07-01 23:00:00.000000000,12.9533,80.2357,so2,3.0,9.0,6.0,30,good,18.9,78.3,3.1,2026,7,1,23,wednesday,summer,4328063.0,14.0,0,Evening,6.0,Moderate,High,Low
india,tamil nadu,chennai,"manali village, chennai - tnpcb",2026-07-01 23:00:00.000000000,13.1662,80.2584,pm2.5,12.0,67.0,23.0,29,good,28.1,68.3,13.8,2026,7,1,23,wednesday,summer,4328063.0,14.0,0,Evening,55.0,Warm,Moderate,Moderate
india,tamil nadu,chennai,"manali village, chennai - tnpcb",2026-07-01 23:00:00.000000000,13.1662,80.2584,ozone,6.0,157.0,41.0,26,good,36.3,50.8,18.3,2026,7,1,23,wednesday,summer,4328063.0,14.0,0,Evening,151.0,Hot,Moderate,Moderate
india,tamil nadu,chennai,"manali, chennai - cpcb",2026-07-01 23:00:00.000000000,13.164544,80.26285,pm2.5,4.0,83.0,23.0,318,hazardous,27.4,66.2,18.7,2026,7,1,23,wednesday,summer,4328063.0,14.0,0,Evening,79.0,Warm,Moderate,Moderate
india,rajasthan,jodhpur,"jhalamand, jodhpur - rspcb",2026-07-01 23:00:00.000000000,26.215415,73.070156,no2,2.0,9.0,5.0,30,good,37.6,67.0,19.8,2026,7,1,23,wednesday,summer,47329.0,99.0,0,Evening,7.0,Hot,Moderate,Moderate
india,rajasthan,karauli,"satyawati vihar, karauli - rspcb",2026-07-01 23:00:00.000000000,26.506177,77.025989,nh3,5.0,47.0,14.0,26,good,29.0,86.1,14.7,2026,7,1,23,wednesday,summer,73717.0,272.0,0,Evening,42.0,Warm,High,Moderate
india,rajasthan,kota,"nayapura, kota - rspcb",2026-07-01 23:00:00.000000000,25.196024,75.855668,pm10,47.0,103.0,75.0,87,moderate,29.8,65.1,20.8,2026,7,1,23,wednesday,summer,763088.0,267.0,0,Evening,56.0,Warm,Moderate,High
india,rajasthan,kota,"nayapura, kota - rspcb",2026-07-01 23:00:00.000000000,25.196024,75.855668,co,14.0,20.0,17.0,17,good,27.1,86.4,24.3,2026,7,1,23,wednesday,summer,763088.0,267.0,0,Evening,6.0,Warm,High,High
india,rajasthan,kota,"shrinath puram, kota - rspcb",2026-07-01 23:00:00.000000000,25.14389,75.821256,pm10,27.0,80.0,54.0,92,moderate,29.8,52.8,0.6,2026,7,1,23,wednesday,summer,763088.0,267.0,0,Evening,53.0,Warm,Moderate,Low
india,tamil nadu,chennai,"royapuram, chennai - tnpcb",2026-07-01 23:00:00.000000000,13.1036,80.2909,ozone,30.0,33.0,32.0,13,good,36.9,78.0,17.4,2026,7,1,23,wednesday,summer,4328063.0,14.0,0,Evening,3.0,Hot,High,Moderate
india,tamil nadu,cuddalore,"semmandalam, cuddalore - tnpcb",2026-07-01 23:00:00.000000000,11.7637683,79.7499835,pm2.5,35.333333333333336,68.0,49.66666666666667,339,hazardous,18.1,86.1,17.4,2026,7,1,23,wednesday,summer,158569.0,13.0,0,Evening,32.666666666666664,Moderate,High,Moderate
india,tamil nadu,cuddalore,"semmandalam, cuddalore - tnpcb",2026-07-01 23:00:00.000000000,11.7637683,79.7499835,nh3,40.66666666666666,103.0,67.33333333333334,473,hazardous,28.5,92.4,17.1,2026,7,1,23,wednesday,summer,158569.0,13.0,0,Evening,62.33333333333334,Warm,High,Moderate
india,tamil nadu,thoothukudi,"meelavittan, thoothukudi - tnpcb",2026-07-01 23:00:00.000000000,8.816428,78.099039,pm2.5,45.5,110.0,73.5,322,hazardous,32.3,34.8,3.1,2026,7,1,23,wednesday,summer,410760.0,2.0,0,Evening,64.5,Warm,Low,Low
india,uttar pradesh,lucknow,"kukrail picnic spot-1, lucknow - uppcb",2026-07-01 23:00:00.000000000,26.90723,80.98579,ozone,45.0,82.0,62.0,67,moderate,23.3,68.7,17.6,2026,7,1,23,wednesday,summer,2472011.0,126.0,0,Evening,37.0,Moderate,Moderate,Moderate
india,uttar pradesh,lucknow,"lalbagh, lucknow - cpcb",2026-07-01 23:00:00.000000000,26.8458805,80.9365541,pm2.5,18.0,81.0,52.0,95,moderate,33.6,36.6,8.7,2026,7,1,23,wednesday,summer,2472011.0,126.0,0,Evening,63.0,Warm,Low,Low
india,uttar pradesh,lucknow,"lalbagh, lucknow - cpcb",2026-07-01 23:00:00.000000000,26.8458805,80.9365541,ozone,53.0,62.0,58.0,93,moderate,24.4,94.2,4.2,2026,7,1,23,wednesday,summer,2472011.0,126.0,0,Evening,9.0,Moderate,High,Low
india,uttar pradesh,lucknow,"kendriya vidyalaya, lucknow - cpcb",2026-07-01 23:00:00.000000000,26.906111,80.948222,ozone,22.0,58.0,42.0,6,good,24.7,37.0,10.6,2026,7,1,23,wednesday,summer,2472011.0,126.0,0,Evening,36.0,Moderate,Low,Moderate
india,uttar pradesh,mathura,"pali dungra, mathura - uppcb",2026-07-01 23:00:00.000000000,27.410954,77.550619,pm2.5,11.5,31.5,22.5,359,hazardous,22.9,85.2,14.2,2026,7,1,23,wednesday,summer,330511.0,181.0,0,Evening,20.0,Moderate,High,Moderate
india,uttar pradesh,mathura,"pali dungra, mathura - uppcb",2026-07-01 23:00:00.000000000,27.410954,77.550619,so2,1.0,5.0,3.0,39,good,19.9,34.4,7.9,2026,7,1,23,wednesday,summer,330511.0,181.0,0,Evening,4.0,Moderate,Low,Low
india,uttar pradesh,mathura,"pali dungra, mathura - uppcb",2026-07-01 23:00:00.000000000,27.410954,77.550619,ozone,18.0,54.0,39.0,31,good,26.8,37.7,17.2,2026,7,1,23,wednesday,summer,330511.0,181.0,0,Evening,36.0,Warm,Low,Moderate
india,uttar pradesh,meerut,"pallavpuram phase 2, meerut - uppcb",2026-07-01 23:00:00.000000000,29.06351,77.709723,pm10,28.0,93.0,55.0,100,moderate,16.6,37.6,10.2,2026,7,1,23,wednesday,summer,1223184.0,228.0,0,Evening,65.0,Moderate,Low,Moderate
india,uttar pradesh,meerut,"pallavpuram phase 2, meerut - uppcb",2026-07-01 23:00:00.000000000,29.06351,77.709723,so2,11.0,37.0,18.0,25,good,32.4,65.1,15.9,2026,7,1,23,wednesday,summer,1223184.0,228.0,0,Evening,26.0,Warm,Moderate,Moderate
india,uttar pradesh,meerut,"pallavpuram phase 2, meerut - uppcb",2026-07-01 23:00:00.000000000,29.06351,77.709723,co,21.0,49.0,29.0,18,good,23.3,82.0,29.3,2026,7,1,23,wednesday,summer,1223184.0,228.0,0,Evening,28.0,Moderate,High,High
india,uttar pradesh,meerut,"ganga nagar, meerut - uppcb",2026-07-01 23:00:00.000000000,28.999264,77.7590354,co,28.0,40.0,31.0,7,good,25.3,36.4,28.0,2026,7,1,23,wednesday,summer,1223184.0,228.0,0,Evening,12.0,Warm,Low,High
india,uttar pradesh,meerut,"jai bhim nagar, meerut - uppcb",2026-07-01 23:00:00.000000000,28.9535882,77.7622941,pm10,11.0,64.0,40.0,20,good,17.9,35.6,16.2,2026,7,1,23,wednesday,summer,1223184.0,228.0,0,Evening,53.0,Moderate,Low,Moderate
india,uttar pradesh,meerut,"jai bhim nagar, meerut - uppcb",2026-07-01 23:00:00.000000000,28.9535882,77.7622941,no2,5.0,14.0,8.0,6,good,21.3,32.7,18.2,2026,7,1,23,wednesday,summer,1223184.0,228.0,0,Evening,9.0,Moderate,Low,Moderate
india,uttar pradesh,meerut,"jai bhim nagar, meerut - uppcb",2026-07-01 23:00:00.000000000,28.9535882,77.7622941,so2,6.0,8.0,8.0,5,good,35.0,67.7,28.6,2026,7,1,23,wednesday,summer,1223184.0,228.0,0,Evening,2.0,Hot,Moderate,High
india,uttar pradesh,meerut,"miet college, meerut - uppcb",2026-07-01 23:00:00.000000000,28.972677,77.641018,pm10,63.0,167.0,118.0,125,unhealthy for sensitive groups,39.4,86.6,3.9,2026,7,1,23,wednesday,summer,1223184.0,228.0,0,Evening,104.0,Hot,High,Low
india,uttar pradesh,meerut,"miet college, meerut - uppcb",2026-07-01 23:00:00.000000000,28.972677,77.641018,so2,2.0,3.0,2.0,10,good,21.4,82.3,0.0,2026,7,1,23,wednesday,summer,1223184.0,228.0,0,Evening,1.0,Moderate,High,Low
india,uttar pradesh,moradabad,"eco herbal park, moradabad - uppcb",2026-07-01 23:00:00.000000000,28.840739,78.697531,pm2.5,10.5,15.0,12.0,307,hazardous,39.3,49.1,14.0,2026,7,1,23,wednesday,summer,721139.0,205.0,0,Evening,4.5,Hot,Moderate,Moderate
india,uttar pradesh,prayagraj,"jhunsi, prayagraj - uppcb",2026-07-01 23:00:00.000000000,25.425602,81.917152,co,8.0,16.0,11.0,1,good,21.4,77.5,16.1,2026,7,1,23,wednesday,summer,1073438.0,99.0,0,Evening,8.0,Moderate,High,Moderate
india,uttar pradesh,varanasi,"maldahiya, varanasi - uppcb",2026-07-01 23:00:00.000000000,25.32393,82.99687,pm10,19.0,79.0,40.0,31,good,16.3,39.4,10.9,2026,7,1,23,wednesday,summer,1164404.0,86.0,0,Evening,60.0,Moderate,Low,Moderate
india,uttar pradesh,varanasi,"ardhali bazar, varanasi - uppcb",2026-07-01 23:00:00.000000000,25.3505986,82.9083074,pm10,22.0,102.0,46.0,35,good,39.7,80.0,11.2,2026,7,1,23,wednesday,summer,1164404.0,86.0,0,Evening,80.0,Hot,High,Moderate
india,uttar pradesh,varanasi,"ardhali bazar, varanasi - uppcb",2026-07-01 23:00:00.000000000,25.3505986,82.9083074,no2,39.0,50.0,41.0,9,good,21.5,82.5,12.2,2026,7,1,23,wednesday,summer,1164404.0,86.0,0,Evening,11.0,Moderate,High,Moderate
india,uttar pradesh,varanasi,"iesd banaras hindu university, varanasi - uppcb",2026-07-01 23:00:00.000000000,25.262326,82.995408,pm10,22.0,78.0,43.0,14,good,15.9,50.0,29.5,2026,7,1,23,wednesday,summer,1164404.0,86.0,0,Evening,56.0,Moderate,Moderate,High
india,uttar pradesh,varanasi,"bhelupur, varanasi - uppcb",2026-07-01 23:00:00.000000000,25.301778,82.996789,so2,25.0,33.0,28.0,12,good,24.3,80.6,2.6,2026,7,1,23,wednesday,summer,1164404.0,86.0,0,Evening,8.0,Moderate,High,Low
india,uttar pradesh,vrindavan,"omex eternity, vrindavan - uppcb",2026-07-01 23:00:00.000000000,27.571409,77.655757,pm10,11.0,100.0,49.0,13,good,28.4,45.6,6.2,2026,7,1,23,wednesday,summer,60195.0,179.0,0,Evening,89.0,Warm,Moderate,Low
india,uttar pradesh,vrindavan,"omex eternity, vrindavan - uppcb",2026-07-01 23:00:00.000000000,27.571409,77.655757,nh3,7.0,10.0,8.0,33,good,36.4,63.7,21.3,2026,7,1,23,wednesday,summer,60195.0,179.0,0,Evening,3.0,Hot,Moderate,High
india,uttar pradesh,vrindavan,"omex eternity, vrindavan - uppcb",2026-07-01 23:00:00.000000000,27.571409,77.655757,so2,21.0,35.0,28.0,29,good,24.5,49.4,2.4,2026,7,1,23,wednesday,summer,60195.0,179.0,0,Evening,14.0,Moderate,Moderate,Low
india,uttar pradesh,vrindavan,"omex eternity, vrindavan - uppcb",2026-07-01 23:00:00.000000000,27.571409,77.655757,ozone,16.0,16.0,16.0,8,good,23.3,52.5,9.3,2026,7,1,23,wednesday,summer,60195.0,179.0,0,Evening,0.0,Moderate,Moderate,Low
india,uttarakhand,kashipur,"govt. girls inter college, kashipur - ukpcb",2026-07-01 23:00:00.000000000,29.2124114,78.9611753,so2,0.0,10.0,6.0,21,good,17.0,48.0,9.0,2026,7,1,23,wednesday,summer,103138.0,239.0,0,Evening,10.0,Moderate,Moderate,Low
india,uttarakhand,kashipur,"govt. girls inter college, kashipur - ukpcb",2026-07-01 23:00:00.000000000,29.2124114,78.9611753,ozone,7.0,35.0,20.0,17,good,31.3,75.6,29.6,2026,7,1,23,wednesday,summer,103138.0,239.0,0,Evening,28.0,Warm,High,High
india,uttarakhand,rishikesh,"shivaji nagar, rishikesh - ukpcb",2026-07-01 23:00:00.000000000,30.075911,78.2859547,pm2.5,2.0,2.0,2.0,48,good,38.9,58.4,11.2,2026,7,1,23,wednesday,summer,66390.0,361.0,0,Evening,0.0,Hot,Moderate,Moderate
india,uttarakhand,rishikesh,"shivaji nagar, rishikesh - ukpcb",2026-07-01 23:00:00.000000000,30.075911,78.2859547,pm10,27.0,27.0,27.0,20,good,34.9,72.4,11.3,2026,7,1,23,wednesday,summer,66390.0,361.0,0,Evening,0.0,Warm,High,Moderate
india,west bengal,asansol,"evelyn lodge, asansol - wbpcb",2026-07-01 23:00:00.000000000,23.697936,86.944395,pm2.5,17.0,60.0,33.0,38,good,37.1,37.7,28.3,2026,7,1,23,wednesday,summer,504271.0,119.0,0,Evening,43.0,Hot,Low,High
india,uttar pradesh,jhansi,"shivaji nagar, jhansi - uppcb",2026-07-01 23:00:00.000000000,25.4547,78.6039,nh3,4.0,4.0,4.0,28,good,28.5,33.9,16.8,2026,7,1,23,wednesday,summer,412927.0,248.0,0,Evening,0.0,Warm,Low,Moderate
india,uttar pradesh,jhansi,"shivaji nagar, jhansi - uppcb",2026-07-01 23:00:00.000000000,25.4547,78.6039,co,7.0,96.0,31.0,24,good,19.5,61.5,20.1,2026,7,1,23,wednesday,summer,412927.0,248.0,0,Evening,89.0,Moderate,Moderate,High
india,uttar pradesh,kanpur,"nehru nagar, kanpur - uppcb",2026-07-01 23:00:00.000000000,26.4703136,80.3229863,co,50.0,52.0,51.0,64,moderate,17.9,91.7,1.2,2026,7,1,23,wednesday,summer,2823249.0,137.0,0,Evening,2.0,Moderate,High,Low
india,uttar pradesh,kanpur,"nehru nagar, kanpur - uppcb",2026-07-01 23:00:00.000000000,26.4703136,80.3229863,ozone,2.0,2.0,2.0,22,good,19.2,78.0,6.5,2026,7,1,23,wednesday,summer,2823249.0,137.0,0,Evening,0.0,Moderate,High,Low
india,uttar pradesh,kanpur,"fti kidwai nagar, kanpur - uppcb",2026-07-01 23:00:00.000000000,26.428282,80.327067,pm2.5,16.0,209.0,44.0,13,good,20.6,79.6,26.9,2026,7,1,23,wednesday,summer,2823249.0,137.0,0,Evening,193.0,Moderate,High,High
india,uttar pradesh,kanpur,"fti kidwai nagar, kanpur - uppcb",2026-07-01 23:00:00.000000000,26.428282,80.327067,no2,26.0,27.0,27.0,45,good,17.9,77.5,22.9,2026,7,1,23,wednesday,summer,2823249.0,137.0,0,Evening,1.0,Moderate,High,High
india,uttar pradesh,kanpur,"fti kidwai nagar, kanpur - uppcb",2026-07-01 23:00:00.000000000,26.428282,80.327067,co,34.0,38.0,36.0,48,good,17.7,85.7,23.6,2026,7,1,23,wednesday,summer,2823249.0,137.0,0,Evening,4.0,Moderate,High,High
india,uttar pradesh,khurja,"kalindi kunj, khurja - uppcb",2026-07-01 23:00:00.000000000,28.2348927,77.8683002,so2,10.0,11.0,10.0,14,good,25.5,59.1,13.9,2026,7,1,23,wednesday,summer,105909.0,205.0,0,Evening,1.0,Warm,Moderate,Moderate
india,uttar pradesh,lucknow,"talkatora district industries center, lucknow - cpcb",2026-07-01 23:00:00.000000000,26.83399722,80.8917361,pm2.5,35.0,100.0,56.0,65,moderate,35.1,86.0,27.4,2026,7,1,23,wednesday,summer,2472011.0,126.0,0,Evening,65.0,Hot,High,High
india,uttar pradesh,lucknow,"talkatora district industries center, lucknow - cpcb",2026-07-01 23:00:00.000000000,26.83399722,80.8917361,nh3,3.0,20.0,11.0,2,good,28.3,52.6,4.7,2026,7,1,23,wednesday,summer,2472011.0,126.0,0,Evening,17.0,Warm,Moderate,Low
india,uttar pradesh,lucknow,"b r ambedkar university, lucknow - uppcb",2026-07-01 23:00:00.000000000,26.766433,80.927299,no2,11.0,12.0,12.0,7,good,16.9,39.3,27.5,2026,7,1,23,wednesday,summer,2472011.0,126.0,0,Evening,1.0,Moderate,Low,High
india,uttar pradesh,lucknow,"b r ambedkar university, lucknow - uppcb",2026-07-01 23:00:00.000000000,26.766433,80.927299,ozone,32.0,39.0,35.0,1,good,18.9,89.9,3.0,2026,7,1,23,wednesday,summer,2472011.0,126.0,0,Evening,7.0,Moderate,High,Low
india,uttar pradesh,muzaffarnagar,"new mandi, muzaffarnagar - uppcb",2026-07-01 23:00:00.000000000,29.4723508,77.7194031,pm2.5,29.0,162.0,59.0,88,moderate,34.3,65.3,6.0,2026,7,1,23,wednesday,summer,349706.0,251.0,0,Evening,133.0,Warm,Moderate,Low
india,uttar pradesh,muzaffarnagar,"new mandi, muzaffarnagar - uppcb",2026-07-01 23:00:00.000000000,29.4723508,77.7194031,so2,3.0,81.0,37.0,36,good,24.5,84.9,13.0,2026,7,1,23,wednesday,summer,349706.0,251.0,0,Evening,78.0,Moderate,High,Moderate
india,uttar pradesh,noida,"sector-116, noida - uppcb",2026-07-01 23:00:00.000000000,28.56923,77.393848,co,16.0,51.0,36.0,34,good,30.5,66.8,21.3,2026,7,1,23,wednesday,summer,293908.0,206.0,0,Evening,35.0,Warm,Moderate,High
india,uttar pradesh,noida,"sector - 125, noida - uppcb",2026-07-01 23:00:00.000000000,28.5447608,77.3231257,pm2.5,29.0,88.0,57.0,92,moderate,24.0,69.9,9.1,2026,7,1,23,wednesday,summer,293908.0,206.0,0,Evening,59.0,Moderate,Moderate,Low
india,uttar pradesh,noida,"sector - 125, noida - uppcb",2026-07-01 23:00:00.000000000,28.5447608,77.3231257,pm10,55.0,161.0,104.0,116,unhealthy for sensitive groups,33.5,81.8,28.6,2026,7,1,23,wednesday,summer,293908.0,206.0,0,Evening,106.0,Warm,High,High
india,uttar pradesh,noida,"sector - 125, noida - uppcb",2026-07-01 23:00:00.000000000,28.5447608,77.3231257,nh3,23.0,27.0,23.0,45,good,19.7,44.9,0.4,2026,7,1,23,wednesday,summer,293908.0,206.0,0,Evening,4.0,Moderate,Moderate,Low
india,uttar pradesh,noida,"sector-1, noida - uppcb",2026-07-01 23:00:00.000000000,28.5898,77.3101,ozone,11.0,58.0,32.0,9,good,24.0,71.0,26.6,2026,7,1,23,wednesday,summer,293908.0,206.0,0,Evening,47.0,Moderate,High,High
india,uttar pradesh,prayagraj,"motilal nehru nit, prayagraj - uppcb",2026-07-01 23:00:00.000000000,25.494,81.863,nh3,8.0,8.0,8.0,27,good,27.7,88.1,22.3,2026,7,1,23,wednesday,summer,1073438.0,99.0,0,Evening,0.0,Warm,High,High
india,uttar pradesh,prayagraj,"motilal nehru nit, prayagraj - uppcb",2026-07-01 23:00:00.000000000,25.494,81.863,so2,14.0,23.0,18.0,49,good,27.0,90.4,23.4,2026,7,1,23,wednesday,summer,1073438.0,99.0,0,Evening,9.0,Warm,High,High
india,uttar pradesh,prayagraj,"nagar nigam, prayagraj - uppcb",2026-07-01 23:00:00.000000000,25.44919916,81.82735986,ozone,15.0,26.0,22.0,24,good,32.2,69.7,8.4,2026,7,1,23,wednesday,summer,1073438.0,99.0,0,Evening,11.0,Warm,Moderate,Low
india,uttar pradesh,prayagraj,"jhunsi, prayagraj - uppcb",2026-07-01 23:00:00.000000000,25.425602,81.917152,pm10,19.0,40.0,28.0,45,good,29.8,36.7,8.5,2026,7,1,23,wednesday,summer,1073438.0,99.0,0,Evening,21.0,Warm,Low,Low
india,west bengal,howrah,"botanical garden, howrah - wbpcb",2026-07-01 23:00:00.000000000,22.554954,88.292568,nh3,1.0,2.0,1.0,33,good,28.6,53.6,13.6,2026,7,1,23,wednesday,summer,1027672.0,8.0,0,Evening,1.0,Warm,Moderate,Moderate
india,west bengal,kolkata,"jadavpur, kolkata - wbpcb",2026-07-01 23:00:00.000000000,22.49929,88.36917,pm2.5,39.0,81.0,50.0,30,good,31.4,49.3,27.2,2026,7,1,23,wednesday,summer,4631392.0,11.0,0,Evening,42.0,Warm,Moderate,High
india,west bengal,kolkata,"fort william, kolkata - wbpcb",2026-07-01 23:00:00.000000000,22.55664,88.342674,nh3,9.0,10.0,9.0,6,good,19.4,82.9,26.4,2026,7,1,23,wednesday,summer,4631392.0,11.0,0,Evening,1.0,Moderate,High,High
india,west bengal,kolkata,"fort william, kolkata - wbpcb",2026-07-01 23:00:00.000000000,22.55664,88.342674,co,16.0,29.0,21.0,10,good,20.2,40.8,11.0,2026,7,1,23,wednesday,summer,4631392.0,11.0,0,Evening,13.0,Moderate,Moderate,Moderate
india,west bengal,kolkata,"rabindra bharati university, kolkata - wbpcb",2026-07-01 23:00:00.000000000,22.627847,88.380669,no2,25.0,88.0,52.0,56,moderate,36.6,73.5,7.7,2026,7,1,23,wednesday,summer,4631392.0,11.0,0,Evening,63.0,Hot,High,Low
india,west bengal,kolkata,"rabindra bharati university, kolkata - wbpcb",2026-07-01 23:00:00.000000000,22.627847,88.380669,so2,5.0,8.0,7.0,4,good,25.4,88.3,25.2,2026,7,1,23,wednesday,summer,4631392.0,11.0,0,Evening,3.0,Warm,High,High
india,west bengal,kolkata,"ballygunge, kolkata - wbpcb",2026-07-01 23:00:00.000000000,22.5367507,88.3638022,co,13.0,22.0,17.0,48,good,36.5,86.1,14.4,2026,7,1,23,wednesday,summer,4631392.0,11.0,0,Evening,9.0,Hot,High,Moderate
india,west bengal,kolkata,"rabindra sarobar, kolkata - wbpcb",2026-07-01 23:00:00.000000000,22.51106,88.35142,nh3,6.0,9.0,7.0,28,good,27.6,35.8,14.5,2026,7,1,23,wednesday,summer,4631392.0,11.0,0,Evening,3.0,Warm,Low,Moderate
india,west bengal,kolkata,"bidhannagar, kolkata - wbpcb",2026-07-01 23:00:00.000000000,22.58157048,88.41002457,nh3,5.0,6.0,5.0,19,good,39.2,78.8,26.1,2026,7,1,23,wednesday,summer,4631392.0,11.0,0,Evening,1.0,Hot,High,High
india,west bengal,kolkata,"bidhannagar, kolkata - wbpcb",2026-07-01 23:00:00.000000000,22.58157048,88.41002457,co,42.0,46.0,44.0,12,good,31.7,69.2,18.4,2026,7,1,23,wednesday,summer,4631392.0,11.0,0,Evening,4.0,Warm,Moderate,Moderate
india,west bengal,asansol,"trivenidevi bhalotia college, asansol - wbpcb",2026-07-01 23:00:00.000000000,23.616515,87.119133,nh3,8.0,10.0,9.0,40,good,28.8,48.0,5.7,2026,7,1,23,wednesday,summer,504271.0,119.0,0,Evening,2.0,Warm,Moderate,Low
india,west bengal,asansol,"trivenidevi bhalotia college, asansol - wbpcb",2026-07-01 23:00:00.000000000,23.616515,87.119133,so2,27.0,32.0,30.0,25,good,25.8,69.9,9.5,2026,7,1,23,wednesday,summer,504271.0,119.0,0,Evening,5.0,Warm,Moderate,Low
india,west bengal,asansol,"trivenidevi bhalotia college, asansol - wbpcb",2026-07-01 23:00:00.000000000,23.616515,87.119133,co,40.0,60.0,44.0,24,good,19.2,86.8,21.2,2026,7,1,23,wednesday,summer,504271.0,119.0,0,Evening,20.0,Moderate,High,High
india,west bengal,asansol,"mahabir colliery, asansol - wbpcb",2026-07-01 23:00:00.000000000,23.618183,87.105718,pm2.5,35.5,70.5,48.0,321,hazardous,37.9,66.4,1.9,2026,7,1,23,wednesday,summer,504271.0,119.0,0,Evening,35.0,Hot,Moderate,Low
india,west bengal,asansol,"asansol court area, asansol - wbpcb",2026-07-01 23:00:00.000000000,23.685297,86.945968,pm10,31.0,81.0,52.0,89,moderate,16.9,59.5,26.1,2026,7,1,23,wednesday,summer,504271.0,119.0,0,Evening,50.0,Moderate,Moderate,High
india,west bengal,barrackpore,"svspa campus, barrackpore - wbpcb",2026-07-01 23:00:00.000000000,22.7605581,88.3617589,pm2.5,17.0,57.0,42.0,13,good,17.8,91.7,22.8,2026,7,1,23,wednesday,summer,148174.0,12.0,0,Evening,40.0,Moderate,High,High
india,west bengal,barrackpore,"svspa campus, barrackpore - wbpcb",2026-07-01 23:00:00.000000000,22.7605581,88.3617589,so2,9.0,11.0,10.0,30,good,23.5,81.7,29.3,2026,7,1,23,wednesday,summer,148174.0,12.0,0,Evening,2.0,Moderate,High,High
india,west bengal,durgapur,"pcbl residential complex, durgapur - wbpcb",2026-07-01 23:00:00.000000000,23.508764,87.35444,nh3,5.5,15.0,9.5,354,hazardous,30.0,74.8,14.0,2026,7,1,23,wednesday,summer,18561.0,205.0,0,Evening,9.5,Warm,High,Moderate
india,west bengal,durgapur,"mahishkapur road_b-zone, durgapur - wbpcb",2026-07-01 23:00:00.000000000,23.567923,87.306843,no2,2.0,19.0,9.0,50,good,34.7,32.9,12.4,2026,7,1,23,wednesday,summer,18561.0,205.0,0,Evening,17.0,Warm,Low,Moderate
india,uttar pradesh,moradabad,"jigar colony, moradabad - uppcb",2026-07-01 23:00:00.000000000,28.856664,78.772638,pm10,26.0,89.0,41.0,3,good,26.4,93.0,4.9,2026,7,1,23,wednesday,summer,721139.0,205.0,0,Evening,63.0,Warm,High,Low
india,uttar pradesh,moradabad,"jigar colony, moradabad - uppcb",2026-07-01 23:00:00.000000000,28.856664,78.772638,co,40.0,40.0,40.0,7,good,33.0,40.8,20.5,2026,7,1,23,wednesday,summer,721139.0,205.0,0,Evening,0.0,Warm,Moderate,High
india,uttar pradesh,moradabad,"employment office, moradabad - uppcb",2026-07-01 23:00:00.000000000,28.88528,78.7388,so2,26.0,30.0,27.0,45,good,37.5,72.8,23.8,2026,7,1,23,wednesday,summer,721139.0,205.0,0,Evening,4.0,Hot,High,High
india,uttar pradesh,moradabad,"transport nagar, moradabad - uppcb",2026-07-01 23:00:00.000000000,28.802625,78.753728,pm10,21.0,63.0,35.0,4,good,37.8,31.0,0.7,2026,7,1,23,wednesday,summer,721139.0,205.0,0,Evening,42.0,Hot,Low,Low
india,uttar pradesh,moradabad,"transport nagar, moradabad - uppcb",2026-07-01 23:00:00.000000000,28.802625,78.753728,no2,24.0,25.0,24.0,16,good,22.7,60.1,10.7,2026,7,1,23,wednesday,summer,721139.0,205.0,0,Evening,1.0,Moderate,Moderate,Moderate
india,uttar pradesh,moradabad,"transport nagar, moradabad - uppcb",2026-07-01 23:00:00.000000000,28.802625,78.753728,nh3,5.0,5.0,5.0,11,good,23.5,65.7,9.1,2026,7,1,23,wednesday,summer,721139.0,205.0,0,Evening,0.0,Moderate,Moderate,Low
india,west bengal,howrah,"belur math, howrah - wbpcb",2026-07-01 23:00:00.000000000,22.629801,88.352017,so2,3.0,6.0,5.0,9,good,31.2,41.1,26.2,2026,7,1,23,wednesday,summer,1027672.0,8.0,0,Evening,3.0,Warm,Moderate,High
india,west bengal,howrah,"belur math, howrah - wbpcb",2026-07-01 23:00:00.000000000,22.629801,88.352017,co,14.0,30.0,20.0,32,good,25.0,65.7,17.1,2026,7,1,23,wednesday,summer,1027672.0,8.0,0,Evening,16.0,Warm,Moderate,Moderate
india,west bengal,howrah,"ghusuri, howrah - wbpcb",2026-07-01 23:00:00.000000000,22.611968,88.347422,pm10,57.0,91.0,75.0,86,moderate,38.9,77.7,10.0,2026,7,1,23,wednesday,summer,1027672.0,8.0,0,Evening,34.0,Hot,High,Moderate
india,west bengal,howrah,"ghusuri, howrah - wbpcb",2026-07-01 23:00:00.000000000,22.611968,88.347422,nh3,3.0,4.0,3.0,26,good,36.1,88.9,5.4,2026,7,1,23,wednesday,summer,1027672.0,8.0,0,Evening,1.0,Hot,High,Low
india,west bengal,howrah,"ghusuri, howrah - wbpcb",2026-07-01 23:00:00.000000000,22.611968,88.347422,ozone,17.0,21.0,19.0,10,good,31.2,89.2,20.6,2026,7,1,23,wednesday,summer,1027672.0,8.0,0,Evening,4.0,Warm,High,High
india,west bengal,siliguri,"ward-32 bapupara, siliguri - wbpcb",2026-07-01 23:00:00.000000000,26.6879226,88.4152495,nh3,21.0,29.0,25.0,50,good,32.2,68.8,7.8,2026,7,1,23,wednesday,summer,515574.0,124.0,0,Evening,8.0,Warm,Moderate,Low
india,bihar,patna,"rajbansi nagar, patna - bspcb",2026-07-01 23:00:00.000000000,25.599486,85.113666,co,32.0,33.0,33.0,50,good,20.1,84.6,20.0,2026,7,1,23,wednesday,summer,1599920.0,53.0,0,Evening,1.0,Moderate,High,High
india,bihar,patna,"igsc planetarium complex, patna - bspcb",2026-07-01 23:00:00.000000000,25.610369,85.132568,pm10,33.0,37.0,35.0,395,hazardous,21.7,85.7,15.4,2026,7,1,23,wednesday,summer,1599920.0,53.0,0,Evening,4.0,Moderate,High,Moderate
india,bihar,patna,"igsc planetarium complex, patna - bspcb",2026-07-01 23:00:00.000000000,25.610369,85.132568,co,34.0,41.0,37.0,10,good,26.7,78.4,17.8,2026,7,1,23,wednesday,summer,1599920.0,53.0,0,Evening,7.0,Warm,High,Moderate
india,bihar,patna,"samanpura, patna - bspcb",2026-07-01 23:00:00.000000000,25.596727,85.085624,pm10,43.0,46.0,44.0,10,good,25.0,91.4,25.5,2026,7,1,23,wednesday,summer,1599920.0,53.0,0,Evening,3.0,Warm,High,High
india,bihar,patna,"samanpura, patna - bspcb",2026-07-01 23:00:00.000000000,25.596727,85.085624,co,57.0,57.0,57.0,77,moderate,37.0,87.3,20.1,2026,7,1,23,wednesday,summer,1599920.0,53.0,0,Evening,0.0,Hot,High,High
india,bihar,purnia,"mariam nagar, purnia - bspcb",2026-07-01 23:00:00.000000000,25.366336,87.117468,pm2.5,50.0,80.0,63.0,62,moderate,37.2,58.9,23.6,2026,7,1,23,wednesday,summer,198453.0,44.0,0,Evening,30.0,Hot,Moderate,High
india,bihar,purnia,"mariam nagar, purnia - bspcb",2026-07-01 23:00:00.000000000,25.366336,87.117468,nh3,2.0,2.0,2.0,45,good,32.4,89.9,24.0,2026,7,1,23,wednesday,summer,198453.0,44.0,0,Evening,0.0,Warm,High,High
india,bihar,rajgir,"dangi tola, rajgir - bspcb",2026-07-01 23:00:00.000000000,25.0328,85.41948,nh3,3.0,3.0,3.0,24,good,30.0,59.2,2.2,2026,7,1,23,wednesday,summer,38348.0,85.0,0,Evening,0.0,Warm,Moderate,Low
india,bihar,saharsa,"police line, saharsa - bspcb",2026-07-01 23:00:00.000000000,25.892357,86.590325,no2,19.0,19.0,19.0,331,hazardous,36.4,72.4,15.7,2026,7,1,23,wednesday,summer,145764.0,48.0,0,Evening,0.0,Hot,High,Moderate
india,bihar,saharsa,"police line, saharsa - bspcb",2026-07-01 23:00:00.000000000,25.892357,86.590325,co,35.0,35.0,35.0,28,good,32.9,88.5,22.2,2026,7,1,23,wednesday,summer,145764.0,48.0,0,Evening,0.0,Warm,High,High
india,bihar,saharsa,"police line, saharsa - bspcb",2026-07-01 23:00:00.000000000,25.892357,86.590325,ozone,15.0,15.0,15.0,18,good,35.6,66.6,28.8,2026,7,1,23,wednesday,summer,145764.0,48.0,0,Evening,0.0,Hot,Moderate,High
india,bihar,samastipur,"dm office_kasipur, samastipur - bspcb",2026-07-01 23:00:00.000000000,25.859655,85.77944,pm2.5,27.0,362.0,89.0,55,moderate,25.1,31.2,7.0,2026,7,1,23,wednesday,summer,57575.0,52.0,0,Evening,335.0,Warm,Low,Low
india,bihar,siwan,"chitragupta nagar, siwan - bspcb",2026-07-01 23:00:00.000000000,26.2271665,84.3570427,ozone,12.0,16.0,14.0,23,good,31.3,66.2,8.1,2026,7,1,23,wednesday,summer,119181.0,71.0,0,Evening,4.0,Warm,Moderate,Low
india,andhra pradesh,guntur,"rajendra nagar north, guntur - appcb",2026-07-01 23:00:00.000000000,16.316553,80.413302,so2,7.0,17.0,11.0,43,good,26.5,84.5,10.7,2026,7,1,23,wednesday,summer,530577.0,31.0,0,Evening,10.0,Warm,High,Moderate
india,andhra pradesh,kadapa,"yerramukkapalli, kadapa - appcb",2026-07-01 23:00:00.000000000,14.465052,78.824187,nh3,9.0,16.0,11.0,14,good,25.8,88.7,28.7,2026,7,1,23,wednesday,summer,127010.0,135.0,0,Evening,7.0,Warm,High,High
india,andhra pradesh,kadapa,"yerramukkapalli, kadapa - appcb",2026-07-01 23:00:00.000000000,14.465052,78.824187,so2,10.0,16.0,12.0,41,good,24.8,32.8,20.5,2026,7,1,23,wednesday,summer,127010.0,135.0,0,Evening,6.0,Moderate,Low,High
india,andhra pradesh,nellore,"ambedkar nagar, nellore - appcb",2026-07-01 23:00:00.000000000,14.438164,79.966814,no2,28.0,31.0,29.0,13,good,29.4,43.2,19.2,2026,7,1,23,wednesday,summer,404158.0,21.0,0,Evening,3.0,Warm,Moderate,Moderate
india,andhra pradesh,nellore,"ambedkar nagar, nellore - appcb",2026-07-01 23:00:00.000000000,14.438164,79.966814,nh3,5.0,7.0,6.0,6,good,37.5,46.3,12.0,2026,7,1,23,wednesday,summer,404158.0,21.0,0,Evening,2.0,Hot,Moderate,Moderate
india,andhra pradesh,nellore,"ambedkar nagar, nellore - appcb",2026-07-01 23:00:00.000000000,14.438164,79.966814,co,36.0,36.0,36.0,28,good,25.2,38.5,23.3,2026,7,1,23,wednesday,summer,404158.0,21.0,0,Evening,0.0,Warm,Low,High
india,andhra pradesh,rajamahendravaram,"anand kala kshetram, rajamahendravaram - appcb",2026-07-01 23:00:00.000000000,16.9872867,81.7363176,no2,3.0,8.0,5.0,37,good,15.4,86.1,7.5,2026,7,1,23,wednesday,summer,304804.0,34.0,0,Evening,5.0,Moderate,High,Low
india,andhra pradesh,rajamahendravaram,"anand kala kshetram, rajamahendravaram - appcb",2026-07-01 23:00:00.000000000,16.9872867,81.7363176,co,8.0,25.0,16.0,11,good,36.4,79.0,15.2,2026,7,1,23,wednesday,summer,304804.0,34.0,0,Evening,17.0,Hot,High,Moderate
india,andhra pradesh,tirumala,"toll gate, tirumala - appcb",2026-07-01 23:00:00.000000000,13.67,79.35,pm2.5,3.0,20.0,11.0,1,good,22.5,80.1,7.4,2026,7,1,23,wednesday,summer,18013.0,858.0,0,Evening,17.0,Moderate,High,Low
india,andhra pradesh,tirumala,"toll gate, tirumala - appcb",2026-07-01 23:00:00.000000000,13.67,79.35,no2,15.0,62.0,39.0,42,good,37.7,30.7,18.4,2026,7,1,23,wednesday,summer,18013.0,858.0,0,Evening,47.0,Hot,Low,Moderate
india,andhra pradesh,tirumala,"toll gate, tirumala - appcb",2026-07-01 23:00:00.000000000,13.67,79.35,nh3,2.0,3.0,2.0,46,good,21.1,42.3,16.2,2026,7,1,23,wednesday,summer,18013.0,858.0,0,Evening,1.0,Moderate,Moderate,Moderate
india,andhra pradesh,tirupati,"vaikuntapuram, tirupati - appcb",2026-07-01 23:00:00.000000000,13.615387,79.40923,ozone,47.0,48.0,48.0,39,good,24.8,73.0,22.3,2026,7,1,23,wednesday,summer,250821.0,156.0,0,Evening,1.0,Moderate,High,High
india,andhra pradesh,vijayawada,"rajiv gandhi park, vijayawada - appcb",2026-07-01 23:00:00.000000000,16.509717,80.612222,co,26.0,30.0,28.0,6,good,15.7,33.2,24.9,2026,7,1,23,wednesday,summer,874587.0,47.0,0,Evening,4.0,Moderate,Low,High
india,andhra pradesh,vijayawada,"hb colony, vijayawada - appcb",2026-07-01 23:00:00.000000000,16.536107,80.594233,ozone,20.0,43.0,28.0,37,good,16.7,51.8,19.2,2026,7,1,23,wednesday,summer,874587.0,47.0,0,Evening,23.0,Moderate,Moderate,Moderate
india,andhra pradesh,vijayawada,"rajiv nagar, vijayawada - appcb",2026-07-01 23:00:00.000000000,16.554731,80.64911,pm2.5,47.0,65.0,52.0,88,moderate,17.0,89.5,14.0,2026,7,1,23,wednesday,summer,874587.0,47.0,0,Evening,18.0,Moderate,High,Moderate
india,andhra pradesh,vijayawada,"rajiv nagar, vijayawada - appcb",2026-07-01 23:00:00.000000000,16.554731,80.64911,so2,8.0,17.0,12.0,7,good,23.2,74.8,3.0,2026,7,1,23,wednesday,summer,874587.0,47.0,0,Evening,9.0,Moderate,High,Low
india,andhra pradesh,vijayawada,"rajiv nagar, vijayawada - appcb",2026-07-01 23:00:00.000000000,16.554731,80.64911,ozone,31.0,46.0,36.0,19,good,27.4,67.9,0.3,2026,7,1,23,wednesday,summer,874587.0,47.0,0,Evening,15.0,Warm,Moderate,Low
india,andhra pradesh,visakhapatnam,"gvm corporation, visakhapatnam - appcb",2026-07-01 23:00:00.000000000,17.72,83.3,pm10,18.0,152.0,74.0,55,moderate,23.1,36.5,9.9,2026,7,1,23,wednesday,summer,1063178.0,24.0,0,Evening,134.0,Moderate,Low,Low
india,arunachal pradesh,naharlagun,"naharlagun, naharlagun - apspcb",2026-07-01 23:00:00.000000000,27.103358,93.679645,pm2.5,2.0,57.0,28.0,14,good,15.1,83.2,19.7,2026,7,1,23,wednesday,summer,26912.0,159.0,0,Evening,55.0,Moderate,High,Moderate
india,arunachal pradesh,naharlagun,"naharlagun, naharlagun - apspcb",2026-07-01 23:00:00.000000000,27.103358,93.679645,no2,7.0,12.0,9.0,35,good,33.6,84.0,22.7,2026,7,1,23,wednesday,summer,26912.0,159.0,0,Evening,5.0,Warm,High,High
india,assam,guwahati,"lgbi airport, guwahati - pcba",2026-07-01 23:00:00.000000000,26.10887,91.589544,pm10,13.0,59.0,41.0,33,good,30.0,30.1,0.6,2026,7,1,23,wednesday,summer,899094.0,59.0,0,Evening,46.0,Warm,Low,Low
india,assam,guwahati,"railway colony, guwahati - pcba",2026-07-01 23:00:00.000000000,26.181742,91.78063,pm2.5,16.0,74.0,49.0,20,good,34.2,32.2,23.4,2026,7,1,23,wednesday,summer,899094.0,59.0,0,Evening,58.0,Warm,Low,High
india,assam,guwahati,"railway colony, guwahati - pcba",2026-07-01 23:00:00.000000000,26.181742,91.78063,co,13.0,14.0,14.0,43,good,21.1,72.0,23.4,2026,7,1,23,wednesday,summer,899094.0,59.0,0,Evening,1.0,Moderate,High,High
india,assam,guwahati,"pan bazaar, guwahati - pcba",2026-07-01 23:00:00.000000000,26.1875,91.744194,pm10,23.0,23.5,23.5,414,hazardous,34.4,34.2,26.3,2026,7,1,23,wednesday,summer,899094.0,59.0,0,Evening,0.5,Warm,Low,High
india,bihar,motihari,"gandak colony, motihari - bspcb",2026-07-01 23:00:00.000000000,26.63086,84.90051,pm10,45.0,60.0,53.0,451,hazardous,27.6,32.6,19.7,2026,7,1,23,wednesday,summer,112144.0,74.0,0,Evening,15.0,Warm,Low,Moderate
india,bihar,muzaffarpur,"buddha colony, muzaffarpur - bspcb",2026-07-01 23:00:00.000000000,26.11442,85.39813,pm2.5,57.0,87.0,73.0,68,moderate,25.6,81.0,22.1,2026,7,1,23,wednesday,summer,333200.0,60.0,0,Evening,30.0,Warm,High,High
india,bihar,muzaffarpur,"buddha colony, muzaffarpur - bspcb",2026-07-01 23:00:00.000000000,26.11442,85.39813,so2,1.0,11.0,6.0,28,good,19.3,78.2,4.5,2026,7,1,23,wednesday,summer,333200.0,60.0,0,Evening,10.0,Moderate,High,Low
india,bihar,muzaffarpur,"muzaffarpur collectorate, muzaffarpur - bspcb",2026-07-01 23:00:00.000000000,26.1209,85.3647,pm2.5,38.0,80.0,53.0,60,moderate,21.7,57.0,17.7,2026,7,1,23,wednesday,summer,333200.0,60.0,0,Evening,42.0,Moderate,Moderate,Moderate
india,bihar,muzaffarpur,"muzaffarpur collectorate, muzaffarpur - bspcb",2026-07-01 23:00:00.000000000,26.1209,85.3647,pm10,26.5,52.5,36.5,352,hazardous,33.7,39.2,29.9,2026,7,1,23,wednesday,summer,333200.0,60.0,0,Evening,26.0,Warm,Low,High
india,bihar,muzaffarpur,"muzaffarpur collectorate, muzaffarpur - bspcb",2026-07-01 23:00:00.000000000,26.1209,85.3647,no2,15.0,25.0,20.0,21,good,36.9,92.5,10.1,2026,7,1,23,wednesday,summer,333200.0,60.0,0,Evening,10.0,Hot,High,Moderate
india,bihar,muzaffarpur,"mit-daudpur kothi, muzaffarpur - bspcb",2026-07-01 23:00:00.000000000,26.1403345,85.3650192,no2,1.0,9.0,6.0,15,good,19.6,39.3,19.6,2026,7,1,23,wednesday,summer,333200.0,60.0,0,Evening,8.0,Moderate,Low,Moderate
india,bihar,muzaffarpur,"mit-daudpur kothi, muzaffarpur - bspcb",2026-07-01 23:00:00.000000000,26.1403345,85.3650192,so2,9.0,21.0,14.0,1,good,34.4,44.6,17.8,2026,7,1,23,wednesday,summer,333200.0,60.0,0,Evening,12.0,Warm,Moderate,Moderate
india,bihar,muzaffarpur,"mit-daudpur kothi, muzaffarpur - bspcb",2026-07-01 23:00:00.000000000,26.1403345,85.3650192,co,13.0,21.0,16.0,30,good,38.0,54.7,12.5,2026,7,1,23,wednesday,summer,333200.0,60.0,0,Evening,8.0,Hot,Moderate,Moderate
india,bihar,patna,"drm office danapur, patna - bspcb",2026-07-01 23:00:00.000000000,25.586562,85.043586,no2,30.0,35.0,32.0,32,good,33.5,44.9,7.4,2026,7,1,23,wednesday,summer,1599920.0,53.0,0,Evening,5.0,Warm,Moderate,Low
india,bihar,patna,"rajbansi nagar, patna - bspcb",2026-07-01 23:00:00.000000000,25.599486,85.113666,pm10,37.0,58.0,47.0,24,good,32.8,80.1,20.4,2026,7,1,23,wednesday,summer,1599920.0,53.0,0,Evening,21.0,Warm,High,High
india,bihar,patna,"rajbansi nagar, patna - bspcb",2026-07-01 23:00:00.000000000,25.599486,85.113666,nh3,2.0,3.0,3.0,15,good,31.5,56.2,20.8,2026,7,1,23,wednesday,summer,1599920.0,53.0,0,Evening,1.0,Warm,Moderate,High
india,chhattisgarh,korba,"urja nagar, korba - cecb",2026-07-01 23:00:00.000000000,22.348441,82.549611,pm10,7.0,22.0,13.0,34,good,22.3,31.4,1.1,2026,7,1,23,wednesday,summer,419146.0,289.0,0,Evening,15.0,Moderate,Low,Low
india,chhattisgarh,korba,"urja nagar, korba - cecb",2026-07-01 23:00:00.000000000,22.348441,82.549611,no2,5.0,10.0,8.0,8,good,23.0,44.0,16.0,2026,7,1,23,wednesday,summer,419146.0,289.0,0,Evening,5.0,Moderate,Moderate,Moderate
india,chhattisgarh,korba,"urja nagar, korba - cecb",2026-07-01 23:00:00.000000000,22.348441,82.549611,ozone,2.0,2.0,2.0,45,good,30.3,70.3,28.7,2026,7,1,23,wednesday,summer,419146.0,289.0,0,Evening,0.0,Warm,High,High
india,chhattisgarh,raipur,"aiims, raipur - cecb",2026-07-01 23:00:00.000000000,21.258815,81.578979,co,19.0,23.0,20.0,22,good,18.1,46.1,19.5,2026,7,1,23,wednesday,summer,17537.0,336.0,0,Evening,4.0,Moderate,Moderate,Moderate
india,chhattisgarh,raipur,"siltara phase-ii, raipur - cecb",2026-07-01 23:00:00.000000000,21.371751,81.664929,pm2.5,12.0,71.0,44.0,50,good,31.5,32.5,5.2,2026,7,1,23,wednesday,summer,17537.0,336.0,0,Evening,59.0,Warm,Low,Low
india,chhattisgarh,raipur,"siltara phase-ii, raipur - cecb",2026-07-01 23:00:00.000000000,21.371751,81.664929,pm10,6.0,46.5,26.0,452,hazardous,26.4,81.4,16.6,2026,7,1,23,wednesday,summer,17537.0,336.0,0,Evening,40.5,Warm,High,Moderate
india,chhattisgarh,raipur,"siltara phase-ii, raipur - cecb",2026-07-01 23:00:00.000000000,21.371751,81.664929,so2,0.0,22.0,8.0,25,good,22.1,44.1,16.5,2026,7,1,23,wednesday,summer,17537.0,336.0,0,Evening,22.0,Moderate,Moderate,Moderate
india,chhattisgarh,raipur,"krishak nagar, raipur - cecb",2026-07-01 23:00:00.000000000,21.237755,81.705301,pm2.5,9.0,33.0,17.0,40,good,28.2,63.5,27.7,2026,7,1,23,wednesday,summer,17537.0,336.0,0,Evening,24.0,Warm,Moderate,High
india,delhi,delhi,"pusa, delhi - iitm",2026-07-01 23:00:00.000000000,28.63611,77.173332,pm2.5,10.0,42.66666666666666,21.666666666666668,373,hazardous,27.1,77.0,5.2,2026,7,1,23,wednesday,summer,10927986.0,227.0,0,Evening,32.66666666666666,Warm,High,Low
india,chandigarh,chandigarh,"sector-25, chandigarh - cpcc",2026-07-01 23:00:00.000000000,30.751462,76.762879,so2,11.0,52.33333333333333,26.333333333333336,413,hazardous,39.3,38.9,27.9,2026,7,1,23,wednesday,summer,960787.0,351.0,0,Evening,41.33333333333333,Hot,Low,High
india,chandigarh,chandigarh,"sector-53, chandigarh - cpcc",2026-07-01 23:00:00.000000000,30.719859,76.738637,no2,12.0,62.0,31.0,42,good,32.0,41.5,14.4,2026,7,1,23,wednesday,summer,960787.0,351.0,0,Evening,50.0,Warm,Moderate,Moderate
india,chhattisgarh,bhilai,"hathkhoj, bhilai - cecb",2026-07-01 23:00:00.000000000,21.224231,81.40835,nh3,5.0,5.0,5.0,6,good,20.4,57.4,0.4,2026,7,1,23,wednesday,summer,625138.0,307.0,0,Evening,0.0,Moderate,Moderate,Low
india,chhattisgarh,bhilai,"hathkhoj, bhilai - cecb",2026-07-01 23:00:00.000000000,21.224231,81.40835,so2,9.0,37.0,19.0,15,good,16.3,77.2,27.3,2026,7,1,23,wednesday,summer,625138.0,307.0,0,Evening,28.0,Moderate,High,High
india,chhattisgarh,bhilai,"hathkhoj, bhilai - cecb",2026-07-01 23:00:00.000000000,21.224231,81.40835,co,21.0,42.0,32.0,11,good,29.9,55.7,29.6,2026,7,1,23,wednesday,summer,625138.0,307.0,0,Evening,21.0,Warm,Moderate,High
india,chhattisgarh,bilaspur,"mangala, bilaspur - ntpc",2026-07-01 23:00:00.000000000,22.08815,82.13737,pm2.5,12.0,40.0,28.0,20,good,24.0,84.4,6.3,2026,7,1,23,wednesday,summer,282705.0,265.0,0,Evening,28.0,Moderate,High,Low
india,chhattisgarh,bilaspur,"mangala, bilaspur - ntpc",2026-07-01 23:00:00.000000000,22.08815,82.13737,ozone,14.5,42.0,27.0,415,hazardous,34.7,55.6,13.7,2026,7,1,23,wednesday,summer,282705.0,265.0,0,Evening,27.5,Warm,Moderate,Moderate
india,chhattisgarh,korba,"rampur, korba - cecb",2026-07-01 23:00:00.000000000,22.368195,82.746431,no2,7.5,15.0,9.0,403,hazardous,39.7,63.6,4.2,2026,7,1,23,wednesday,summer,419146.0,289.0,0,Evening,7.5,Hot,Moderate,Low
india,chhattisgarh,korba,"rampur, korba - cecb",2026-07-01 23:00:00.000000000,22.368195,82.746431,ozone,8.0,17.0,9.0,20,good,30.3,52.0,2.5,2026,7,1,23,wednesday,summer,419146.0,289.0,0,Evening,9.0,Warm,Moderate,Low
india,bihar,bettiah,"kamalnath nagar, bettiah - bspcb",2026-07-01 23:00:00.000000000,26.80365,84.51954,so2,10.0,12.0,11.0,49,good,16.2,68.3,11.3,2026,7,1,23,wednesday,summer,127008.0,84.0,0,Evening,2.0,Moderate,Moderate,Moderate
india,bihar,bhagalpur,"mayaganj, bhagalpur - bspcb",2026-07-01 23:00:00.000000000,25.265194,87.012947,no2,5.0,9.0,7.0,47,good,35.9,78.5,21.0,2026,7,1,23,wednesday,summer,361548.0,52.0,0,Evening,4.0,Hot,High,High
india,bihar,bhagalpur,"dm office_kachari chowk, bhagalpur - bspcb",2026-07-01 23:00:00.000000000,25.251013,86.989001,pm2.5,8.0,11.0,9.5,318,hazardous,28.9,52.3,5.4,2026,7,1,23,wednesday,summer,361548.0,52.0,0,Evening,3.0,Warm,Moderate,Low
india,bihar,bhagalpur,"dm office_kachari chowk, bhagalpur - bspcb",2026-07-01 23:00:00.000000000,25.251013,86.989001,no2,11.0,13.0,12.0,46,good,26.4,39.9,16.4,2026,7,1,23,wednesday,summer,361548.0,52.0,0,Evening,2.0,Warm,Low,Moderate
india,bihar,bhagalpur,"dm office_kachari chowk, bhagalpur - bspcb",2026-07-01 23:00:00.000000000,25.251013,86.989001,nh3,1.0,1.0,1.0,24,good,28.5,54.5,21.5,2026,7,1,23,wednesday,summer,361548.0,52.0,0,Evening,0.0,Warm,Moderate,High
india,bihar,bihar sharif,"d m colony, bihar sharif - bspcb",2026-07-01 23:00:00.000000000,25.204762,85.51496,nh3,3.0,4.0,3.0,42,good,24.3,48.6,4.5,2026,7,1,23,wednesday,summer,244230.0,68.0,0,Evening,1.0,Moderate,Moderate,Low
india,bihar,bihar sharif,"d m colony, bihar sharif - bspcb",2026-07-01 23:00:00.000000000,25.204762,85.51496,co,50.0,62.0,58.0,72,moderate,19.1,30.8,5.1,2026,7,1,23,wednesday,summer,244230.0,68.0,0,Evening,12.0,Moderate,Low,Low
india,bihar,buxar,"charitra van, buxar - bspcb",2026-07-01 23:00:00.000000000,25.56752,83.966379,no2,9.0,10.0,9.0,31,good,27.6,89.1,19.0,2026,7,1,23,wednesday,summer,96120.0,67.0,0,Evening,1.0,Warm,High,Moderate
india,bihar,buxar,"charitra van, buxar - bspcb",2026-07-01 23:00:00.000000000,25.56752,83.966379,so2,27.0,32.0,30.0,2,good,28.1,75.0,17.8,2026,7,1,23,wednesday,summer,96120.0,67.0,0,Evening,5.0,Warm,High,Moderate
india,bihar,buxar,"charitra van, buxar - bspcb",2026-07-01 23:00:00.000000000,25.56752,83.966379,ozone,10.0,47.0,28.0,20,good,30.1,94.0,25.8,2026,7,1,23,wednesday,summer,96120.0,67.0,0,Evening,37.0,Warm,High,High
india,bihar,gaya,"collectorate, gaya - bspcb",2026-07-01 23:00:00.000000000,24.7955,84.9994,pm2.5,30.0,358.0,175.0,190,unhealthy,37.9,65.3,28.0,2026,7,1,23,wednesday,summer,423692.0,117.0,0,Evening,328.0,Hot,Moderate,High
india,assam,silchar,"tarapur, silchar - pcba",2026-07-01 23:00:00.000000000,24.82827,92.79525,pm2.5,32.0,34.0,33.0,43,good,33.6,72.1,28.4,2026,7,1,23,wednesday,summer,152393.0,24.0,0,Evening,2.0,Warm,High,High
india,assam,silchar,"tarapur, silchar - pcba",2026-07-01 23:00:00.000000000,24.82827,92.79525,pm10,39.0,59.0,47.0,4,good,27.2,94.2,19.2,2026,7,1,23,wednesday,summer,152393.0,24.0,0,Evening,20.0,Warm,High,Moderate
india,bihar,arrah,"new dm office, arrah - bspcb",2026-07-01 23:00:00.000000000,25.5626095,84.663264,co,46.0,57.0,51.0,71,moderate,26.2,81.0,16.6,2026,7,1,23,wednesday,summer,223676.0,64.0,0,Evening,11.0,Warm,High,Moderate
india,bihar,arrah,"new dm office, arrah - bspcb",2026-07-01 23:00:00.000000000,25.5626095,84.663264,ozone,5.0,9.0,7.0,14,good,24.6,50.5,13.8,2026,7,1,23,wednesday,summer,223676.0,64.0,0,Evening,4.0,Moderate,Moderate,Moderate
india,bihar,aurangabad,"gurdeo nagar, aurangabad - bspcb",2026-07-01 23:00:00.000000000,24.75746,84.366208,ozone,6.0,7.0,6.0,11,good,26.4,57.6,6.0,2026,7,1,23,wednesday,summer,1016441.0,588.0,0,Evening,1.0,Warm,Moderate,Low
india,bihar,begusarai,"lohiyanagar, begusarai - bspcb",2026-07-01 23:00:00.000000000,25.42742023,86.13886079,co,9.0,18.0,15.0,37,good,15.1,78.5,8.3,2026,7,1,23,wednesday,summer,103060.0,47.0,0,Evening,9.0,Moderate,High,Low
india,bihar,gaya,"sfti kusdihra, gaya - bspcb",2026-07-01 23:00:00.000000000,24.762518,84.982348,ozone,8.0,37.0,19.0,27,good,39.5,87.0,6.2,2026,7,1,23,wednesday,summer,423692.0,117.0,0,Evening,29.0,Hot,High,Low
india,bihar,gaya,"kareemganj, gaya - bspcb",2026-07-01 23:00:00.000000000,24.792403,84.992416,so2,35.0,44.0,41.0,37,good,15.5,33.2,16.8,2026,7,1,23,wednesday,summer,423692.0,117.0,0,Evening,9.0,Moderate,Low,Moderate
india,bihar,gaya,"kareemganj, gaya - bspcb",2026-07-01 23:00:00.000000000,24.792403,84.992416,ozone,22.0,45.0,35.0,16,good,29.5,50.7,26.1,2026,7,1,23,wednesday,summer,423692.0,117.0,0,Evening,23.0,Warm,Moderate,High
india,bihar,katihar,"mirchaibari, katihar - bspcb",2026-07-01 23:00:00.000000000,25.560083,87.553265,pm2.5,3.0,23.0,15.0,4,good,35.4,57.3,16.7,2026,7,1,23,wednesday,summer,192555.0,34.0,0,Evening,20.0,Hot,Moderate,Moderate
india,bihar,katihar,"mirchaibari, katihar - bspcb",2026-07-01 23:00:00.000000000,25.560083,87.553265,so2,17.0,22.0,19.0,13,good,30.8,70.4,22.3,2026,7,1,23,wednesday,summer,192555.0,34.0,0,Evening,5.0,Warm,High,High
india,bihar,katihar,"mirchaibari, katihar - bspcb",2026-07-01 23:00:00.000000000,25.560083,87.553265,ozone,15.0,26.0,19.0,22,good,31.4,61.9,18.0,2026,7,1,23,wednesday,summer,192555.0,34.0,0,Evening,11.0,Warm,Moderate,Moderate
india,bihar,kishanganj,"sdm office_khagra, kishanganj - bspcb",2026-07-01 23:00:00.000000000,26.0881305,87.93840336,so2,7.0,11.0,8.0,10,good,29.5,52.0,22.8,2026,7,1,23,wednesday,summer,94807.0,57.0,0,Evening,4.0,Warm,Moderate,High
india,andhra pradesh,amaravati,"secretariat, amaravati - appcb",2026-07-01 23:00:00.000000000,16.5150833,80.5181667,pm2.5,9.0,29.0,18.0,2,good,28.5,61.4,12.7,2026,7,1,23,wednesday,summer,603837.0,341.0,0,Evening,20.0,Warm,Moderate,Moderate
india,andhra pradesh,chittoor,"gangineni cheruvu, chittoor - appcb",2026-07-01 23:00:00.000000000,13.20488,79.097889,co,14.0,20.0,18.0,30,good,21.3,49.1,13.0,2026,7,1,23,wednesday,summer,24588.0,334.0,0,Evening,6.0,Moderate,Moderate,Moderate
india,andhra pradesh,eluru,"district court, eluru - appcb",2026-07-01 23:00:00.000000000,16.711754,81.092095,pm2.5,50.0,66.0,58.0,77,moderate,34.5,83.1,26.7,2026,7,1,23,wednesday,summer,183387.0,20.0,0,Evening,16.0,Warm,High,High
india,andhra pradesh,eluru,"district court, eluru - appcb",2026-07-01 23:00:00.000000000,16.711754,81.092095,no2,11.0,29.0,16.0,18,good,32.0,87.8,7.9,2026,7,1,23,wednesday,summer,183387.0,20.0,0,Evening,18.0,Warm,High,Low
india,delhi,delhi,"ashok vihar, delhi - dpcc",2026-07-01 23:00:00.000000000,28.695381,77.181665,so2,6.0,18.0,11.0,41,good,39.7,39.1,19.3,2026,7,1,23,wednesday,summer,10927986.0,227.0,0,Evening,12.0,Hot,Low,Moderate
india,delhi,delhi,"ashok vihar, delhi - dpcc",2026-07-01 23:00:00.000000000,28.695381,77.181665,ozone,5.0,12.0,8.0,1,good,22.0,90.5,3.3,2026,7,1,23,wednesday,summer,10927986.0,227.0,0,Evening,7.0,Moderate,High,Low
india,delhi,delhi,"r k puram, delhi - dpcc",2026-07-01 23:00:00.000000000,28.563262,77.186937,no2,19.0,58.0,28.0,18,good,22.8,45.1,3.0,2026,7,1,23,wednesday,summer,10927986.0,227.0,0,Evening,39.0,Moderate,Moderate,Low
india,delhi,delhi,"r k puram, delhi - dpcc",2026-07-01 23:00:00.000000000,28.563262,77.186937,so2,13.0,101.0,36.0,5,good,15.5,56.4,18.7,2026,7,1,23,wednesday,summer,10927986.0,227.0,0,Evening,88.0,Moderate,Moderate,Moderate
india,delhi,delhi,"r k puram, delhi - dpcc",2026-07-01 23:00:00.000000000,28.563262,77.186937,co,27.0,35.0,31.0,32,good,26.8,81.8,10.1,2026,7,1,23,wednesday,summer,10927986.0,227.0,0,Evening,8.0,Warm,High,Moderate
india,delhi,delhi,"dwarka-sector 8, delhi - dpcc",2026-07-01 23:00:00.000000000,28.5710274,77.0719006,pm10,80.0,156.0,117.0,150,unhealthy for sensitive groups,32.3,85.2,20.9,2026,7,1,23,wednesday,summer,10927986.0,227.0,0,Evening,76.0,Warm,High,High
india,delhi,delhi,"dwarka-sector 8, delhi - dpcc",2026-07-01 23:00:00.000000000,28.5710274,77.0719006,ozone,17.0,32.0,25.0,22,good,35.7,69.8,14.7,2026,7,1,23,wednesday,summer,10927986.0,227.0,0,Evening,15.0,Hot,Moderate,Moderate
india,delhi,delhi,"ito, delhi - cpcb",2026-07-01 23:00:00.000000000,28.628624,77.24106,nh3,2.0,6.0,4.0,47,good,33.3,30.8,0.5,2026,7,1,23,wednesday,summer,10927986.0,227.0,0,Evening,4.0,Warm,Low,Low
india,delhi,delhi,"iit delhi, delhi - iitm",2026-07-01 23:00:00.000000000,28.54246,77.191651,pm10,89.0,137.0,112.0,140,unhealthy for sensitive groups,20.8,49.8,14.4,2026,7,1,23,wednesday,summer,10927986.0,227.0,0,Evening,48.0,Moderate,Moderate,Moderate
india,delhi,delhi,"iit delhi, delhi - iitm",2026-07-01 23:00:00.000000000,28.54246,77.191651,nh3,55.5,120.0,86.0,335,hazardous,38.5,82.7,11.7,2026,7,1,23,wednesday,summer,10927986.0,227.0,0,Evening,64.5,Hot,High,Moderate
india,delhi,delhi,"aya nagar, delhi - iitm",2026-07-01 23:00:00.000000000,28.4706914,77.1099364,pm2.5,22.0,103.0,60.0,53,moderate,25.5,73.5,6.0,2026,7,1,23,wednesday,summer,10927986.0,227.0,0,Evening,81.0,Warm,High,Low
india,delhi,delhi,"aya nagar, delhi - iitm",2026-07-01 23:00:00.000000000,28.4706914,77.1099364,no2,26.0,33.0,30.0,30,good,30.9,58.6,8.8,2026,7,1,23,wednesday,summer,10927986.0,227.0,0,Evening,7.0,Warm,Moderate,Low
india,delhi,delhi,"aya nagar, delhi - iitm",2026-07-01 23:00:00.000000000,28.4706914,77.1099364,nh3,18.666666666666668,25.33333333333333,22.0,394,hazardous,19.7,75.2,4.3,2026,7,1,23,wednesday,summer,10927986.0,227.0,0,Evening,6.666666666666661,Moderate,High,Low
india,delhi,delhi,"north campus, du, delhi - iitm",2026-07-01 23:00:00.000000000,28.6573814,77.1585447,nh3,11.333333333333334,17.666666666666664,14.0,477,hazardous,32.4,42.6,26.3,2026,7,1,23,wednesday,summer,10927986.0,227.0,0,Evening,6.33333333333333,Warm,Moderate,High
india,delhi,delhi,"okhla phase-2, delhi - dpcc",2026-07-01 23:00:00.000000000,28.530785,77.271255,nh3,4.0,10.0,6.0,40,good,15.9,61.2,9.2,2026,7,1,23,wednesday,summer,10927986.0,227.0,0,Evening,6.0,Moderate,Moderate,Low
india,delhi,delhi,"okhla phase-2, delhi - dpcc",2026-07-01 23:00:00.000000000,28.530785,77.271255,so2,9.0,15.0,11.0,37,good,38.1,39.1,19.3,2026,7,1,23,wednesday,summer,10927986.0,227.0,0,Evening,6.0,Hot,Low,Moderate
india,delhi,delhi,"okhla phase-2, delhi - dpcc",2026-07-01 23:00:00.000000000,28.530785,77.271255,co,33.0,41.0,35.0,29,good,36.0,63.7,1.4,2026,7,1,23,wednesday,summer,10927986.0,227.0,0,Evening,8.0,Hot,Moderate,Low
india,delhi,delhi,"rohini, delhi - dpcc",2026-07-01 23:00:00.000000000,28.732528,77.11992,pm2.5,45.0,127.0,84.0,66,moderate,33.9,74.9,15.6,2026,7,1,23,wednesday,summer,10927986.0,227.0,0,Evening,82.0,Warm,High,Moderate
india,delhi,delhi,"vivek vihar, delhi - dpcc",2026-07-01 23:00:00.000000000,28.672342,77.31526,so2,8.0,23.0,13.0,14,good,16.7,62.4,21.6,2026,7,1,23,wednesday,summer,10927986.0,227.0,0,Evening,15.0,Moderate,Moderate,High
india,delhi,delhi,"jahangirpuri, delhi - dpcc",2026-07-01 23:00:00.000000000,28.73282,77.170633,pm2.5,30.0,250.0,117.0,127,unhealthy for sensitive groups,22.2,59.2,7.9,2026,7,1,23,wednesday,summer,10927986.0,227.0,0,Evening,220.0,Moderate,Moderate,Low
india,delhi,delhi,"jahangirpuri, delhi - dpcc",2026-07-01 23:00:00.000000000,28.73282,77.170633,co,52.0,80.0,60.0,75,moderate,30.6,73.8,4.9,2026,7,1,23,wednesday,summer,10927986.0,227.0,0,Evening,28.0,Warm,High,Low
india,delhi,delhi,"ihbas, dilshad garden, delhi - cpcb",2026-07-01 23:00:00.000000000,28.6811736,77.3025234,ozone,23.0,56.0,38.0,34,good,24.3,59.5,1.7,2026,7,1,23,wednesday,summer,10927986.0,227.0,0,Evening,33.0,Moderate,Moderate,Low
india,delhi,delhi,"sri aurobindo marg, delhi - dpcc",2026-07-01 23:00:00.000000000,28.531346,77.190156,pm2.5,33.0,95.0,65.0,82,moderate,38.9,69.6,24.9,2026,7,1,23,wednesday,summer,10927986.0,227.0,0,Evening,62.0,Hot,Moderate,High
india,delhi,delhi,"sri aurobindo marg, delhi - dpcc",2026-07-01 23:00:00.000000000,28.531346,77.190156,no2,22.0,42.0,27.0,41,good,39.9,54.4,17.6,2026,7,1,23,wednesday,summer,10927986.0,227.0,0,Evening,20.0,Hot,Moderate,Moderate
india,delhi,delhi,"najafgarh, delhi - dpcc",2026-07-01 23:00:00.000000000,28.570173,76.933762,no2,20.0,35.0,24.0,46,good,38.0,35.6,1.6,2026,7,1,23,wednesday,summer,10927986.0,227.0,0,Evening,15.0,Hot,Low,Low
india,delhi,delhi,"wazirpur, delhi - dpcc",2026-07-01 23:00:00.000000000,28.699793,77.165453,no2,23.0,56.0,37.0,18,good,35.7,34.9,15.2,2026,7,1,23,wednesday,summer,10927986.0,227.0,0,Evening,33.0,Hot,Low,Moderate
india,delhi,delhi,"wazirpur, delhi - dpcc",2026-07-01 23:00:00.000000000,28.699793,77.165453,so2,8.0,12.0,10.0,13,good,16.4,43.3,9.6,2026,7,1,23,wednesday,summer,10927986.0,227.0,0,Evening,4.0,Moderate,Moderate,Low
india,delhi,delhi,"crri mathura road, delhi - iitm",2026-07-01 23:00:00.000000000,28.5512005,77.2735737,no2,15.0,28.0,19.0,49,good,30.1,80.7,25.9,2026,7,1,23,wednesday,summer,10927986.0,227.0,0,Evening,13.0,Warm,High,High
india,delhi,delhi,"crri mathura road, delhi - iitm",2026-07-01 23:00:00.000000000,28.5512005,77.2735737,nh3,10.5,21.0,15.0,301,hazardous,20.6,32.8,10.3,2026,7,1,23,wednesday,summer,10927986.0,227.0,0,Evening,10.5,Moderate,Low,Moderate
india,gujarat,ahmedabad,"sac isro bopal, ahmedabad - iitm",2026-07-01 23:00:00.000000000,23.041137,72.456691,co,6.0,14.0,11.0,15,good,28.6,41.5,20.2,2026,7,1,23,wednesday,summer,3719710.0,56.0,0,Evening,8.0,Warm,Moderate,High
india,gujarat,ahmedabad,"sac isro satellite, ahmedabad - iitm",2026-07-01 23:00:00.000000000,23.023389,72.515201,pm2.5,35.0,106.0,59.0,63,moderate,17.4,78.6,19.1,2026,7,1,23,wednesday,summer,3719710.0,56.0,0,Evening,71.0,Moderate,High,Moderate
india,gujarat,ahmedabad,"sac isro satellite, ahmedabad - iitm",2026-07-01 23:00:00.000000000,23.023389,72.515201,no2,10.0,23.0,13.0,36,good,32.8,43.9,26.8,2026,7,1,23,wednesday,summer,3719710.0,56.0,0,Evening,13.0,Warm,Moderate,High
india,gujarat,ahmedabad,"rakhial, ahmedabad - iitm",2026-07-01 23:00:00.000000000,23.016834,72.625775,nh3,3.0,7.0,3.0,45,good,28.4,86.0,11.8,2026,7,1,23,wednesday,summer,3719710.0,56.0,0,Evening,4.0,Warm,High,Moderate
india,gujarat,ahmedabad,"rakhial, ahmedabad - iitm",2026-07-01 23:00:00.000000000,23.016834,72.625775,ozone,8.0,21.0,14.0,41,good,38.4,70.3,0.3,2026,7,1,23,wednesday,summer,3719710.0,56.0,0,Evening,13.0,Hot,High,Low
india,gujarat,ahmedabad,"maninagar, ahmedabad - gpcb",2026-07-01 23:00:00.000000000,23.002657,72.591912,no2,28.0,30.0,29.0,31,good,21.1,69.5,30.0,2026,7,1,23,wednesday,summer,3719710.0,56.0,0,Evening,2.0,Moderate,Moderate,High
india,gujarat,ahmedabad,"maninagar, ahmedabad - gpcb",2026-07-01 23:00:00.000000000,23.002657,72.591912,ozone,41.0,53.0,46.0,39,good,30.7,85.2,24.2,2026,7,1,23,wednesday,summer,3719710.0,56.0,0,Evening,12.0,Warm,High,High
india,gujarat,ahmedabad,"gyaspur, ahmedabad - iitm",2026-07-01 23:00:00.000000000,22.977134,72.553024,pm2.5,21.0,65.0,37.0,20,good,20.8,69.6,12.1,2026,7,1,23,wednesday,summer,3719710.0,56.0,0,Evening,44.0,Moderate,Moderate,Moderate
india,gujarat,ahmedabad,"svpi airport hansol, ahmedabad - iitm",2026-07-01 23:00:00.000000000,23.076793,72.627874,co,21.0,32.0,27.0,18,good,15.6,70.5,14.3,2026,7,1,23,wednesday,summer,3719710.0,56.0,0,Evening,11.0,Moderate,High,Moderate
india,gujarat,ahmedabad,"raikhad, ahmedabad - iitm",2026-07-01 23:00:00.000000000,23.020509,72.579261,no2,5.0,10.0,7.0,40,good,35.7,81.9,27.6,2026,7,1,23,wednesday,summer,3719710.0,56.0,0,Evening,5.0,Hot,High,High
india,delhi,delhi,"ignou_maidan garhi, delhi - dpcc",2026-07-01 23:00:00.000000000,28.493624,77.201159,pm10,29.0,109.0,77.0,89,moderate,29.2,61.3,8.6,2026,7,1,23,wednesday,summer,10927986.0,227.0,0,Evening,80.0,Warm,Moderate,Low
india,delhi,delhi,"ignou_maidan garhi, delhi - dpcc",2026-07-01 23:00:00.000000000,28.493624,77.201159,no2,5.0,13.0,9.0,25,good,38.2,31.7,27.6,2026,7,1,23,wednesday,summer,10927986.0,227.0,0,Evening,8.0,Hot,Low,High
india,delhi,delhi,"ignou_maidan garhi, delhi - dpcc",2026-07-01 23:00:00.000000000,28.493624,77.201159,co,23.0,27.0,26.0,34,good,33.1,63.9,6.3,2026,7,1,23,wednesday,summer,10927986.0,227.0,0,Evening,4.0,Warm,Moderate,Low
india,delhi,delhi,"jnu, delhi - dpcc",2026-07-01 23:00:00.000000000,28.540721,77.168544,co,25.0,37.0,30.0,2,good,23.9,50.8,14.1,2026,7,1,23,wednesday,summer,10927986.0,227.0,0,Evening,12.0,Moderate,Moderate,Moderate
india,delhi,delhi,"alipur, delhi - dpcc",2026-07-01 23:00:00.000000000,28.815329,77.15301,co,23.0,33.0,26.0,46,good,22.7,41.8,22.2,2026,7,1,23,wednesday,summer,10927986.0,227.0,0,Evening,10.0,Moderate,Moderate,High
india,delhi,delhi,"narela, delhi - dpcc",2026-07-01 23:00:00.000000000,28.822836,77.101981,co,36.0,51.0,40.0,1,good,32.6,62.4,8.5,2026,7,1,23,wednesday,summer,10927986.0,227.0,0,Evening,15.0,Warm,Moderate,Low
india,delhi,delhi,"narela, delhi - dpcc",2026-07-01 23:00:00.000000000,28.822836,77.101981,ozone,6.0,11.0,9.0,44,good,17.7,75.4,29.8,2026,7,1,23,wednesday,summer,10927986.0,227.0,0,Evening,5.0,Moderate,High,High
india,delhi,delhi,"commonwealth sports complex, delhi - dpcc",2026-07-01 23:00:00.000000000,28.615828,77.271992,pm2.5,46.0,99.0,69.0,58,moderate,28.5,59.8,9.4,2026,7,1,23,wednesday,summer,10927986.0,227.0,0,Evening,53.0,Warm,Moderate,Low
india,delhi,delhi,"commonwealth sports complex, delhi - dpcc",2026-07-01 23:00:00.000000000,28.615828,77.271992,co,65.0,101.0,80.0,86,moderate,25.0,30.8,18.7,2026,7,1,23,wednesday,summer,10927986.0,227.0,0,Evening,36.0,Warm,Low,Moderate
india,delhi,delhi,"cantonment area, delhi - dpcc",2026-07-01 23:00:00.000000000,28.594169,77.1251,pm10,50.0,134.0,91.0,55,moderate,38.4,78.8,12.9,2026,7,1,23,wednesday,summer,10927986.0,227.0,0,Evening,84.0,Hot,High,Moderate
india,delhi,delhi,"cantonment area, delhi - dpcc",2026-07-01 23:00:00.000000000,28.594169,77.1251,so2,2.0,17.0,4.0,18,good,16.5,82.6,0.2,2026,7,1,23,wednesday,summer,10927986.0,227.0,0,Evening,15.0,Moderate,High,Low
india,delhi,delhi,"nsut jaffarpur, delhi - dpcc",2026-07-01 23:00:00.000000000,28.594004,76.909423,pm2.5,58.0,176.0,97.0,53,moderate,29.8,93.5,10.0,2026,7,1,23,wednesday,summer,10927986.0,227.0,0,Evening,118.0,Warm,High,Moderate
india,delhi,delhi,"nsut jaffarpur, delhi - dpcc",2026-07-01 23:00:00.000000000,28.594004,76.909423,no2,9.0,25.0,18.0,2,good,26.9,42.3,11.8,2026,7,1,23,wednesday,summer,10927986.0,227.0,0,Evening,16.0,Warm,Moderate,Moderate
india,delhi,delhi,"shadipur, delhi - cpcb",2026-07-01 23:00:00.000000000,28.6514781,77.1473105,no2,21.0,73.0,40.0,36,good,25.8,68.2,18.4,2026,7,1,23,wednesday,summer,10927986.0,227.0,0,Evening,52.0,Warm,Moderate,Moderate
india,delhi,delhi,"shadipur, delhi - cpcb",2026-07-01 23:00:00.000000000,28.6514781,77.1473105,so2,4.0,15.0,11.0,22,good,29.8,54.0,1.6,2026,7,1,23,wednesday,summer,10927986.0,227.0,0,Evening,11.0,Warm,Moderate,Low
india,delhi,delhi,"shadipur, delhi - cpcb",2026-07-01 23:00:00.000000000,28.6514781,77.1473105,co,46.0,61.0,51.0,76,moderate,34.7,85.3,15.1,2026,7,1,23,wednesday,summer,10927986.0,227.0,0,Evening,15.0,Warm,High,Moderate
india,delhi,delhi,"mundka, delhi - dpcc",2026-07-01 23:00:00.000000000,28.684678,77.076574,pm2.5,32.0,103.0,67.0,80,moderate,39.7,73.3,7.6,2026,7,1,23,wednesday,summer,10927986.0,227.0,0,Evening,71.0,Hot,High,Low
india,delhi,delhi,"mundka, delhi - dpcc",2026-07-01 23:00:00.000000000,28.684678,77.076574,no2,107.0,143.0,120.0,106,unhealthy for sensitive groups,39.6,63.1,28.1,2026,7,1,23,wednesday,summer,10927986.0,227.0,0,Evening,36.0,Hot,Moderate,High
india,delhi,delhi,"mundka, delhi - dpcc",2026-07-01 23:00:00.000000000,28.684678,77.076574,nh3,7.0,12.0,9.0,10,good,26.3,85.7,27.3,2026,7,1,23,wednesday,summer,10927986.0,227.0,0,Evening,5.0,Warm,High,High
india,delhi,delhi,"punjabi bagh, delhi - dpcc",2026-07-01 23:00:00.000000000,28.674045,77.131023,pm2.5,30.0,183.0,75.0,78,moderate,37.3,58.3,14.0,2026,7,1,23,wednesday,summer,10927986.0,227.0,0,Evening,153.0,Hot,Moderate,Moderate
india,delhi,delhi,"punjabi bagh, delhi - dpcc",2026-07-01 23:00:00.000000000,28.674045,77.131023,no2,21.0,105.0,33.0,9,good,39.1,32.3,28.0,2026,7,1,23,wednesday,summer,10927986.0,227.0,0,Evening,84.0,Hot,Low,High
india,delhi,delhi,"punjabi bagh, delhi - dpcc",2026-07-01 23:00:00.000000000,28.674045,77.131023,co,24.0,75.0,35.0,36,good,24.1,66.4,3.1,2026,7,1,23,wednesday,summer,10927986.0,227.0,0,Evening,51.0,Moderate,Moderate,Low
india,delhi,delhi,"dtu, delhi - cpcb",2026-07-01 23:00:00.000000000,28.7500499,77.1112615,ozone,29.0,33.0,31.0,35,good,38.1,50.3,26.6,2026,7,1,23,wednesday,summer,10927986.0,227.0,0,Evening,4.0,Hot,Moderate,High
india,delhi,delhi,"dr. karni singh shooting range, delhi - dpcc",2026-07-01 23:00:00.000000000,28.498571,77.26484,ozone,13.0,33.0,25.0,22,good,27.4,38.1,29.6,2026,7,1,23,wednesday,summer,10927986.0,227.0,0,Evening,20.0,Warm,Low,High
india,delhi,delhi,"anand vihar, delhi - dpcc",2026-07-01 23:00:00.000000000,28.647622,77.315809,no2,9.0,72.0,29.0,27,good,28.9,76.4,6.0,2026,7,1,23,wednesday,summer,10927986.0,227.0,0,Evening,63.0,Warm,High,Low
india,delhi,delhi,"anand vihar, delhi - dpcc",2026-07-01 23:00:00.000000000,28.647622,77.315809,nh3,6.0,10.0,7.0,25,good,26.7,85.7,12.5,2026,7,1,23,wednesday,summer,10927986.0,227.0,0,Evening,4.0,Warm,High,Moderate
india,gujarat,vapi,"phase-1 gidc, vapi - gpcb",2026-07-01 23:00:00.000000000,20.362421,72.918013,no2,6.0,8.5,6.5,413,hazardous,27.5,55.2,9.4,2026,7,1,23,wednesday,summer,71395.0,30.0,0,Evening,2.5,Warm,Moderate,Low
india,gujarat,vapi,"phase-1 gidc, vapi - gpcb",2026-07-01 23:00:00.000000000,20.362421,72.918013,ozone,6.0,7.0,6.0,22,good,29.3,33.4,17.2,2026,7,1,23,wednesday,summer,71395.0,30.0,0,Evening,1.0,Warm,Low,Moderate
india,haryana,ambala,"patti mehar, ambala - hspcb",2026-07-01 23:00:00.000000000,30.379589,76.778328,pm10,51.0,131.0,87.0,58,moderate,18.0,68.5,3.3,2026,7,1,23,wednesday,summer,146787.0,276.0,0,Evening,80.0,Moderate,Moderate,Low
india,haryana,ambala,"patti mehar, ambala - hspcb",2026-07-01 23:00:00.000000000,30.379589,76.778328,no2,20.0,54.0,30.0,34,good,30.0,39.7,11.0,2026,7,1,23,wednesday,summer,146787.0,276.0,0,Evening,34.0,Warm,Low,Moderate
india,haryana,ambala,"patti mehar, ambala - hspcb",2026-07-01 23:00:00.000000000,30.379589,76.778328,so2,15.0,32.0,22.0,45,good,21.0,57.5,16.6,2026,7,1,23,wednesday,summer,146787.0,276.0,0,Evening,17.0,Moderate,Moderate,Moderate
india,haryana,ambala,"patti mehar, ambala - hspcb",2026-07-01 23:00:00.000000000,30.379589,76.778328,co,10.0,11.0,11.0,4,good,25.9,86.0,24.6,2026,7,1,23,wednesday,summer,146787.0,276.0,0,Evening,1.0,Warm,High,High
india,haryana,bahadurgarh,"arya nagar, bahadurgarh - hspcb",2026-07-01 23:00:00.000000000,28.6701,76.9254,no2,12.0,20.0,15.0,12,good,33.6,40.1,20.9,2026,7,1,23,wednesday,summer,153613.0,215.0,0,Evening,8.0,Warm,Moderate,High
india,haryana,bahadurgarh,"arya nagar, bahadurgarh - hspcb",2026-07-01 23:00:00.000000000,28.6701,76.9254,so2,5.0,7.0,6.0,11,good,15.5,76.0,20.9,2026,7,1,23,wednesday,summer,153613.0,215.0,0,Evening,2.0,Moderate,High,High
india,haryana,bhiwani,"h.b. colony, bhiwani - hspcb",2026-07-01 23:00:00.000000000,28.806223,76.141105,pm10,88.0,107.0,94.0,97,moderate,17.8,71.1,14.0,2026,7,1,23,wednesday,summer,190855.0,223.0,0,Evening,19.0,Moderate,High,Moderate
india,haryana,charkhi dadri,"mini secretariat, charkhi dadri - hspcb",2026-07-01 23:00:00.000000000,28.593883,76.270653,pm2.5,83.0,332.0,190.0,157,unhealthy,31.2,47.9,27.1,2026,7,1,23,wednesday,summer,50558.0,225.0,0,Evening,249.0,Warm,Moderate,High
india,gujarat,gandhinagar,"sector-10, gandhinagar - gpcb",2026-07-01 23:00:00.000000000,23.221714,72.654328,nh3,1.0,2.0,1.0,18,good,35.6,44.2,11.2,2026,7,1,23,wednesday,summer,195985.0,54.0,0,Evening,1.0,Hot,Moderate,Moderate
india,gujarat,gandhinagar,"sector-10, gandhinagar - gpcb",2026-07-01 23:00:00.000000000,23.221714,72.654328,co,25.0,28.0,27.0,36,good,20.1,57.3,21.4,2026,7,1,23,wednesday,summer,195985.0,54.0,0,Evening,3.0,Moderate,Moderate,High
india,gujarat,rajkot,"mavdi, rajkot - nexteng enviro",2026-07-01 23:00:00.000000000,22.248853,70.776774,pm2.5,22.0,63.0,47.0,18,good,35.3,48.5,1.5,2026,7,1,23,wednesday,summer,1177362.0,140.0,0,Evening,41.0,Hot,Moderate,Low
india,gujarat,rajkot,"mavdi, rajkot - nexteng enviro",2026-07-01 23:00:00.000000000,22.248853,70.776774,pm10,28.0,90.0,58.0,100,moderate,19.0,90.2,23.3,2026,7,1,23,wednesday,summer,1177362.0,140.0,0,Evening,62.0,Moderate,High,High
india,gujarat,surat,"katargam, surat - nexteng enviro",2026-07-01 23:00:00.000000000,21.217779,72.834787,pm2.5,10.0,85.0,43.0,18,good,23.9,54.0,7.1,2026,7,1,23,wednesday,summer,2894504.0,20.0,0,Evening,75.0,Moderate,Moderate,Low
india,gujarat,surat,"katargam, surat - nexteng enviro",2026-07-01 23:00:00.000000000,21.217779,72.834787,co,39.0,45.0,42.0,17,good,30.0,38.0,22.2,2026,7,1,23,wednesday,summer,2894504.0,20.0,0,Evening,6.0,Warm,Low,High
india,gujarat,surat,"science center, surat - smc",2026-07-01 23:00:00.000000000,21.170046,72.795405,so2,14.0,21.0,16.0,43,good,21.2,86.6,20.0,2026,7,1,23,wednesday,summer,2894504.0,20.0,0,Evening,7.0,Moderate,High,High
india,gujarat,vadodara,"bapunagar, vadodara - nexteng enviro",2026-07-01 23:00:00.000000000,22.320153,73.216285,pm10,29.0,70.0,46.0,34,good,37.6,63.8,12.2,2026,7,1,23,wednesday,summer,1409476.0,46.0,0,Evening,41.0,Hot,Moderate,Moderate
india,delhi,delhi,"major dhyan chand national stadium, delhi - dpcc",2026-07-01 23:00:00.000000000,28.611281,77.237738,nh3,5.0,10.0,8.0,32,good,39.5,64.3,2.1,2026,7,1,23,wednesday,summer,10927986.0,227.0,0,Evening,5.0,Hot,Moderate,Low
india,delhi,delhi,"major dhyan chand national stadium, delhi - dpcc",2026-07-01 23:00:00.000000000,28.611281,77.237738,so2,1.0,10.0,5.0,23,good,35.1,84.4,13.5,2026,7,1,23,wednesday,summer,10927986.0,227.0,0,Evening,9.0,Hot,High,Moderate
india,delhi,delhi,"nehru nagar, delhi - dpcc",2026-07-01 23:00:00.000000000,28.56789,77.250515,nh3,6.0,13.0,8.0,33,good,17.8,44.3,5.3,2026,7,1,23,wednesday,summer,10927986.0,227.0,0,Evening,7.0,Moderate,Moderate,Low
india,delhi,delhi,"nehru nagar, delhi - dpcc",2026-07-01 23:00:00.000000000,28.56789,77.250515,so2,16.0,41.0,20.0,47,good,38.0,84.0,5.2,2026,7,1,23,wednesday,summer,10927986.0,227.0,0,Evening,25.0,Hot,High,Low
india,delhi,delhi,"pusa, delhi - dpcc",2026-07-01 23:00:00.000000000,28.639652,77.146275,ozone,6.0,34.0,21.0,40,good,34.1,42.2,8.8,2026,7,1,23,wednesday,summer,10927986.0,227.0,0,Evening,28.0,Warm,Moderate,Low
india,delhi,delhi,"patparganj, delhi - dpcc",2026-07-01 23:00:00.000000000,28.623763,77.287209,co,36.0,48.0,42.0,6,good,20.4,92.2,21.9,2026,7,1,23,wednesday,summer,10927986.0,227.0,0,Evening,12.0,Moderate,High,High
india,delhi,delhi,"patparganj, delhi - dpcc",2026-07-01 23:00:00.000000000,28.623763,77.287209,ozone,8.0,37.0,24.0,10,good,36.8,92.7,9.0,2026,7,1,23,wednesday,summer,10927986.0,227.0,0,Evening,29.0,Hot,High,Low
india,delhi,delhi,"jawaharlal nehru stadium, delhi - dpcc",2026-07-01 23:00:00.000000000,28.58028,77.233829,nh3,10.0,14.0,12.0,43,good,16.7,58.9,11.9,2026,7,1,23,wednesday,summer,10927986.0,227.0,0,Evening,4.0,Moderate,Moderate,Moderate
india,delhi,delhi,"mandir marg, delhi - dpcc",2026-07-01 23:00:00.000000000,28.636429,77.201067,co,60.0,71.0,66.0,58,moderate,36.3,57.0,17.6,2026,7,1,23,wednesday,summer,10927986.0,227.0,0,Evening,11.0,Hot,Moderate,Moderate
india,delhi,delhi,"mandir marg, delhi - dpcc",2026-07-01 23:00:00.000000000,28.636429,77.201067,ozone,7.0,29.0,17.0,19,good,29.5,31.3,4.4,2026,7,1,23,wednesday,summer,10927986.0,227.0,0,Evening,22.0,Warm,Low,Low
india,gujarat,ahmedabad,"chandkheda, ahmedabad - iitm",2026-07-01 23:00:00.000000000,23.107969,72.574648,no2,8.0,36.0,15.0,43,good,15.2,75.0,9.8,2026,7,1,23,wednesday,summer,3719710.0,56.0,0,Evening,28.0,Moderate,High,Low
india,gujarat,ankleshwar,"gidc, ankleshwar - gpcb",2026-07-01 23:00:00.000000000,21.613267,73.010555,no2,17.0,48.0,29.0,492,hazardous,28.9,60.2,8.7,2026,7,1,23,wednesday,summer,74742.0,22.0,0,Evening,31.0,Warm,Moderate,Low
india,gujarat,bhavnagar,"vidhyanagar, bhavnagar - nexteng enviro",2026-07-01 23:00:00.000000000,21.755417,72.139056,no2,26.0,60.0,43.0,8,good,24.2,80.3,1.4,2026,7,1,23,wednesday,summer,554978.0,24.0,0,Evening,34.0,Moderate,High,Low
india,gujarat,bhavnagar,"vidhyanagar, bhavnagar - nexteng enviro",2026-07-01 23:00:00.000000000,21.755417,72.139056,nh3,3.0,7.0,5.0,11,good,34.7,45.7,3.0,2026,7,1,23,wednesday,summer,554978.0,24.0,0,Evening,4.0,Warm,Moderate,Low
india,gujarat,bhavnagar,"vidhyanagar, bhavnagar - nexteng enviro",2026-07-01 23:00:00.000000000,21.755417,72.139056,co,78.0,79.0,79.0,100,moderate,15.8,69.1,24.2,2026,7,1,23,wednesday,summer,554978.0,24.0,0,Evening,1.0,Moderate,Moderate,High
india,gujarat,gandhinagar,"gift city, gandhinagar - iitm",2026-07-01 23:00:00.000000000,23.163798,72.677768,pm2.5,24.0,202.0,70.0,82,moderate,23.5,66.8,16.1,2026,7,1,23,wednesday,summer,195985.0,54.0,0,Evening,178.0,Moderate,Moderate,Moderate
india,gujarat,gandhinagar,"gift city, gandhinagar - iitm",2026-07-01 23:00:00.000000000,23.163798,72.677768,nh3,15.0,25.0,20.0,50,good,23.5,35.0,23.9,2026,7,1,23,wednesday,summer,195985.0,54.0,0,Evening,10.0,Moderate,Low,High
india,gujarat,gandhinagar,"gift city, gandhinagar - iitm",2026-07-01 23:00:00.000000000,23.163798,72.677768,so2,0.0,14.0,4.0,44,good,23.1,49.6,1.3,2026,7,1,23,wednesday,summer,195985.0,54.0,0,Evening,14.0,Moderate,Moderate,Low
india,haryana,hisar,"urban estate-ii, hisar - hspcb",2026-07-01 23:00:00.000000000,29.14056,75.744941,no2,28.0,32.0,30.0,16,good,19.0,84.1,7.7,2026,7,1,23,wednesday,summer,296436.0,216.0,0,Evening,4.0,Moderate,High,Low
india,haryana,hisar,"urban estate-ii, hisar - hspcb",2026-07-01 23:00:00.000000000,29.14056,75.744941,ozone,70.0,74.0,74.0,93,moderate,26.4,88.7,18.3,2026,7,1,23,wednesday,summer,296436.0,216.0,0,Evening,4.0,Warm,High,Moderate
india,haryana,jind,"police lines, jind - hspcb",2026-07-01 23:00:00.000000000,29.307814,76.337619,nh3,12.0,15.0,14.0,8,good,16.8,36.3,11.9,2026,7,1,23,wednesday,summer,161260.0,233.0,0,Evening,3.0,Moderate,Low,Moderate
india,haryana,jind,"police lines, jind - hspcb",2026-07-01 23:00:00.000000000,29.307814,76.337619,so2,0.0,2.0,0.0,48,good,21.5,93.9,2.3,2026,7,1,23,wednesday,summer,161260.0,233.0,0,Evening,2.0,Moderate,High,Low
india,haryana,narnaul,"shastri nagar, narnaul - hspcb",2026-07-01 23:00:00.000000000,28.060249,76.113115,pm10,100.0,182.0,133.0,119,unhealthy for sensitive groups,36.9,55.1,28.3,2026,7,1,23,wednesday,summer,66049.0,311.0,0,Evening,82.0,Hot,Moderate,High
india,haryana,palwal,"shyam nagar, palwal - hspcb",2026-07-01 23:00:00.000000000,28.1485564,77.3320667,pm10,34.0,79.0,52.0,98,moderate,19.7,43.8,8.9,2026,7,1,23,wednesday,summer,121965.0,201.0,0,Evening,45.0,Moderate,Moderate,Low
india,himachal pradesh,baddi,"himuda complex phase-1, baddi - hppcb",2026-07-01 23:00:00.000000000,30.943887,76.801991,ozone,2.0,20.0,13.0,2,good,25.2,64.6,1.4,2026,7,1,23,wednesday,summer,22592.0,426.0,0,Evening,18.0,Warm,Moderate,Low
india,jammu and kashmir,srinagar,"rajbagh, srinagar - jkpcc",2026-07-01 23:00:00.000000000,34.066206,74.81982,pm2.5,25.0,43.0,31.0,29,good,24.3,45.4,18.3,2026,7,1,23,wednesday,summer,20216.0,554.0,0,Evening,18.0,Moderate,Moderate,Moderate
india,jammu and kashmir,srinagar,"rajbagh, srinagar - jkpcc",2026-07-01 23:00:00.000000000,34.066206,74.81982,so2,3.0,4.0,3.0,7,good,39.8,70.5,24.0,2026,7,1,23,wednesday,summer,20216.0,554.0,0,Evening,1.0,Hot,High,High
india,jammu and kashmir,srinagar,"rajbagh, srinagar - jkpcc",2026-07-01 23:00:00.000000000,34.066206,74.81982,co,13.0,17.0,16.0,0,good,28.6,33.0,24.6,2026,7,1,23,wednesday,summer,20216.0,554.0,0,Evening,4.0,Warm,Low,High
india,jammu and kashmir,srinagar,"khunmoh, srinagar - jkpcc",2026-07-01 23:00:00.000000000,34.06313,74.96017,so2,4.0,8.0,6.0,2,good,27.2,48.6,16.9,2026,7,1,23,wednesday,summer,20216.0,554.0,0,Evening,4.0,Warm,Moderate,Moderate
india,jharkhand,dhanbad,"sardar patel nagar, dhanbad - jspcb",2026-07-01 23:00:00.000000000,23.80569,86.44268,co,49.0,121.0,82.0,92,moderate,36.0,88.5,26.0,2026,7,1,23,wednesday,summer,219636.0,220.0,0,Evening,72.0,Hot,High,High
india,karnataka,bagalkot,"vidayagiri, bagalkot - kspcb",2026-07-01 23:00:00.000000000,16.172806,75.659694,no2,10.0,11.0,10.0,16,good,35.5,35.0,14.1,2026,7,1,23,wednesday,summer,97269.0,532.0,0,Evening,1.0,Hot,Low,Moderate
india,karnataka,bagalkot,"vidayagiri, bagalkot - kspcb",2026-07-01 23:00:00.000000000,16.172806,75.659694,so2,10.0,10.0,10.0,4,good,39.9,50.8,13.0,2026,7,1,23,wednesday,summer,97269.0,532.0,0,Evening,0.0,Hot,Moderate,Moderate
india,karnataka,bengaluru,"bapuji nagar, bengaluru - kspcb",2026-07-01 23:00:00.000000000,12.951913,77.539784,nh3,3.0,3.0,3.0,9,good,20.9,84.6,19.8,2026,7,1,23,wednesday,summer,5104047.0,914.0,0,Evening,0.0,Moderate,High,Moderate
india,karnataka,bengaluru,"bapuji nagar, bengaluru - kspcb",2026-07-01 23:00:00.000000000,12.951913,77.539784,so2,18.0,51.0,32.0,47,good,27.6,79.3,15.4,2026,7,1,23,wednesday,summer,5104047.0,914.0,0,Evening,33.0,Warm,High,Moderate
india,karnataka,bengaluru,"bapuji nagar, bengaluru - kspcb",2026-07-01 23:00:00.000000000,12.951913,77.539784,co,14.0,31.0,23.0,27,good,27.9,90.9,15.5,2026,7,1,23,wednesday,summer,5104047.0,914.0,0,Evening,17.0,Warm,High,Moderate
india,karnataka,koppal,"diwator nagar, koppal - kspcb",2026-07-01 23:00:00.000000000,15.34763,76.181767,co,14.0,18.0,15.0,35,good,16.3,91.1,12.8,2026,7,1,23,wednesday,summer,60868.0,540.0,0,Evening,4.0,Moderate,High,Moderate
india,karnataka,madikeri,"stuart hill, madikeri - kspcb",2026-07-01 23:00:00.000000000,12.415911,75.73505,nh3,7.0,10.5,8.0,369,hazardous,18.6,92.4,9.9,2026,7,1,23,wednesday,summer,33540.0,1141.0,0,Evening,3.5,Moderate,High,Low
india,karnataka,mangalore,"kadri, mangalore - kspcb",2026-07-01 23:00:00.000000000,12.88925,74.853,nh3,0.0,3.0,1.0,27,good,31.0,55.1,15.5,2026,7,1,23,wednesday,summer,417387.0,27.0,0,Evening,3.0,Warm,Moderate,Moderate
india,karnataka,mangalore,"kadri, mangalore - kspcb",2026-07-01 23:00:00.000000000,12.88925,74.853,co,1.3333333333333333,3.333333333333333,2.0,399,hazardous,29.3,51.7,3.2,2026,7,1,23,wednesday,summer,417387.0,27.0,0,Evening,1.9999999999999998,Warm,Moderate,Low
india,karnataka,shivamogga,"vinoba nagara, shivamogga - kspcb",2026-07-01 23:00:00.000000000,13.94,75.555917,nh3,4.0,4.0,4.0,36,good,35.8,73.5,2.7,2026,7,1,23,wednesday,summer,319550.0,590.0,0,Evening,0.0,Hot,High,Low
india,karnataka,shivamogga,"vinoba nagara, shivamogga - kspcb",2026-07-01 23:00:00.000000000,13.94,75.555917,so2,3.0,6.0,5.0,35,good,20.1,86.3,23.3,2026,7,1,23,wednesday,summer,319550.0,590.0,0,Evening,3.0,Moderate,High,High
india,karnataka,vijayapura,"ibrahimpur, vijayapura - kspcb",2026-07-01 23:00:00.000000000,16.802639,75.722694,pm2.5,26.0,31.0,29.0,33,good,31.0,70.4,23.6,2026,7,1,23,wednesday,summer,271064.0,606.0,0,Evening,5.0,Warm,High,High
india,karnataka,vijayapura,"ibrahimpur, vijayapura - kspcb",2026-07-01 23:00:00.000000000,16.802639,75.722694,no2,11.0,12.0,12.0,19,good,31.7,52.9,3.9,2026,7,1,23,wednesday,summer,271064.0,606.0,0,Evening,1.0,Warm,Moderate,Low
india,karnataka,vijayapura,"ibrahimpur, vijayapura - kspcb",2026-07-01 23:00:00.000000000,16.802639,75.722694,nh3,4.0,4.0,4.0,7,good,23.9,79.2,11.3,2026,7,1,23,wednesday,summer,271064.0,606.0,0,Evening,0.0,Moderate,High,Moderate
india,karnataka,yadgir,"collector office, yadgir - kspcb",2026-07-01 23:00:00.000000000,16.7602,77.1428,co,13.0,19.0,15.0,9,good,23.9,39.2,19.8,2026,7,1,23,wednesday,summer,65376.0,379.0,0,Evening,6.0,Moderate,Low,Moderate
india,kerala,kannur,"thavakkara, kannur - kerala pcb",2026-07-01 23:00:00.000000000,11.875,75.3732,pm2.5,36.0,55.0,45.0,6,good,33.7,62.5,18.7,2026,7,1,23,wednesday,summer,62836.0,13.0,0,Evening,19.0,Warm,Moderate,Moderate
india,kerala,kannur,"thavakkara, kannur - kerala pcb",2026-07-01 23:00:00.000000000,11.875,75.3732,pm10,41.0,54.0,48.0,18,good,25.1,80.9,27.6,2026,7,1,23,wednesday,summer,62836.0,13.0,0,Evening,13.0,Warm,High,High
india,kerala,kannur,"thavakkara, kannur - kerala pcb",2026-07-01 23:00:00.000000000,11.875,75.3732,nh3,1.0,1.0,1.0,39,good,21.5,77.2,7.0,2026,7,1,23,wednesday,summer,62836.0,13.0,0,Evening,0.0,Moderate,High,Low
india,karnataka,chikkamagaluru,"kalyana nagara, chikkamagaluru - kspcb",2026-07-01 23:00:00.000000000,13.328028,75.797056,no2,15.0,26.0,19.0,6,good,38.0,89.7,7.9,2026,7,1,23,wednesday,summer,121484.0,1042.0,0,Evening,11.0,Hot,High,Low
india,karnataka,chikkamagaluru,"kalyana nagara, chikkamagaluru - kspcb",2026-07-01 23:00:00.000000000,13.328028,75.797056,nh3,2.0,3.0,2.0,12,good,21.2,61.8,7.3,2026,7,1,23,wednesday,summer,121484.0,1042.0,0,Evening,1.0,Moderate,Moderate,Low
india,karnataka,chikkamagaluru,"kalyana nagara, chikkamagaluru - kspcb",2026-07-01 23:00:00.000000000,13.328028,75.797056,so2,32.0,41.0,35.0,365,hazardous,15.2,33.2,19.6,2026,7,1,23,wednesday,summer,121484.0,1042.0,0,Evening,9.0,Moderate,Low,Moderate
india,karnataka,gadag,"panchal nagar, gadag - kspcb",2026-07-01 23:00:00.000000000,15.411456,75.638133,pm2.5,28.0,33.0,30.0,23,good,39.9,55.8,24.7,2026,7,1,23,wednesday,summer,162569.0,655.0,0,Evening,5.0,Hot,Moderate,High
india,karnataka,gadag,"panchal nagar, gadag - kspcb",2026-07-01 23:00:00.000000000,15.411456,75.638133,pm10,24.0,28.0,26.0,27,good,36.1,34.4,28.5,2026,7,1,23,wednesday,summer,162569.0,655.0,0,Evening,4.0,Hot,Low,High
india,karnataka,hubballi,"lingaraj nagar, hubballi - kspcb",2026-07-01 23:00:00.000000000,15.3714823,75.1160168,pm2.5,29.0,31.0,30.0,28,good,39.8,62.2,20.2,2026,7,1,23,wednesday,summer,840214.0,620.0,0,Evening,2.0,Hot,Moderate,High
india,karnataka,hubballi,"lingaraj nagar, hubballi - kspcb",2026-07-01 23:00:00.000000000,15.3714823,75.1160168,so2,2.0,3.0,2.0,37,good,36.0,61.5,11.6,2026,7,1,23,wednesday,summer,840214.0,620.0,0,Evening,1.0,Hot,Moderate,Moderate
india,karnataka,kalaburagi,"mahatma basaveswar colony, kalaburgi - kspcb",2026-07-01 23:00:00.000000000,17.336318,76.847397,ozone,13.0,18.0,14.0,17,good,21.4,52.9,27.2,2026,7,1,23,wednesday,summer,483615.0,474.0,0,Evening,5.0,Moderate,Moderate,High
india,karnataka,karwar,"khb colony, karwar - kspcb",2026-07-01 23:00:00.000000000,14.816666,74.141003,pm10,7.5,27.5,10.0,418,hazardous,23.1,70.1,14.3,2026,7,1,23,wednesday,summer,64457.0,9.0,0,Evening,20.0,Moderate,High,Moderate
india,karnataka,karwar,"khb colony, karwar - kspcb",2026-07-01 23:00:00.000000000,14.816666,74.141003,nh3,2.0,37.0,6.0,13,good,19.7,65.3,20.0,2026,7,1,23,wednesday,summer,64457.0,9.0,0,Evening,35.0,Moderate,Moderate,High
india,haryana,dharuhera,"municipal corporation office, dharuhera -  hspcb",2026-07-01 23:00:00.000000000,28.2068,76.7997,pm2.5,73.0,216.0,129.0,118,unhealthy for sensitive groups,31.3,67.9,16.3,2026,7,1,23,wednesday,summer,23132.0,255.0,0,Evening,143.0,Warm,Moderate,Moderate
india,haryana,dharuhera,"municipal corporation office, dharuhera -  hspcb",2026-07-01 23:00:00.000000000,28.2068,76.7997,ozone,18.0,27.0,23.0,30,good,39.8,68.6,25.1,2026,7,1,23,wednesday,summer,23132.0,255.0,0,Evening,9.0,Hot,Moderate,High
india,haryana,faridabad,"new industrial town, faridabad - hspcb",2026-07-01 23:00:00.000000000,28.39072,77.30059,so2,5.0,15.0,11.0,25,good,36.2,90.3,29.8,2026,7,1,23,wednesday,summer,1220229.0,209.0,0,Evening,10.0,Hot,High,High
india,haryana,faridabad,"new industrial town, faridabad - hspcb",2026-07-01 23:00:00.000000000,28.39072,77.30059,co,22.0,25.0,23.0,47,good,17.2,34.6,0.8,2026,7,1,23,wednesday,summer,1220229.0,209.0,0,Evening,3.0,Moderate,Low,Low
india,haryana,faridabad,"sector 30, faridabad - hspcb",2026-07-01 23:00:00.000000000,28.4417,77.3217,pm10,43.0,140.0,93.0,100,moderate,18.1,63.2,23.6,2026,7,1,23,wednesday,summer,1220229.0,209.0,0,Evening,97.0,Moderate,Moderate,High
india,haryana,faridabad,"sector 30, faridabad - hspcb",2026-07-01 23:00:00.000000000,28.4417,77.3217,no2,36.0,40.0,38.0,27,good,28.7,33.5,0.7,2026,7,1,23,wednesday,summer,1220229.0,209.0,0,Evening,4.0,Warm,Low,Low
india,haryana,faridabad,"sector 30, faridabad - hspcb",2026-07-01 23:00:00.000000000,28.4417,77.3217,so2,4.0,4.0,4.0,46,good,16.5,62.1,14.3,2026,7,1,23,wednesday,summer,1220229.0,209.0,0,Evening,0.0,Moderate,Moderate,Moderate
india,haryana,fatehabad,"huda sector, fatehabad - hspcb",2026-07-01 23:00:00.000000000,29.503664,75.467934,no2,13.333333333333334,53.0,33.33333333333333,419,hazardous,18.9,44.8,26.8,2026,7,1,23,wednesday,summer,66013.0,216.0,0,Evening,39.666666666666664,Moderate,Moderate,High
india,haryana,fatehabad,"huda sector, fatehabad - hspcb",2026-07-01 23:00:00.000000000,29.503664,75.467934,nh3,22.666666666666668,102.0,62.66666666666666,352,hazardous,38.2,52.8,17.4,2026,7,1,23,wednesday,summer,66013.0,216.0,0,Evening,79.33333333333333,Hot,Moderate,Moderate
india,haryana,panchkula,"sector-6, panchkula - hspcb",2026-07-01 23:00:00.000000000,30.7057778,76.8531805555555,pm2.5,15.333333333333334,22.0,19.0,411,hazardous,24.3,59.4,9.1,2026,7,1,23,wednesday,summer,200000.0,335.0,0,Evening,6.666666666666666,Moderate,Moderate,Low
india,haryana,panchkula,"sector-6, panchkula - hspcb",2026-07-01 23:00:00.000000000,30.7057778,76.8531805555555,no2,16.666666666666668,21.0,19.0,303,hazardous,37.9,41.2,0.7,2026,7,1,23,wednesday,summer,200000.0,335.0,0,Evening,4.333333333333332,Hot,Moderate,Low
india,haryana,panchkula,"sector-6, panchkula - hspcb",2026-07-01 23:00:00.000000000,30.7057778,76.8531805555555,co,18.0,20.0,19.0,39,good,21.1,83.9,8.1,2026,7,1,23,wednesday,summer,200000.0,335.0,0,Evening,2.0,Moderate,High,Low
india,haryana,panipat,"sector-18, panipat - hspcb",2026-07-01 23:00:00.000000000,29.432304,76.972765,no2,33.0,34.0,34.0,44,good,19.3,37.5,29.7,2026,7,1,23,wednesday,summer,292808.0,232.0,0,Evening,1.0,Moderate,Low,High
india,haryana,sirsa,"f-block, sirsa - hspcb",2026-07-01 23:00:00.000000000,29.5364,75.0158,pm2.5,87.0,263.0,168.0,157,unhealthy,21.3,93.4,7.3,2026,7,1,23,wednesday,summer,181639.0,205.0,0,Evening,176.0,Moderate,High,Low
india,haryana,sirsa,"f-block, sirsa - hspcb",2026-07-01 23:00:00.000000000,29.5364,75.0158,no2,18.0,22.0,19.0,48,good,24.6,36.1,29.7,2026,7,1,23,wednesday,summer,181639.0,205.0,0,Evening,4.0,Moderate,Low,High
india,haryana,sirsa,"f-block, sirsa - hspcb",2026-07-01 23:00:00.000000000,29.5364,75.0158,co,55.0,62.0,58.0,94,moderate,23.0,32.3,6.3,2026,7,1,23,wednesday,summer,181639.0,205.0,0,Evening,7.0,Moderate,Low,Low
india,haryana,sirsa,"f-block, sirsa - hspcb",2026-07-01 23:00:00.000000000,29.5364,75.0158,ozone,30.0,78.0,51.0,94,moderate,25.5,67.2,14.6,2026,7,1,23,wednesday,summer,181639.0,205.0,0,Evening,48.0,Warm,Moderate,Moderate
india,haryana,sonipat,"murthal, sonipat - hspcb",2026-07-01 23:00:00.000000000,29.0272,77.0621,pm10,3.0,497.0,152.0,180,unhealthy,20.8,45.3,7.7,2026,7,1,23,wednesday,summer,250521.0,229.0,0,Evening,494.0,Moderate,Moderate,Low
india,karnataka,bengaluru,"jigani, bengaluru - kspcb",2026-07-01 23:00:00.000000000,12.7816279,77.6299145,no2,19.0,20.0,19.0,34,good,26.7,49.9,11.3,2026,7,1,23,wednesday,summer,5104047.0,914.0,0,Evening,1.0,Warm,Moderate,Moderate
india,karnataka,bengaluru,"jigani, bengaluru - kspcb",2026-07-01 23:00:00.000000000,12.7816279,77.6299145,ozone,25.0,26.0,25.0,35,good,35.2,91.5,4.3,2026,7,1,23,wednesday,summer,5104047.0,914.0,0,Evening,1.0,Hot,High,Low
india,karnataka,bengaluru,"silk board, bengaluru - kspcb",2026-07-01 23:00:00.000000000,12.917348,77.622813,nh3,3.0,4.0,3.0,31,good,16.4,31.0,7.1,2026,7,1,23,wednesday,summer,5104047.0,914.0,0,Evening,1.0,Moderate,Low,Low
india,karnataka,bengaluru,"silk board, bengaluru - kspcb",2026-07-01 23:00:00.000000000,12.917348,77.622813,so2,4.0,10.0,7.0,11,good,22.6,56.3,23.2,2026,7,1,23,wednesday,summer,5104047.0,914.0,0,Evening,6.0,Moderate,Moderate,High
india,karnataka,bengaluru,"jayanagar 5th block, bengaluru - kspcb",2026-07-01 23:00:00.000000000,12.920984,77.584908,no2,5.0,9.0,7.0,36,good,22.6,91.2,19.8,2026,7,1,23,wednesday,summer,5104047.0,914.0,0,Evening,4.0,Moderate,High,Moderate
india,karnataka,bengaluru,"jayanagar 5th block, bengaluru - kspcb",2026-07-01 23:00:00.000000000,12.920984,77.584908,nh3,1.0,2.0,1.0,8,good,36.5,32.3,13.9,2026,7,1,23,wednesday,summer,5104047.0,914.0,0,Evening,1.0,Hot,Low,Moderate
india,karnataka,bengaluru,"hombegowda nagar, bengaluru - kspcb",2026-07-01 23:00:00.000000000,12.938539,77.5901,so2,1.0,8.0,4.0,17,good,31.2,55.7,15.6,2026,7,1,23,wednesday,summer,5104047.0,914.0,0,Evening,7.0,Warm,Moderate,Moderate
india,karnataka,bengaluru,"hombegowda nagar, bengaluru - kspcb",2026-07-01 23:00:00.000000000,12.938539,77.5901,co,6.0,12.0,10.0,6,good,24.4,73.4,13.1,2026,7,1,23,wednesday,summer,5104047.0,914.0,0,Evening,6.0,Moderate,High,Moderate
india,kerala,kannur,"thavakkara, kannur - kerala pcb",2026-07-01 23:00:00.000000000,11.875,75.3732,co,10.0,12.0,11.0,29,good,38.8,61.4,29.1,2026,7,1,23,wednesday,summer,62836.0,13.0,0,Evening,2.0,Hot,Moderate,High
india,kerala,kollam,"polayathode, kollam - kerala pcb",2026-07-01 23:00:00.000000000,8.8787,76.6073,no2,8.0,10.0,9.0,2,good,17.2,36.2,29.6,2026,7,1,23,wednesday,summer,394163.0,13.0,0,Evening,2.0,Moderate,Low,High
india,kerala,thiruvananthapuram,"plammoodu, thiruvananthapuram - kerala pcb",2026-07-01 23:00:00.000000000,8.5149093,76.9435879,pm10,8.0,41.0,23.0,13,good,23.8,94.9,15.3,2026,7,1,23,wednesday,summer,784153.0,18.0,0,Evening,33.0,Moderate,High,Moderate
india,kerala,thiruvananthapuram,"plammoodu, thiruvananthapuram - kerala pcb",2026-07-01 23:00:00.000000000,8.5149093,76.9435879,nh3,0.0,0.0,0.0,26,good,38.2,44.1,24.8,2026,7,1,23,wednesday,summer,784153.0,18.0,0,Evening,0.0,Hot,Moderate,High
india,kerala,thiruvananthapuram,"plammoodu, thiruvananthapuram - kerala pcb",2026-07-01 23:00:00.000000000,8.5149093,76.9435879,so2,12.0,27.0,17.0,12,good,34.5,82.2,25.2,2026,7,1,23,wednesday,summer,784153.0,18.0,0,Evening,15.0,Warm,High,High
india,kerala,thiruvananthapuram,"plammoodu, thiruvananthapuram - kerala pcb",2026-07-01 23:00:00.000000000,8.5149093,76.9435879,ozone,11.0,24.0,16.0,8,good,31.7,71.8,28.1,2026,7,1,23,wednesday,summer,784153.0,18.0,0,Evening,13.0,Warm,High,High
india,kerala,thiruvananthapuram,"kariavattom, thiruvananthapuram - kerala pcb",2026-07-01 23:00:00.000000000,8.5637,76.8865,ozone,30.0,31.0,31.0,27,good,34.8,34.6,2.9,2026,7,1,23,wednesday,summer,784153.0,18.0,0,Evening,1.0,Warm,Low,Low
india,madhya pradesh,bhopal,"t t nagar, bhopal - mppcb",2026-07-01 23:00:00.000000000,23.233584,77.400574,pm2.5,7.0,49.0,26.0,22,good,29.4,42.9,24.9,2026,7,1,23,wednesday,summer,1599914.0,523.0,0,Evening,42.0,Warm,Moderate,High
india,madhya pradesh,bhopal,"t t nagar, bhopal - mppcb",2026-07-01 23:00:00.000000000,23.233584,77.400574,no2,10.0,30.0,17.0,47,good,21.2,61.1,23.8,2026,7,1,23,wednesday,summer,1599914.0,523.0,0,Evening,20.0,Moderate,Moderate,High
india,madhya pradesh,damoh,"shrivastav colony, damoh - mppcb",2026-07-01 23:00:00.000000000,23.81748678,79.446246,no2,10.75,30.5,18.5,487,hazardous,33.5,72.9,19.8,2026,7,1,23,wednesday,summer,118776.0,378.0,0,Evening,19.75,Warm,High,Moderate
india,madhya pradesh,damoh,"shrivastav colony, damoh - mppcb",2026-07-01 23:00:00.000000000,23.81748678,79.446246,co,11.5,31.0,20.0,480,hazardous,15.1,90.5,3.2,2026,7,1,23,wednesday,summer,118776.0,378.0,0,Evening,19.5,Moderate,High,Low
india,madhya pradesh,damoh,"shrivastav colony, damoh - mppcb",2026-07-01 23:00:00.000000000,23.81748678,79.446246,ozone,12.25,31.5,21.5,362,hazardous,35.4,33.9,28.1,2026,7,1,23,wednesday,summer,118776.0,378.0,0,Evening,19.25,Hot,Low,High
india,madhya pradesh,gwalior,"deen dayal nagar, gwalior - mppcb",2026-07-01 23:00:00.000000000,26.259242,78.216432,no2,13.0,32.0,23.0,2,good,29.3,53.4,17.3,2026,7,1,23,wednesday,summer,882458.0,220.0,0,Evening,19.0,Warm,Moderate,Moderate
india,madhya pradesh,pithampur,"sector-2 industrial area, pithampur - mppcb",2026-07-01 23:00:00.000000000,22.624758,75.675238,nh3,3.0,5.0,5.0,49,good,38.1,35.4,29.0,2026,7,1,23,wednesday,summer,68051.0,595.0,0,Evening,2.0,Hot,Low,High
india,madhya pradesh,sagar,"civil lines, sagar - mppcb",2026-07-01 23:00:00.000000000,23.838586,78.759431,ozone,33.0,67.0,55.0,78,moderate,20.5,41.9,0.1,2026,7,1,23,wednesday,summer,53150.0,592.0,0,Evening,34.0,Moderate,Moderate,Low
india,madhya pradesh,satna,"bandhavgar colony, satna - birla cement",2026-07-01 23:00:00.000000000,24.58434363,80.8549414,so2,17.0,18.0,18.0,38,good,16.1,56.4,7.1,2026,7,1,23,wednesday,summer,257778.0,324.0,0,Evening,1.0,Moderate,Moderate,Low
india,madhya pradesh,satna,"bandhavgar colony, satna - birla cement",2026-07-01 23:00:00.000000000,24.58434363,80.8549414,ozone,40.0,60.0,54.0,95,moderate,36.5,32.5,8.5,2026,7,1,23,wednesday,summer,257778.0,324.0,0,Evening,20.0,Hot,Low,Low
india,madhya pradesh,singrauli,"suryakiran bhawan ncl, singrauli - mppcb",2026-07-01 23:00:00.000000000,24.10897,82.64558,pm2.5,12.0,27.0,18.0,9,good,23.5,44.2,23.3,2026,7,1,23,wednesday,summer,185580.0,383.0,0,Evening,15.0,Moderate,Moderate,High
india,madhya pradesh,singrauli,"suryakiran bhawan ncl, singrauli - mppcb",2026-07-01 23:00:00.000000000,24.10897,82.64558,no2,50.0,68.0,62.0,66,moderate,36.4,43.7,7.2,2026,7,1,23,wednesday,summer,185580.0,383.0,0,Evening,18.0,Hot,Moderate,Low
india,madhya pradesh,ujjain,"mahashweta nagar, ujjain - mppcb",2026-07-01 23:00:00.000000000,23.1633321,75.800225,co,21.0,27.0,24.0,7,good,39.2,52.8,29.1,2026,7,1,23,wednesday,summer,457346.0,494.0,0,Evening,6.0,Hot,Moderate,High
india,maharashtra,ahmednagar,"tarakpur, ahmednagar - mpcb",2026-07-01 23:00:00.000000000,19.10122,74.73339,so2,19.0,27.5,23.0,476,hazardous,28.2,69.4,4.8,2026,7,1,23,wednesday,summer,60634.0,144.0,0,Evening,8.5,Warm,Moderate,Low
india,maharashtra,ahmednagar,"tarakpur, ahmednagar - mpcb",2026-07-01 23:00:00.000000000,19.10122,74.73339,ozone,17.0,28.0,22.0,17,good,21.7,66.5,6.3,2026,7,1,23,wednesday,summer,60634.0,144.0,0,Evening,11.0,Moderate,Moderate,Low
india,maharashtra,boisar,"khaira, boisar - mpcb",2026-07-01 23:00:00.000000000,19.786089,72.757971,pm10,28.0,50.0,37.0,42,good,15.8,65.4,3.6,2026,7,1,23,wednesday,summer,15692.0,16.0,0,Evening,22.0,Moderate,Moderate,Low
india,maharashtra,chandrapur,"chauhan colony, chandrapur - mpcb",2026-07-01 23:00:00.000000000,19.9629,79.298714,so2,8.0,12.0,9.0,22,good,18.1,47.5,8.3,2026,7,1,23,wednesday,summer,328351.0,186.0,0,Evening,4.0,Moderate,Moderate,Low
india,maharashtra,chandrapur,"chauhan colony, chandrapur - mpcb",2026-07-01 23:00:00.000000000,19.9629,79.298714,ozone,16.0,18.0,17.0,20,good,30.9,74.3,19.3,2026,7,1,23,wednesday,summer,328351.0,186.0,0,Evening,2.0,Warm,High,Moderate
india,maharashtra,chandrapur,"midc khutala, chandrapur - mpcb",2026-07-01 23:00:00.000000000,19.9775302,79.2337086,ozone,1.0,14.0,6.0,14,good,26.7,88.2,10.3,2026,7,1,23,wednesday,summer,328351.0,186.0,0,Evening,13.0,Warm,High,Moderate
india,maharashtra,hingoli,"ashta vinayak nagar, hingoli - mpcb",2026-07-01 23:00:00.000000000,19.710842,77.151824,pm10,4.0,25.0,12.0,28,good,39.7,34.2,19.1,2026,7,1,23,wednesday,summer,75878.0,458.0,0,Evening,21.0,Hot,Low,Moderate
india,maharashtra,hingoli,"ashta vinayak nagar, hingoli - mpcb",2026-07-01 23:00:00.000000000,19.710842,77.151824,nh3,0.0,6.0,2.0,20,good,15.9,57.5,18.8,2026,7,1,23,wednesday,summer,75878.0,458.0,0,Evening,6.0,Moderate,Moderate,Moderate
india,maharashtra,hingoli,"ashta vinayak nagar, hingoli - mpcb",2026-07-01 23:00:00.000000000,19.710842,77.151824,co,10.0,19.0,14.0,34,good,28.0,83.8,10.2,2026,7,1,23,wednesday,summer,75878.0,458.0,0,Evening,9.0,Warm,High,Moderate
india,maharashtra,jalgaon,"prabhat colony, jalgaon - mpcb",2026-07-01 23:00:00.000000000,21.001264,75.565602,so2,0.0,3.0,1.0,6,good,31.2,74.0,5.5,2026,7,1,23,wednesday,summer,429298.0,227.0,0,Evening,3.0,Warm,High,Low
india,maharashtra,jalgaon,"prabhat colony, jalgaon - mpcb",2026-07-01 23:00:00.000000000,21.001264,75.565602,ozone,21.0,48.0,35.0,41,good,39.7,94.4,29.1,2026,7,1,23,wednesday,summer,429298.0,227.0,0,Evening,27.0,Hot,High,High
india,maharashtra,jalna,"old midc, jalna - mpcb",2026-07-01 23:00:00.000000000,19.854616,75.905894,pm10,12.0,75.0,38.0,47,good,22.9,37.2,2.9,2026,7,1,23,wednesday,summer,262034.0,504.0,0,Evening,63.0,Moderate,Low,Low
india,maharashtra,jalna,"old midc, jalna - mpcb",2026-07-01 23:00:00.000000000,19.854616,75.905894,ozone,14.0,41.0,25.0,46,good,29.5,64.8,19.2,2026,7,1,23,wednesday,summer,262034.0,504.0,0,Evening,27.0,Warm,Moderate,Moderate
india,maharashtra,kalyan,"pimpleshwar mandir, kalyan - mpcb",2026-07-01 23:00:00.000000000,19.192056,72.9585188,no2,12.0,13.0,13.0,38,good,25.2,59.1,28.2,2026,7,1,23,wednesday,summer,1262255.0,10.0,0,Evening,1.0,Warm,Moderate,High
india,maharashtra,kalyan,"pimpleshwar mandir, kalyan - mpcb",2026-07-01 23:00:00.000000000,19.192056,72.9585188,nh3,3.0,4.0,4.0,26,good,36.0,89.6,4.4,2026,7,1,23,wednesday,summer,1262255.0,10.0,0,Evening,1.0,Hot,High,Low
india,maharashtra,mumbai,"sewri, mumbai - bmc",2026-07-01 23:00:00.000000000,19.000084,72.85673,pm10,11.5,18.5,14.5,306,hazardous,30.5,70.5,11.2,2026,7,1,23,wednesday,summer,12691836.0,8.0,0,Evening,7.0,Warm,High,Moderate
india,maharashtra,mumbai,"sewri, mumbai - bmc",2026-07-01 23:00:00.000000000,19.000084,72.85673,co,20.0,33.0,25.0,38,good,29.2,32.0,13.7,2026,7,1,23,wednesday,summer,12691836.0,8.0,0,Evening,13.0,Warm,Low,Moderate
india,maharashtra,mumbai,"sewri, mumbai - bmc",2026-07-01 23:00:00.000000000,19.000084,72.85673,ozone,4.0,9.0,6.0,19,good,21.1,66.6,4.8,2026,7,1,23,wednesday,summer,12691836.0,8.0,0,Evening,5.0,Moderate,Moderate,Low
india,maharashtra,mumbai,"chakala-andheri east, mumbai - iitm",2026-07-01 23:00:00.000000000,19.11074,72.86084,so2,0.0,6.0,3.0,34,good,20.6,52.3,22.0,2026,7,1,23,wednesday,summer,12691836.0,8.0,0,Evening,6.0,Moderate,Moderate,High
india,maharashtra,nagpur,"ram nagar, nagpur - mpcb",2026-07-01 23:00:00.000000000,21.143383,79.048912,pm2.5,14.0,62.0,33.0,16,good,31.3,47.3,21.1,2026,7,1,23,wednesday,summer,2228018.0,319.0,0,Evening,48.0,Warm,Moderate,High
india,maharashtra,nagpur,"mahal, nagpur - mpcb",2026-07-01 23:00:00.000000000,21.14472,79.107595,so2,0.0,43.0,14.0,32,good,35.8,69.4,24.8,2026,7,1,23,wednesday,summer,2228018.0,319.0,0,Evening,43.0,Hot,Moderate,High
india,maharashtra,nagpur,"opp gpo civil lines, nagpur - mpcb",2026-07-01 23:00:00.000000000,21.152875,79.0517531,no2,16.0,16.0,16.0,13,good,28.4,32.9,1.9,2026,7,1,23,wednesday,summer,2228018.0,319.0,0,Evening,0.0,Warm,Low,Low
india,maharashtra,nagpur,"opp gpo civil lines, nagpur - mpcb",2026-07-01 23:00:00.000000000,21.152875,79.0517531,nh3,5.0,5.0,5.0,43,good,18.2,71.8,11.4,2026,7,1,23,wednesday,summer,2228018.0,319.0,0,Evening,0.0,Moderate,High,Moderate
india,maharashtra,nagpur,"ambazari, nagpur - mpcb",2026-07-01 23:00:00.000000000,21.121801,79.04952,pm2.5,25.0,57.0,36.0,40,good,15.0,34.4,17.0,2026,7,1,23,wednesday,summer,2228018.0,319.0,0,Evening,32.0,Moderate,Low,Moderate
india,maharashtra,nagpur,"ambazari, nagpur - mpcb",2026-07-01 23:00:00.000000000,21.121801,79.04952,nh3,1.0,9.0,3.0,41,good,16.0,54.2,21.1,2026,7,1,23,wednesday,summer,2228018.0,319.0,0,Evening,8.0,Moderate,Moderate,High
india,maharashtra,nanded,"sneh nagar, nanded - mpcb",2026-07-01 23:00:00.000000000,19.173852,77.296291,so2,14.0,16.0,15.0,12,good,24.4,34.6,3.3,2026,7,1,23,wednesday,summer,550564.0,363.0,0,Evening,2.0,Moderate,Low,Low
india,maharashtra,nanded,"sneh nagar, nanded - mpcb",2026-07-01 23:00:00.000000000,19.173852,77.296291,co,20.0,27.0,24.0,32,good,30.4,90.3,29.8,2026,7,1,23,wednesday,summer,550564.0,363.0,0,Evening,7.0,Warm,High,High
india,maharashtra,nashik,"midc ambad, nashik - mpcb",2026-07-01 23:00:00.000000000,19.95022,73.73148,so2,2.0,5.0,3.0,4,good,38.9,86.6,19.2,2026,7,1,23,wednesday,summer,1289497.0,584.0,0,Evening,3.0,Hot,High,Moderate
india,maharashtra,mumbai,"byculla, mumbai - bmc",2026-07-01 23:00:00.000000000,18.9767,72.838,no2,6.0,29.0,17.0,45,good,33.4,54.4,12.0,2026,7,1,23,wednesday,summer,12691836.0,8.0,0,Evening,23.0,Warm,Moderate,Moderate
india,maharashtra,mumbai,"borivali east, mumbai - iitm",2026-07-01 23:00:00.000000000,19.23241,72.86895,no2,14.0,33.0,23.0,35,good,15.6,88.0,13.1,2026,7,1,23,wednesday,summer,12691836.0,8.0,0,Evening,19.0,Moderate,High,Moderate
india,maharashtra,mumbai,"mindspace-malad west, mumbai - mpcb",2026-07-01 23:00:00.000000000,19.1878657,72.8304069,pm10,30.0,31.0,31.0,44,good,32.7,35.2,15.8,2026,7,1,23,wednesday,summer,12691836.0,8.0,0,Evening,1.0,Warm,Low,Moderate
india,maharashtra,mumbai,"mindspace-malad west, mumbai - mpcb",2026-07-01 23:00:00.000000000,19.1878657,72.8304069,no2,13.0,14.0,13.0,25,good,15.3,72.2,24.4,2026,7,1,23,wednesday,summer,12691836.0,8.0,0,Evening,1.0,Moderate,High,High
india,maharashtra,mumbai,"bandra kurla complex, mumbai - iitm",2026-07-01 23:00:00.000000000,19.053536,72.84643,co,1.0,3.0,2.0,25,good,19.9,54.7,2.4,2026,7,1,23,wednesday,summer,12691836.0,8.0,0,Evening,2.0,Moderate,Moderate,Low
india,maharashtra,mumbai,"deonar, mumbai - iitm",2026-07-01 23:00:00.000000000,19.04946,72.923,so2,1.0,3.0,2.0,15,good,25.2,60.6,2.6,2026,7,1,23,wednesday,summer,12691836.0,8.0,0,Evening,2.0,Warm,Moderate,Low
india,maharashtra,mumbai,"chhatrapati shivaji intl. airport (t2), mumbai - mpcb",2026-07-01 23:00:00.000000000,19.10078,72.87462,nh3,0.0,0.0,0.0,33,good,17.3,78.8,18.8,2026,7,1,23,wednesday,summer,12691836.0,8.0,0,Evening,0.0,Moderate,High,Moderate
india,maharashtra,mumbai,"chhatrapati shivaji intl. airport (t2), mumbai - mpcb",2026-07-01 23:00:00.000000000,19.10078,72.87462,ozone,10.0,10.0,10.0,474,hazardous,31.7,67.4,16.6,2026,7,1,23,wednesday,summer,12691836.0,8.0,0,Evening,0.0,Warm,Moderate,Moderate
india,maharashtra,mumbai,"sion, mumbai - mpcb",2026-07-01 23:00:00.000000000,19.047,72.8746,co,20.0,20.0,20.0,10,good,18.5,84.0,20.7,2026,7,1,23,wednesday,summer,12691836.0,8.0,0,Evening,0.0,Moderate,High,High
india,maharashtra,mumbai,"mazgaon, mumbai - iitm",2026-07-01 23:00:00.000000000,18.96702,72.84214,co,69.0,78.0,74.0,90,moderate,39.9,60.8,22.1,2026,7,1,23,wednesday,summer,12691836.0,8.0,0,Evening,9.0,Hot,Moderate,High
india,maharashtra,mumbai,"powai, mumbai - mpcb",2026-07-01 23:00:00.000000000,19.1375,72.915056,pm10,47.0,62.0,53.33333333333333,390,hazardous,35.5,89.5,21.9,2026,7,1,23,wednesday,summer,12691836.0,8.0,0,Evening,15.0,Hot,High,High
india,maharashtra,mumbai,"powai, mumbai - mpcb",2026-07-01 23:00:00.000000000,19.1375,72.915056,ozone,25.0,46.0,32.666666666666664,344,hazardous,22.6,58.9,18.5,2026,7,1,23,wednesday,summer,12691836.0,8.0,0,Evening,21.0,Moderate,Moderate,Moderate
india,maharashtra,kolhapur,"shivaji university, kolhapur - mpcb",2026-07-01 23:00:00.000000000,16.6870449,74.2505872,pm2.5,3.0,30.0,12.0,5,good,20.8,80.1,5.5,2026,7,1,23,wednesday,summer,516142.0,559.0,0,Evening,27.0,Moderate,High,Low
india,maharashtra,kolhapur,"shivaji university, kolhapur - mpcb",2026-07-01 23:00:00.000000000,16.6870449,74.2505872,nh3,3.0,4.0,4.0,46,good,31.2,46.4,4.5,2026,7,1,23,wednesday,summer,516142.0,559.0,0,Evening,1.0,Warm,Moderate,Low
india,maharashtra,kolhapur,"shivaji university, kolhapur - mpcb",2026-07-01 23:00:00.000000000,16.6870449,74.2505872,ozone,12.0,20.0,16.0,48,good,23.0,53.3,26.8,2026,7,1,23,wednesday,summer,516142.0,559.0,0,Evening,8.0,Moderate,Moderate,High
india,maharashtra,malegaon,"mahesh nagar, malegaon - mpcb",2026-07-01 23:00:00.000000000,20.555712,74.529236,nh3,1.0,3.0,1.0,44,good,25.3,56.5,15.2,2026,7,1,23,wednesday,summer,435362.0,432.0,0,Evening,2.0,Warm,Moderate,Moderate
india,maharashtra,malegaon,"mahesh nagar, malegaon - mpcb",2026-07-01 23:00:00.000000000,20.555712,74.529236,ozone,27.0,40.0,35.0,8,good,38.0,61.4,23.5,2026,7,1,23,wednesday,summer,435362.0,432.0,0,Evening,13.0,Hot,Moderate,High
india,maharashtra,mumbai,"ghatkopar, mumbai - bmc",2026-07-01 23:00:00.000000000,19.083694,72.920967,pm2.5,5.0,13.0,8.0,43,good,18.7,88.6,18.5,2026,7,1,23,wednesday,summer,12691836.0,8.0,0,Evening,8.0,Moderate,High,Moderate
india,maharashtra,mumbai,"ghatkopar, mumbai - bmc",2026-07-01 23:00:00.000000000,19.083694,72.920967,no2,5.0,26.0,14.0,3,good,24.4,79.5,26.3,2026,7,1,23,wednesday,summer,12691836.0,8.0,0,Evening,21.0,Moderate,High,High
india,maharashtra,mumbai,"ghatkopar, mumbai - bmc",2026-07-01 23:00:00.000000000,19.083694,72.920967,so2,0.0,1.0,1.0,27,good,38.4,57.6,29.2,2026,7,1,23,wednesday,summer,12691836.0,8.0,0,Evening,1.0,Hot,Moderate,High
india,maharashtra,mumbai,"kandivali west, mumbai - bmc",2026-07-01 23:00:00.000000000,19.215859,72.831718,no2,6.0,31.0,17.0,6,good,32.4,66.2,23.6,2026,7,1,23,wednesday,summer,12691836.0,8.0,0,Evening,25.0,Warm,Moderate,High
india,maharashtra,mumbai,"kandivali west, mumbai - bmc",2026-07-01 23:00:00.000000000,19.215859,72.831718,so2,1.0,4.0,3.0,12,good,39.9,55.9,9.2,2026,7,1,23,wednesday,summer,12691836.0,8.0,0,Evening,3.0,Hot,Moderate,Low
india,maharashtra,mumbai,"kurla, mumbai - mpcb",2026-07-01 23:00:00.000000000,19.0863,72.8888,pm2.5,3.0,9.0,6.0,453,hazardous,21.5,51.2,5.0,2026,7,1,23,wednesday,summer,12691836.0,8.0,0,Evening,6.0,Moderate,Moderate,Low
india,madhya pradesh,indore,"residency area, indore - imc",2026-07-01 23:00:00.000000000,22.7084,75.8815,co,5.0,14.0,9.0,6,good,30.6,60.0,21.4,2026,7,1,23,wednesday,summer,1837041.0,550.0,0,Evening,9.0,Warm,Moderate,High
india,madhya pradesh,jabalpur,"govindh bhavan colony, jabalpur - jmc",2026-07-01 23:00:00.000000000,23.163174,79.973061,pm10,24.0,38.0,30.0,11,good,28.5,92.3,26.1,2026,7,1,23,wednesday,summer,1030168.0,416.0,0,Evening,14.0,Warm,High,High
india,madhya pradesh,jabalpur,"govindh bhavan colony, jabalpur - jmc",2026-07-01 23:00:00.000000000,23.163174,79.973061,nh3,0.0,26.0,3.0,12,good,39.7,45.4,25.7,2026,7,1,23,wednesday,summer,1030168.0,416.0,0,Evening,26.0,Hot,Moderate,High
india,madhya pradesh,jabalpur,"gupteshwar, jabalpur - jmc",2026-07-01 23:00:00.000000000,23.142888,79.916147,so2,9.0,12.0,10.0,33,good,36.3,92.7,3.5,2026,7,1,23,wednesday,summer,1030168.0,416.0,0,Evening,3.0,Hot,High,Low
india,madhya pradesh,jabalpur,"gupteshwar, jabalpur - jmc",2026-07-01 23:00:00.000000000,23.142888,79.916147,co,28.0,35.0,32.0,6,good,37.2,57.3,19.8,2026,7,1,23,wednesday,summer,1030168.0,416.0,0,Evening,7.0,Hot,Moderate,Moderate
india,madhya pradesh,katni,"gole bazar, katni - mppcb",2026-07-01 23:00:00.000000000,23.50016,80.23284,pm2.5,20.0,72.0,44.0,6,good,36.8,77.5,27.4,2026,7,1,23,wednesday,summer,195856.0,384.0,0,Evening,52.0,Hot,High,High
india,madhya pradesh,katni,"gole bazar, katni - mppcb",2026-07-01 23:00:00.000000000,23.50016,80.23284,nh3,2.0,3.0,3.0,43,good,17.4,34.8,25.9,2026,7,1,23,wednesday,summer,195856.0,384.0,0,Evening,1.0,Moderate,Low,High
india,madhya pradesh,katni,"gole bazar, katni - mppcb",2026-07-01 23:00:00.000000000,23.50016,80.23284,co,28.0,53.0,38.0,15,good,30.3,63.2,19.0,2026,7,1,23,wednesday,summer,195856.0,384.0,0,Evening,25.0,Warm,Moderate,Moderate
india,madhya pradesh,maihar,"sahilara, maihar - kjs cements",2026-07-01 23:00:00.000000000,24.2613009,80.7231783,nh3,17.0,69.0,37.5,453,hazardous,16.6,85.7,11.1,2026,7,1,23,wednesday,summer,37913.0,358.0,0,Evening,52.0,Moderate,High,Moderate
india,madhya pradesh,mandideep,"sector-d industrial area, mandideep - mppcb",2026-07-01 23:00:00.000000000,23.10844,77.511428,pm10,6.0,85.0,37.0,1,good,36.1,77.9,23.9,2026,7,1,23,wednesday,summer,39898.0,443.0,0,Evening,79.0,Hot,High,High
india,maharashtra,amravati,"shivneri colony, amravati - mpcb",2026-07-01 23:00:00.000000000,20.9402359,77.7895248,so2,5.0,7.0,6.0,36,good,15.3,72.9,9.3,2026,7,1,23,wednesday,summer,603837.0,341.0,0,Evening,2.0,Moderate,High,Low
india,maharashtra,amravati,"shivneri colony, amravati - mpcb",2026-07-01 23:00:00.000000000,20.9402359,77.7895248,co,5.0,13.0,10.0,27,good,38.6,81.5,26.2,2026,7,1,23,wednesday,summer,603837.0,341.0,0,Evening,8.0,Hot,High,High
india,maharashtra,amravati,"shri shivaji science college, amravati - mpcb",2026-07-01 23:00:00.000000000,20.939198,77.765701,pm2.5,12.0,55.0,31.0,14,good,24.1,90.5,14.6,2026,7,1,23,wednesday,summer,603837.0,341.0,0,Evening,43.0,Moderate,High,Moderate
india,maharashtra,aurangabad,"rachnakar colony, aurangabad - mpcb",2026-07-01 23:00:00.000000000,19.863756,75.321188,co,21.0,36.0,26.0,7,good,31.3,50.0,23.3,2026,7,1,23,wednesday,summer,1016441.0,588.0,0,Evening,15.0,Warm,Moderate,High
india,maharashtra,badlapur,"katrap, badlapur - mpcb",2026-07-01 23:00:00.000000000,19.16485,73.23409,pm10,26.0,51.0,42.0,48,good,36.9,58.2,21.0,2026,7,1,23,wednesday,summer,104636.0,24.0,0,Evening,25.0,Hot,Moderate,High
india,maharashtra,bhiwandi,"gokul nagar, bhiwandi - mpcb",2026-07-01 23:00:00.000000000,19.309073,73.057223,nh3,4.0,9.0,6.0,15,good,31.4,45.1,0.3,2026,7,1,23,wednesday,summer,707035.0,9.0,0,Evening,5.0,Warm,Moderate,Low
india,maharashtra,boisar,"khaira, boisar - mpcb",2026-07-01 23:00:00.000000000,19.786089,72.757971,pm2.5,21.0,38.0,28.0,7,good,27.7,60.1,22.7,2026,7,1,23,wednesday,summer,15692.0,16.0,0,Evening,17.0,Warm,Moderate,High
india,madhya pradesh,gwalior,"city center, gwalior - mppcb",2026-07-01 23:00:00.000000000,26.203442,78.193251,pm2.5,2.0,33.0,16.0,15,good,26.2,40.8,28.4,2026,7,1,23,wednesday,summer,882458.0,220.0,0,Evening,31.0,Warm,Moderate,High
india,madhya pradesh,gwalior,"city center, gwalior - mppcb",2026-07-01 23:00:00.000000000,26.203442,78.193251,ozone,31.0,52.0,41.0,12,good,21.7,81.4,26.7,2026,7,1,23,wednesday,summer,882458.0,220.0,0,Evening,21.0,Moderate,High,High
india,madhya pradesh,indore,"regional park, indore - imc",2026-07-01 23:00:00.000000000,22.678,75.8559,pm2.5,1.0,26.0,17.0,11,good,23.4,49.3,3.7,2026,7,1,23,wednesday,summer,1837041.0,550.0,0,Evening,25.0,Moderate,Moderate,Low
india,madhya pradesh,indore,"regional park, indore - imc",2026-07-01 23:00:00.000000000,22.678,75.8559,so2,29.0,31.0,30.0,26,good,22.6,77.9,12.8,2026,7,1,23,wednesday,summer,1837041.0,550.0,0,Evening,2.0,Moderate,High,Moderate
india,madhya pradesh,indore,"airport area, indore - imc",2026-07-01 23:00:00.000000000,22.7289,75.8076,pm10,14.0,108.0,34.0,34,good,34.1,36.5,8.3,2026,7,1,23,wednesday,summer,1837041.0,550.0,0,Evening,94.0,Warm,Low,Low
india,madhya pradesh,indore,"airport area, indore - imc",2026-07-01 23:00:00.000000000,22.7289,75.8076,no2,51.0,186.0,65.0,92,moderate,17.1,90.0,27.4,2026,7,1,23,wednesday,summer,1837041.0,550.0,0,Evening,135.0,Moderate,High,High
india,madhya pradesh,indore,"airport area, indore - imc",2026-07-01 23:00:00.000000000,22.7289,75.8076,co,42.0,71.0,47.0,27,good,24.9,94.6,1.4,2026,7,1,23,wednesday,summer,1837041.0,550.0,0,Evening,29.0,Moderate,High,Low
india,madhya pradesh,indore,"airport area, indore - imc",2026-07-01 23:00:00.000000000,22.7289,75.8076,ozone,4.0,6.0,5.0,14,good,38.8,76.6,28.8,2026,7,1,23,wednesday,summer,1837041.0,550.0,0,Evening,2.0,Hot,High,High
india,madhya pradesh,indore,"maguda nagar, indore - imc",2026-07-01 23:00:00.000000000,22.7524,75.8872,so2,18.0,20.0,19.0,17,good,19.8,61.8,1.8,2026,7,1,23,wednesday,summer,1837041.0,550.0,0,Evening,2.0,Moderate,Moderate,Low
india,madhya pradesh,indore,"residency area, indore - imc",2026-07-01 23:00:00.000000000,22.7084,75.8815,nh3,0.0,0.0,0.0,17,good,29.9,35.5,3.1,2026,7,1,23,wednesday,summer,1837041.0,550.0,0,Evening,0.0,Warm,Low,Low
india,maharashtra,mumbai,"bandra kurla complex, mumbai - mpcb",2026-07-01 23:00:00.000000000,19.065931,72.862131,pm10,7.0,18.0,12.0,29,good,30.2,46.0,26.3,2026,7,1,23,wednesday,summer,12691836.0,8.0,0,Evening,11.0,Warm,Moderate,High
india,maharashtra,mumbai,"bandra kurla complex, mumbai - mpcb",2026-07-01 23:00:00.000000000,19.065931,72.862131,co,17.0,17.0,17.0,41,good,39.7,30.7,28.4,2026,7,1,23,wednesday,summer,12691836.0,8.0,0,Evening,0.0,Hot,Low,High
india,maharashtra,mumbai,"navy nagar-colaba, mumbai - iitm",2026-07-01 23:00:00.000000000,18.897756,72.81332,pm2.5,15.0,32.0,24.0,5,good,35.2,58.5,4.6,2026,7,1,23,wednesday,summer,12691836.0,8.0,0,Evening,17.0,Hot,Moderate,Low
india,maharashtra,mumbai,"khindipada-bhandup west, mumbai - iitm",2026-07-01 23:00:00.000000000,19.1653323,72.922099,so2,6.0,15.0,10.0,35,good,34.1,71.4,10.4,2026,7,1,23,wednesday,summer,12691836.0,8.0,0,Evening,9.0,Warm,High,Moderate
india,maharashtra,mumbai,"chembur, mumbai - mpcb",2026-07-01 23:00:00.000000000,19.0364585,72.8954371,ozone,1.0,25.0,10.0,27,good,26.2,93.4,14.2,2026,7,1,23,wednesday,summer,12691836.0,8.0,0,Evening,24.0,Warm,High,Moderate
india,maharashtra,mumbai,"kherwadi_bandra east, mumbai - mpcb",2026-07-01 23:00:00.000000000,19.0632143,72.8456324,so2,3.0,4.0,3.0,22,good,28.0,91.8,6.3,2026,7,1,23,wednesday,summer,12691836.0,8.0,0,Evening,1.0,Warm,High,Low
india,maharashtra,mumbai,"byculla, mumbai - bmc",2026-07-01 23:00:00.000000000,18.9767,72.838,pm2.5,16.0,24.0,20.0,14,good,20.8,59.6,18.7,2026,7,1,23,wednesday,summer,12691836.0,8.0,0,Evening,8.0,Moderate,Moderate,Moderate
india,maharashtra,mumbai,"byculla, mumbai - bmc",2026-07-01 23:00:00.000000000,18.9767,72.838,pm10,26.0,103.0,45.0,27,good,30.4,81.4,0.0,2026,7,1,23,wednesday,summer,12691836.0,8.0,0,Evening,77.0,Warm,High,Low
india,maharashtra,pune,"savitribai phule pune university, pune - mpcb",2026-07-01 23:00:00.000000000,18.547056,73.826908,no2,5.0,8.0,7.0,11,good,16.2,78.6,19.1,2026,7,1,23,wednesday,summer,2935744.0,554.0,0,Evening,3.0,Moderate,High,Moderate
india,maharashtra,pune,"savitribai phule pune university, pune - mpcb",2026-07-01 23:00:00.000000000,18.547056,73.826908,co,28.0,32.0,30.0,37,good,15.9,62.9,7.7,2026,7,1,23,wednesday,summer,2935744.0,554.0,0,Evening,4.0,Moderate,Moderate,Low
india,maharashtra,pune,"savitribai phule pune university, pune - mpcb",2026-07-01 23:00:00.000000000,18.547056,73.826908,ozone,13.0,23.0,18.0,35,good,38.8,49.2,14.5,2026,7,1,23,wednesday,summer,2935744.0,554.0,0,Evening,10.0,Hot,Moderate,Moderate
india,maharashtra,pune,"panchawati_pashan, pune - iitm",2026-07-01 23:00:00.000000000,18.536457,73.805454,pm10,21.0,38.0,29.0,29,good,32.8,89.2,18.9,2026,7,1,23,wednesday,summer,2935744.0,554.0,0,Evening,17.0,Warm,High,Moderate
india,maharashtra,pune,"panchawati_pashan, pune - iitm",2026-07-01 23:00:00.000000000,18.536457,73.805454,no2,7.0,12.0,9.0,21,good,15.3,44.9,29.0,2026,7,1,23,wednesday,summer,2935744.0,554.0,0,Evening,5.0,Moderate,Moderate,High
india,maharashtra,pune,"panchawati_pashan, pune - iitm",2026-07-01 23:00:00.000000000,18.536457,73.805454,so2,8.666666666666666,24.0,13.666666666666668,436,hazardous,31.4,33.8,10.5,2026,7,1,23,wednesday,summer,2935744.0,554.0,0,Evening,15.333333333333334,Warm,Low,Moderate
india,maharashtra,pune,"dhankawadi, pune - iitm",2026-07-01 23:00:00.000000000,18.459883,73.852193,so2,10.333333333333334,36.0,18.333333333333336,456,hazardous,20.4,39.4,5.0,2026,7,1,23,wednesday,summer,2935744.0,554.0,0,Evening,25.666666666666664,Moderate,Low,Low
india,maharashtra,pune,"katraj dairy, pune - mpcb",2026-07-01 23:00:00.000000000,18.45445,73.854155,pm10,12.0,48.0,23.0,49,good,38.2,38.6,7.5,2026,7,1,23,wednesday,summer,2935744.0,554.0,0,Evening,36.0,Hot,Low,Low
india,maharashtra,pune,"hadapsar, pune - iitm",2026-07-01 23:00:00.000000000,18.501793,73.927532,so2,36.0,77.0,56.5,445,hazardous,30.5,54.8,27.3,2026,7,1,23,wednesday,summer,2935744.0,554.0,0,Evening,41.0,Warm,Moderate,High
india,maharashtra,pune,"hadapsar, pune - iitm",2026-07-01 23:00:00.000000000,18.501793,73.927532,co,60.0,106.0,90.0,54,moderate,22.5,80.4,14.3,2026,7,1,23,wednesday,summer,2935744.0,554.0,0,Evening,46.0,Moderate,High,Moderate
india,maharashtra,pune,"mhada colony, pune - iitm",2026-07-01 23:00:00.000000000,18.57304,73.927715,no2,11.0,101.0,40.0,40,good,35.1,78.2,21.0,2026,7,1,23,wednesday,summer,2935744.0,554.0,0,Evening,90.0,Hot,High,High
india,maharashtra,pune,"mhada colony, pune - iitm",2026-07-01 23:00:00.000000000,18.57304,73.927715,nh3,8.0,68.0,27.333333333333336,372,hazardous,22.3,46.0,10.9,2026,7,1,23,wednesday,summer,2935744.0,554.0,0,Evening,60.0,Moderate,Moderate,Moderate
india,maharashtra,pune,"mhada colony, pune - iitm",2026-07-01 23:00:00.000000000,18.57304,73.927715,so2,5.0,35.0,14.666666666666668,430,hazardous,31.5,69.9,8.2,2026,7,1,23,wednesday,summer,2935744.0,554.0,0,Evening,30.0,Warm,Moderate,Low
india,maharashtra,pune,"mhada colony, pune - iitm",2026-07-01 23:00:00.000000000,18.57304,73.927715,co,2.0,2.0,2.0,0,good,35.8,79.4,24.6,2026,7,1,23,wednesday,summer,2935744.0,554.0,0,Evening,0.0,Hot,High,High
india,maharashtra,sangli,"vijay nagar, sangli - mpcb",2026-07-01 23:00:00.000000000,16.5038,74.3623,co,11.0,14.0,13.0,21,good,15.6,90.5,24.9,2026,7,1,23,wednesday,summer,601214.0,553.0,0,Evening,3.0,Moderate,High,High
india,maharashtra,satara,"koyana nagar, satara - mpcb",2026-07-01 23:00:00.000000000,17.696651,74.003387,no2,1.0,18.0,6.0,18,good,18.3,33.1,19.1,2026,7,1,23,wednesday,summer,112793.0,709.0,0,Evening,17.0,Moderate,Low,Moderate
india,maharashtra,solapur,"dnyaneshwar nagar, solapur - mpcb",2026-07-01 23:00:00.000000000,17.6336264,75.9132495,pm2.5,7.0,21.0,14.0,27,good,20.6,35.0,26.5,2026,7,1,23,wednesday,summer,997281.0,473.0,0,Evening,14.0,Moderate,Low,High
india,maharashtra,solapur,"dnyaneshwar nagar, solapur - mpcb",2026-07-01 23:00:00.000000000,17.6336264,75.9132495,no2,8.0,19.0,12.0,10,good,15.8,33.6,2.9,2026,7,1,23,wednesday,summer,997281.0,473.0,0,Evening,11.0,Moderate,Low,Low
india,maharashtra,solapur,"ratandeep housing society, solapur - mpcb",2026-07-01 23:00:00.000000000,17.65439,75.90649,no2,11.0,23.0,15.5,382,hazardous,23.9,62.7,13.5,2026,7,1,23,wednesday,summer,997281.0,473.0,0,Evening,12.0,Moderate,Moderate,Moderate
india,maharashtra,solapur,"ratandeep housing society, solapur - mpcb",2026-07-01 23:00:00.000000000,17.65439,75.90649,ozone,14.0,27.0,19.0,43,good,33.2,54.8,29.5,2026,7,1,23,wednesday,summer,997281.0,473.0,0,Evening,13.0,Warm,Moderate,High
india,maharashtra,thane,"upvan fort, thane - mpcb",2026-07-01 23:00:00.000000000,19.222279,72.957979,so2,2.0,7.0,4.0,17,good,33.8,71.3,10.3,2026,7,1,23,wednesday,summer,1261517.0,23.0,0,Evening,5.0,Warm,High,Moderate
india,mizoram,aizawl,"sikulpuikawn, aizawl - mizoram pcb",2026-07-01 23:00:00.000000000,23.7176342,92.7192841,ozone,3.0,5.0,4.0,43,good,38.7,43.6,12.3,2026,7,1,23,wednesday,summer,265331.0,1080.0,0,Evening,2.0,Hot,Moderate,Moderate
india,nagaland,kohima,"pwd junction, kohima - npcb",2026-07-01 23:00:00.000000000,25.6635413,94.0989878,pm2.5,5.0,24.0,12.0,29,good,30.0,53.7,29.3,2026,7,1,23,wednesday,summer,92113.0,1463.0,0,Evening,19.0,Warm,Moderate,High
india,odisha,angul,"hakimapada, angul - ospcb",2026-07-01 23:00:00.000000000,20.832874,85.104082,pm10,11.0,172.0,60.0,78,moderate,34.4,35.7,16.9,2026,7,1,23,wednesday,summer,44386.0,126.0,0,Evening,161.0,Warm,Low,Moderate
india,odisha,angul,"hakimapada, angul - ospcb",2026-07-01 23:00:00.000000000,20.832874,85.104082,ozone,19.0,61.0,44.0,4,good,31.0,30.9,24.7,2026,7,1,23,wednesday,summer,44386.0,126.0,0,Evening,42.0,Warm,Low,High
india,odisha,balasore,"kalidaspur, balasore - ospcb",2026-07-01 23:00:00.000000000,21.51161,86.89088,co,30.0,37.0,34.0,30,good,21.5,42.4,2.0,2026,7,1,23,wednesday,summer,114321.0,22.0,0,Evening,7.0,Moderate,Moderate,Low
india,odisha,barbil,"forest office, barbil - ospcb",2026-07-01 23:00:00.000000000,22.1166054,85.3945546,nh3,1.0,1.0,1.0,37,good,16.2,94.9,24.9,2026,7,1,23,wednesday,summer,52586.0,457.0,0,Evening,0.0,Moderate,High,High
india,odisha,bhubaneswar,"lingraj mandir, bhubaneswar - ospcb",2026-07-01 23:00:00.000000000,20.24079,85.836784,pm10,5.0,64.0,34.0,28,good,15.9,57.2,26.8,2026,7,1,23,wednesday,summer,762243.0,62.0,0,Evening,59.0,Moderate,Moderate,High
india,odisha,bhubaneswar,"lingraj mandir, bhubaneswar - ospcb",2026-07-01 23:00:00.000000000,20.24079,85.836784,no2,8.0,28.0,18.0,44,good,32.0,76.0,13.2,2026,7,1,23,wednesday,summer,762243.0,62.0,0,Evening,20.0,Warm,High,Moderate
india,odisha,bhubaneswar,"lingraj mandir, bhubaneswar - ospcb",2026-07-01 23:00:00.000000000,20.24079,85.836784,ozone,24.0,52.0,34.0,49,good,25.5,57.3,20.1,2026,7,1,23,wednesday,summer,762243.0,62.0,0,Evening,28.0,Warm,Moderate,High
india,odisha,rairangpur,"divisional forest office, rairangpur - ospcb",2026-07-01 23:00:00.000000000,22.265816,86.174829,ozone,4.0,13.0,8.0,13,good,20.2,89.0,1.9,2026,7,1,23,wednesday,summer,23072.0,268.0,0,Evening,9.0,Moderate,High,Low
india,odisha,rourkela,"fertilizer township, rourkela - ospcb",2026-07-01 23:00:00.000000000,22.18972222,84.86277778,pm2.5,57.0,96.0,68.0,86,moderate,36.6,57.7,6.6,2026,7,1,23,wednesday,summer,536450.0,195.0,0,Evening,39.0,Hot,Moderate,Low
india,odisha,rourkela,"fertilizer township, rourkela - ospcb",2026-07-01 23:00:00.000000000,22.18972222,84.86277778,ozone,42.5,91.0,60.0,380,hazardous,24.1,44.1,0.6,2026,7,1,23,wednesday,summer,536450.0,195.0,0,Evening,48.5,Moderate,Moderate,Low
india,odisha,rourkela,"raghunathpali, rourkela - ospcb",2026-07-01 23:00:00.000000000,22.220833,84.809444,pm2.5,28.0,86.0,52.0,73,moderate,25.7,85.0,8.2,2026,7,1,23,wednesday,summer,536450.0,195.0,0,Evening,58.0,Warm,High,Low
india,odisha,talcher,"talcher coalfields,talcher - ospcb",2026-07-01 23:00:00.000000000,20.9360711,85.1707021,pm2.5,27.0,69.0,45.0,324,hazardous,23.0,70.5,8.7,2026,7,1,23,wednesday,summer,38436.0,80.0,0,Evening,42.0,Moderate,High,Low
india,puducherry,puducherry,"jawahar nagar, puducherry - ppcc",2026-07-01 23:00:00.000000000,11.9309,79.8027,ozone,11.0,49.0,37.0,49,good,21.3,78.1,5.3,2026,7,1,23,wednesday,summer,227411.0,11.0,0,Evening,38.0,Moderate,High,Low
india,maharashtra,nashik,"midc ambad, nashik - mpcb",2026-07-01 23:00:00.000000000,19.95022,73.73148,ozone,19.0,24.0,22.0,41,good,17.3,93.9,11.9,2026,7,1,23,wednesday,summer,1289497.0,584.0,0,Evening,5.0,Moderate,High,Moderate
india,maharashtra,nashik,"hirawadi, nashik - mpcb",2026-07-01 23:00:00.000000000,20.021503,73.813844,pm10,6.0,27.0,15.0,16,good,17.8,87.4,5.0,2026,7,1,23,wednesday,summer,1289497.0,584.0,0,Evening,21.0,Moderate,High,Low
india,maharashtra,nashik,"hirawadi, nashik - mpcb",2026-07-01 23:00:00.000000000,20.021503,73.813844,so2,4.5,15.0,9.0,487,hazardous,28.7,52.4,22.5,2026,7,1,23,wednesday,summer,1289497.0,584.0,0,Evening,10.5,Warm,Moderate,High
india,maharashtra,nashik,"gangapur road, nashik - mpcb",2026-07-01 23:00:00.000000000,20.0073285,73.7762427,nh3,3.0,3.0,3.0,12,good,33.6,44.9,15.5,2026,7,1,23,wednesday,summer,1289497.0,584.0,0,Evening,0.0,Warm,Moderate,Moderate
india,maharashtra,navi mumbai,"kopripada-vashi, navi mumbai - mpcb",2026-07-01 23:00:00.000000000,19.090337,73.014232,pm2.5,10.0,27.0,17.0,42,good,35.1,38.2,3.0,2026,7,1,23,wednesday,summer,2600000.0,14.0,0,Evening,17.0,Hot,Low,Low
india,maharashtra,navi mumbai,"kopripada-vashi, navi mumbai - mpcb",2026-07-01 23:00:00.000000000,19.090337,73.014232,no2,10.0,21.0,16.0,24,good,16.6,44.4,17.1,2026,7,1,23,wednesday,summer,2600000.0,14.0,0,Evening,11.0,Moderate,Moderate,Moderate
india,maharashtra,navi mumbai,"kopripada-vashi, navi mumbai - mpcb",2026-07-01 23:00:00.000000000,19.090337,73.014232,nh3,8.0,13.0,10.0,48,good,32.9,89.6,21.1,2026,7,1,23,wednesday,summer,2600000.0,14.0,0,Evening,5.0,Warm,High,High
india,maharashtra,navi mumbai,"kopripada-vashi, navi mumbai - mpcb",2026-07-01 23:00:00.000000000,19.090337,73.014232,ozone,15.0,15.0,15.0,19,good,37.1,91.0,12.5,2026,7,1,23,wednesday,summer,2600000.0,14.0,0,Evening,0.0,Hot,High,Moderate
india,maharashtra,navi mumbai,"nerul, navi mumbai - mpcb",2026-07-01 23:00:00.000000000,19.008751,73.01662,pm10,12.5,15.0,14.5,356,hazardous,34.0,92.7,16.2,2026,7,1,23,wednesday,summer,2600000.0,14.0,0,Evening,2.5,Warm,High,Moderate
india,maharashtra,navi mumbai,"tondare-taloja, navi mumbai - mpcb",2026-07-01 23:00:00.000000000,19.063,73.1209,so2,10.0,15.0,14.0,11,good,33.8,76.2,27.6,2026,7,1,23,wednesday,summer,2600000.0,14.0,0,Evening,5.0,Warm,High,High
india,maharashtra,navi mumbai,"sanpada, navi mumbai - mpcb",2026-07-01 23:00:00.000000000,19.0575752,73.0151367,pm2.5,19.0,29.0,22.0,15,good,18.1,83.7,3.4,2026,7,1,23,wednesday,summer,2600000.0,14.0,0,Evening,10.0,Moderate,High,Low
india,maharashtra,parbhani,"masoom colony, parbhani - mpcb",2026-07-01 23:00:00.000000000,19.265594,76.761463,no2,22.0,53.0,39.0,49,good,15.8,60.4,26.1,2026,7,1,23,wednesday,summer,289629.0,421.0,0,Evening,31.0,Moderate,Moderate,High
india,maharashtra,thane,"kasarvadavali, thane - mpcb",2026-07-01 23:00:00.000000000,19.26777,72.97182,pm2.5,8.0,44.0,29.0,2,good,16.1,42.3,14.0,2026,7,1,23,wednesday,summer,1261517.0,23.0,0,Evening,36.0,Moderate,Moderate,Moderate
india,maharashtra,thane,"kasarvadavali, thane - mpcb",2026-07-01 23:00:00.000000000,19.26777,72.97182,nh3,2.0,5.0,3.0,38,good,20.5,83.8,3.8,2026,7,1,23,wednesday,summer,1261517.0,23.0,0,Evening,3.0,Moderate,High,Low
india,maharashtra,ulhasnagar,"vithalwadi, ulhasnagar - mpcb",2026-07-01 23:00:00.000000000,19.2307571,73.155192,pm2.5,4.0,8.0,6.0,431,hazardous,39.1,52.5,0.5,2026,7,1,23,wednesday,summer,516584.0,10.0,0,Evening,4.0,Hot,Moderate,Low
india,maharashtra,ulhasnagar,"vithalwadi, ulhasnagar - mpcb",2026-07-01 23:00:00.000000000,19.2307571,73.155192,so2,6.0,11.0,9.0,23,good,19.5,37.0,27.8,2026,7,1,23,wednesday,summer,516584.0,10.0,0,Evening,5.0,Moderate,Low,High
india,maharashtra,ulhasnagar,"vithalwadi, ulhasnagar - mpcb",2026-07-01 23:00:00.000000000,19.2307571,73.155192,co,16.0,20.0,18.0,12,good,15.2,45.4,13.3,2026,7,1,23,wednesday,summer,516584.0,10.0,0,Evening,4.0,Moderate,Moderate,Moderate
india,maharashtra,virar,"bolinj, virar - mpcb",2026-07-01 23:00:00.000000000,19.445821,72.7988231,no2,13.0,22.666666666666668,18.0,392,hazardous,33.0,92.9,16.6,2026,7,1,23,wednesday,summer,150357.0,9.0,0,Evening,9.666666666666668,Warm,High,Moderate
india,meghalaya,shillong,"jn stadium, shillong - meghalaya pcb",2026-07-01 23:00:00.000000000,25.5803419,91.8942571,nh3,4.0,27.5,14.5,310,hazardous,35.4,63.6,9.5,2026,7,1,23,wednesday,summer,132842.0,1507.0,0,Evening,23.5,Hot,Moderate,Low
india,mizoram,aizawl,"sikulpuikawn, aizawl - mizoram pcb",2026-07-01 23:00:00.000000000,23.7176342,92.7192841,pm10,1.0,27.0,11.0,21,good,27.8,83.9,22.5,2026,7,1,23,wednesday,summer,265331.0,1080.0,0,Evening,26.0,Warm,High,High
india,mizoram,aizawl,"sikulpuikawn, aizawl - mizoram pcb",2026-07-01 23:00:00.000000000,23.7176342,92.7192841,no2,1.0,1.0,1.0,23,good,32.8,78.5,22.1,2026,7,1,23,wednesday,summer,265331.0,1080.0,0,Evening,0.0,Warm,High,High
india,mizoram,aizawl,"sikulpuikawn, aizawl - mizoram pcb",2026-07-01 23:00:00.000000000,23.7176342,92.7192841,so2,14.0,15.0,15.0,2,good,24.1,84.8,1.0,2026,7,1,23,wednesday,summer,265331.0,1080.0,0,Evening,1.0,Moderate,High,Low
india,rajasthan,bhiwadi,"vasundhara nagar_uit, bhiwadi - rspcb",2026-07-01 23:00:00.000000000,28.207266,76.829265,nh3,6.0,12.0,8.0,32,good,29.6,87.0,13.1,2026,7,1,23,wednesday,summer,33831.0,268.0,0,Evening,6.0,Warm,High,Moderate
india,rajasthan,bhiwadi,"vasundhara nagar_uit, bhiwadi - rspcb",2026-07-01 23:00:00.000000000,28.207266,76.829265,co,16.0,26.0,19.0,0,good,40.0,78.5,11.4,2026,7,1,23,wednesday,summer,33831.0,268.0,0,Evening,10.0,Hot,High,Moderate
india,rajasthan,bikaner,"mm ground, bikaner - rspcb",2026-07-01 23:00:00.000000000,28.018792,73.292658,so2,0.0,10.0,4.0,11,good,38.7,30.9,2.4,2026,7,1,23,wednesday,summer,576015.0,229.0,0,Evening,10.0,Hot,Low,Low
india,rajasthan,chittorgarh,"shastri nagar, chittorgarh - rspcb",2026-07-01 23:00:00.000000000,24.892047,74.623527,no2,2.0,19.0,8.0,50,good,16.5,46.0,11.7,2026,7,1,23,wednesday,summer,106710.0,405.0,0,Evening,17.0,Moderate,Moderate,Moderate
india,rajasthan,chittorgarh,"shastri nagar, chittorgarh - rspcb",2026-07-01 23:00:00.000000000,24.892047,74.623527,nh3,7.0,19.0,10.0,29,good,22.1,75.0,6.7,2026,7,1,23,wednesday,summer,106710.0,405.0,0,Evening,12.0,Moderate,High,Low
india,rajasthan,dungarpur,"bhoiwada, dungarpur - rspcb",2026-07-01 23:00:00.000000000,23.837789,73.714926,pm10,22.0,84.0,54.0,53,moderate,23.1,77.6,15.1,2026,7,1,23,wednesday,summer,6105.0,139.0,0,Evening,62.0,Moderate,High,Moderate
india,rajasthan,dungarpur,"bhoiwada, dungarpur - rspcb",2026-07-01 23:00:00.000000000,23.837789,73.714926,nh3,12.0,23.0,16.0,2,good,23.0,91.5,6.1,2026,7,1,23,wednesday,summer,6105.0,139.0,0,Evening,11.0,Moderate,High,Low
india,rajasthan,hanumangarh,"housing board, hanumangarh - rspcb",2026-07-01 23:00:00.000000000,29.61075,74.283608,pm2.5,9.0,43.0,26.0,44,good,36.7,51.0,6.0,2026,7,1,23,wednesday,summer,155687.0,184.0,0,Evening,34.0,Hot,Moderate,Low
india,maharashtra,pune,"revenue colony-shivajinagar, pune - iitm",2026-07-01 23:00:00.000000000,18.530085,73.849598,nh3,11.0,21.5,15.5,387,hazardous,26.1,89.8,0.2,2026,7,1,23,wednesday,summer,2935744.0,554.0,0,Evening,10.5,Warm,High,Low
india,maharashtra,pune,"revenue colony-shivajinagar, pune - iitm",2026-07-01 23:00:00.000000000,18.530085,73.849598,so2,17.0,32.0,23.0,50,good,19.7,76.5,25.6,2026,7,1,23,wednesday,summer,2935744.0,554.0,0,Evening,15.0,Moderate,High,High
india,maharashtra,pune,"revenue colony-shivajinagar, pune - iitm",2026-07-01 23:00:00.000000000,18.530085,73.849598,ozone,15.0,24.0,18.0,19,good,34.8,51.5,26.4,2026,7,1,23,wednesday,summer,2935744.0,554.0,0,Evening,9.0,Warm,Moderate,High
india,rajasthan,baran,"bamboliya, baran - rspcb",2026-07-01 23:00:00.000000000,25.106006,76.469948,ozone,20.0,171.0,68.0,56,moderate,16.3,50.5,22.1,2026,7,1,23,wednesday,summer,87478.0,271.0,0,Evening,151.0,Moderate,Moderate,High
india,rajasthan,barmer,"railway colony, barmer - rspcb",2026-07-01 23:00:00.000000000,25.747299,71.393989,no2,2.0,16.0,7.0,22,good,18.2,56.8,27.6,2026,7,1,23,wednesday,summer,89487.0,202.0,0,Evening,14.0,Moderate,Moderate,High
india,rajasthan,bharatpur,"krishna nagar, bharatpur - rspcb",2026-07-01 23:00:00.000000000,27.215415,77.50873,co,23.0,37.0,29.0,41,good,25.0,50.3,1.1,2026,7,1,23,wednesday,summer,229384.0,180.0,0,Evening,14.0,Warm,Moderate,Low
india,rajasthan,bhilwara,"pratap nagar, bhilwara - rspcb",2026-07-01 23:00:00.000000000,25.339605,74.618883,pm2.5,23.0,65.0,41.0,24,good,35.5,72.8,11.0,2026,7,1,23,wednesday,summer,326431.0,419.0,0,Evening,42.0,Hot,High,Moderate
india,rajasthan,bhiwadi,"riico ind. area iii, bhiwadi - rspcb",2026-07-01 23:00:00.000000000,28.194909,76.862296,no2,24.0,84.0,43.0,48,good,18.9,85.2,9.8,2026,7,1,23,wednesday,summer,33831.0,268.0,0,Evening,60.0,Moderate,High,Low
india,rajasthan,bhiwadi,"riico ind. area iii, bhiwadi - rspcb",2026-07-01 23:00:00.000000000,28.194909,76.862296,so2,12.0,19.0,16.0,45,good,24.5,44.2,16.1,2026,7,1,23,wednesday,summer,33831.0,268.0,0,Evening,7.0,Moderate,Moderate,Moderate
india,rajasthan,bhiwadi,"riico ind. area iii, bhiwadi - rspcb",2026-07-01 23:00:00.000000000,28.194909,76.862296,co,12.0,24.0,17.0,9,good,38.6,49.6,23.7,2026,7,1,23,wednesday,summer,33831.0,268.0,0,Evening,12.0,Hot,Moderate,High
india,punjab,khanna,"kalal majra, khanna - ppcb",2026-07-01 23:00:00.000000000,30.736056,76.209694,so2,16.0,17.0,16.0,21,good,30.3,83.8,8.8,2026,7,1,23,wednesday,summer,117137.0,269.0,0,Evening,1.0,Warm,High,Low
india,rajasthan,alwar,"moti doongri, alwar - rspcb",2026-07-01 23:00:00.000000000,27.554793,76.611536,nh3,9.0,11.0,10.0,23,good,29.5,63.1,8.9,2026,7,1,23,wednesday,summer,283228.0,269.0,0,Evening,2.0,Warm,Moderate,Low
india,rajasthan,alwar,"moti doongri, alwar - rspcb",2026-07-01 23:00:00.000000000,27.554793,76.611536,so2,32.0,46.0,40.0,45,good,22.7,71.4,18.5,2026,7,1,23,wednesday,summer,283228.0,269.0,0,Evening,14.0,Moderate,High,Moderate
india,rajasthan,banswara,"rati talai, banswara - rspcb",2026-07-01 23:00:00.000000000,23.55519,74.44001,pm2.5,28.0,92.0,56.0,53,moderate,32.7,62.6,16.7,2026,7,1,23,wednesday,summer,93648.0,227.0,0,Evening,64.0,Warm,Moderate,Moderate
india,rajasthan,banswara,"rati talai, banswara - rspcb",2026-07-01 23:00:00.000000000,23.55519,74.44001,nh3,1.0,4.0,2.0,30,good,35.6,87.5,3.8,2026,7,1,23,wednesday,summer,93648.0,227.0,0,Evening,3.0,Hot,High,Low
india,rajasthan,banswara,"rati talai, banswara - rspcb",2026-07-01 23:00:00.000000000,23.55519,74.44001,co,10.0,17.0,14.0,41,good,37.5,91.0,8.4,2026,7,1,23,wednesday,summer,93648.0,227.0,0,Evening,7.0,Hot,High,Low
india,rajasthan,hanumangarh,"housing board, hanumangarh - rspcb",2026-07-01 23:00:00.000000000,29.61075,74.283608,so2,2.0,10.0,3.0,34,good,33.9,45.0,14.0,2026,7,1,23,wednesday,summer,155687.0,184.0,0,Evening,8.0,Warm,Moderate,Moderate
india,rajasthan,hanumangarh,"housing board, hanumangarh - rspcb",2026-07-01 23:00:00.000000000,29.61075,74.283608,co,16.0,38.0,28.0,16,good,24.9,82.9,12.8,2026,7,1,23,wednesday,summer,155687.0,184.0,0,Evening,22.0,Moderate,High,Moderate
india,rajasthan,jaipur,"shastri nagar, jaipur - rspcb",2026-07-01 23:00:00.000000000,26.9502929,75.730943,pm10,52.0,132.0,94.0,89,moderate,16.5,94.0,8.1,2026,7,1,23,wednesday,summer,2711758.0,435.0,0,Evening,80.0,Moderate,High,Low
india,rajasthan,jaipur,"shastri nagar, jaipur - rspcb",2026-07-01 23:00:00.000000000,26.9502929,75.730943,no2,33.0,64.0,47.0,3,good,37.3,80.8,15.8,2026,7,1,23,wednesday,summer,2711758.0,435.0,0,Evening,31.0,Hot,High,Moderate
india,rajasthan,jaipur,"shastri nagar, jaipur - rspcb",2026-07-01 23:00:00.000000000,26.9502929,75.730943,co,48.0,78.0,62.0,74,moderate,37.7,51.0,7.0,2026,7,1,23,wednesday,summer,2711758.0,435.0,0,Evening,30.0,Hot,Moderate,Low
india,rajasthan,jaipur,"sector-2 murlipura, jaipur - rspcb",2026-07-01 23:00:00.000000000,26.960669,75.771817,no2,10.0,53.0,24.0,18,good,17.2,42.5,12.0,2026,7,1,23,wednesday,summer,2711758.0,435.0,0,Evening,43.0,Moderate,Moderate,Moderate
india,rajasthan,jaipur,"sector-2 murlipura, jaipur - rspcb",2026-07-01 23:00:00.000000000,26.960669,75.771817,so2,1.0,4.0,2.0,27,good,32.0,89.7,21.4,2026,7,1,23,wednesday,summer,2711758.0,435.0,0,Evening,3.0,Warm,High,High
india,rajasthan,jaipur,"police commissionerate, jaipur - rspcb",2026-07-01 23:00:00.000000000,26.9164092,75.7994901,ozone,27.0,38.0,33.0,34,good,33.7,76.5,20.1,2026,7,1,23,wednesday,summer,2711758.0,435.0,0,Evening,11.0,Warm,High,High
india,rajasthan,jaipur,"adarsh nagar, jaipur - rspcb",2026-07-01 23:00:00.000000000,26.902909,75.836858,pm10,47.0,120.0,80.0,69,moderate,17.3,32.9,22.9,2026,7,1,23,wednesday,summer,2711758.0,435.0,0,Evening,73.0,Moderate,Low,High
india,rajasthan,jaipur,"riico sitapura, jaipur - rspcb",2026-07-01 23:00:00.000000000,26.786682,75.827928,so2,4.0,13.0,9.0,9,good,30.6,93.7,7.6,2026,7,1,23,wednesday,summer,2711758.0,435.0,0,Evening,9.0,Warm,High,Low
india,rajasthan,jaipur,"mansarovar sector-12, jaipur - rspcb",2026-07-01 23:00:00.000000000,26.843698,75.766894,no2,7.0,43.0,16.0,24,good,19.6,88.2,28.1,2026,7,1,23,wednesday,summer,2711758.0,435.0,0,Evening,36.0,Moderate,High,High
india,rajasthan,jaisalmer,"sadar bazar, jaisalmer - rspcb",2026-07-01 23:00:00.000000000,26.912329,70.909168,so2,3.0,4.0,3.0,0,good,32.6,34.2,23.0,2026,7,1,23,wednesday,summer,67604.0,234.0,0,Evening,1.0,Warm,Low,High
india,rajasthan,jaisalmer,"sadar bazar, jaisalmer - rspcb",2026-07-01 23:00:00.000000000,26.912329,70.909168,ozone,23.0,36.0,30.0,1,good,24.9,82.8,20.4,2026,7,1,23,wednesday,summer,67604.0,234.0,0,Evening,13.0,Moderate,High,High
india,rajasthan,jhalawar,"rajlaxmi nagar, jhalawar - rspcb",2026-07-01 23:00:00.000000000,24.588397,76.172782,pm2.5,15.0,100.0,41.0,40,good,28.3,73.9,22.3,2026,7,1,23,wednesday,summer,51884.0,322.0,0,Evening,85.0,Warm,High,High
india,rajasthan,jhalawar,"rajlaxmi nagar, jhalawar - rspcb",2026-07-01 23:00:00.000000000,24.588397,76.172782,so2,4.0,8.0,6.0,4,good,33.3,89.4,11.8,2026,7,1,23,wednesday,summer,51884.0,322.0,0,Evening,4.0,Warm,High,Moderate
india,rajasthan,jhalawar,"rajlaxmi nagar, jhalawar - rspcb",2026-07-01 23:00:00.000000000,24.588397,76.172782,co,18.0,28.0,24.0,24,good,20.6,88.6,28.5,2026,7,1,23,wednesday,summer,51884.0,322.0,0,Evening,10.0,Moderate,High,High
india,tamil nadu,madurai,"uchapatti, madurai - tnpcb",2026-07-01 23:00:00.000000000,9.865935,78.022669,pm2.5,13.25,55.0,30.5,375,hazardous,32.7,51.7,14.3,2026,7,1,23,wednesday,summer,909908.0,138.0,0,Evening,41.75,Warm,Moderate,Moderate
india,tamil nadu,madurai,"uchapatti, madurai - tnpcb",2026-07-01 23:00:00.000000000,9.865935,78.022669,nh3,23.5,56.0,36.0,461,hazardous,32.1,48.2,16.4,2026,7,1,23,wednesday,summer,909908.0,138.0,0,Evening,32.5,Warm,Moderate,Moderate
india,tamil nadu,thoothukudi,"meelavittan, thoothukudi - tnpcb",2026-07-01 23:00:00.000000000,8.816428,78.099039,nh3,33.75,57.0,41.5,464,hazardous,38.7,32.1,4.8,2026,7,1,23,wednesday,summer,410760.0,2.0,0,Evening,23.25,Hot,Low,Low
india,telangana,hyderabad,"new malakpet, hyderabad - tspcb",2026-07-01 23:00:00.000000000,17.37206,78.50864,pm10,44.0,58.0,47.0,39,good,16.9,53.6,27.2,2026,7,1,23,wednesday,summer,3597816.0,515.0,0,Evening,14.0,Moderate,Moderate,High
india,telangana,hyderabad,"ramachandrapuram, hyderabad - tspcb",2026-07-01 23:00:00.000000000,17.528544,78.286195,pm10,57.0,76.0,66.0,96,moderate,32.9,68.8,10.8,2026,7,1,23,wednesday,summer,3597816.0,515.0,0,Evening,19.0,Warm,Moderate,Moderate
india,telangana,hyderabad,"ramachandrapuram, hyderabad - tspcb",2026-07-01 23:00:00.000000000,17.528544,78.286195,nh3,3.0,5.0,3.0,3,good,38.2,52.8,21.2,2026,7,1,23,wednesday,summer,3597816.0,515.0,0,Evening,2.0,Hot,Moderate,High
india,telangana,hyderabad,"ramachandrapuram, hyderabad - tspcb",2026-07-01 23:00:00.000000000,17.528544,78.286195,so2,11.0,15.0,12.0,33,good,35.9,32.7,7.0,2026,7,1,23,wednesday,summer,3597816.0,515.0,0,Evening,4.0,Hot,Low,Low
india,telangana,hyderabad,"ramachandrapuram, hyderabad - tspcb",2026-07-01 23:00:00.000000000,17.528544,78.286195,ozone,20.0,25.0,22.0,29,good,24.6,51.3,14.2,2026,7,1,23,wednesday,summer,3597816.0,515.0,0,Evening,5.0,Moderate,Moderate,Moderate
india,telangana,hyderabad,"sanathnagar, hyderabad - tspcb",2026-07-01 23:00:00.000000000,17.4559458,78.4332152,nh3,10.0,23.5,14.0,394,hazardous,37.9,37.3,21.0,2026,7,1,23,wednesday,summer,3597816.0,515.0,0,Evening,13.5,Hot,Low,High
india,telangana,hyderabad,"sanathnagar, hyderabad - tspcb",2026-07-01 23:00:00.000000000,17.4559458,78.4332152,so2,0.0,22.0,6.0,41,good,23.4,54.3,7.4,2026,7,1,23,wednesday,summer,3597816.0,515.0,0,Evening,22.0,Moderate,Moderate,Low
india,telangana,hyderabad,"kompally municipal office, hyderabad - tspcb",2026-07-01 23:00:00.000000000,17.544899,78.486949,pm10,4.5,16.5,8.0,484,hazardous,24.4,76.5,5.1,2026,7,1,23,wednesday,summer,3597816.0,515.0,0,Evening,12.0,Moderate,High,Low
india,telangana,hyderabad,"central university, hyderabad - tspcb",2026-07-01 23:00:00.000000000,17.460103,78.334361,ozone,9.0,11.0,10.0,5,good,15.9,74.3,2.5,2026,7,1,23,wednesday,summer,3597816.0,515.0,0,Evening,2.0,Moderate,High,Low
india,telangana,hyderabad,"ida pashamylaram, hyderabad - tspcb",2026-07-01 23:00:00.000000000,17.5316895,78.218939,ozone,32.0,32.0,32.0,46,good,30.3,84.0,10.6,2026,7,1,23,wednesday,summer,3597816.0,515.0,0,Evening,0.0,Warm,High,Moderate
india,telangana,hyderabad,"zoo park, hyderabad - tspcb",2026-07-01 23:00:00.000000000,17.349694,78.451437,nh3,2.0,2.0,2.0,4,good,31.1,94.4,2.1,2026,7,1,23,wednesday,summer,3597816.0,515.0,0,Evening,0.0,Warm,High,Low
india,telangana,hyderabad,"ecil kapra, hyderabad - tspcb",2026-07-01 23:00:00.000000000,17.470431,78.566959,pm2.5,37.0,46.0,40.0,18,good,37.0,83.3,20.0,2026,7,1,23,wednesday,summer,3597816.0,515.0,0,Evening,9.0,Hot,High,High
india,telangana,hyderabad,"somajiguda, hyderabad - tspcb",2026-07-01 23:00:00.000000000,17.417094,78.457437,pm2.5,19.0,106.0,57.0,86,moderate,26.2,44.6,28.5,2026,7,1,23,wednesday,summer,3597816.0,515.0,0,Evening,87.0,Warm,Moderate,High
india,telangana,hyderabad,"somajiguda, hyderabad - tspcb",2026-07-01 23:00:00.000000000,17.417094,78.457437,no2,13.0,18.0,16.0,29,good,30.5,89.7,4.9,2026,7,1,23,wednesday,summer,3597816.0,515.0,0,Evening,5.0,Warm,High,Low
india,telangana,hyderabad,"somajiguda, hyderabad - tspcb",2026-07-01 23:00:00.000000000,17.417094,78.457437,co,23.0,37.0,29.0,12,good,25.8,85.3,21.4,2026,7,1,23,wednesday,summer,3597816.0,515.0,0,Evening,14.0,Warm,High,High
india,telangana,hyderabad,"icrisat patancheru, hyderabad - tspcb",2026-07-01 23:00:00.000000000,17.5184,78.278777,pm10,5.0,47.0,21.0,39,good,17.2,70.6,15.4,2026,7,1,23,wednesday,summer,3597816.0,515.0,0,Evening,42.0,Moderate,High,Moderate
india,telangana,hyderabad,"icrisat patancheru, hyderabad - tspcb",2026-07-01 23:00:00.000000000,17.5184,78.278777,co,9.0,22.0,15.0,32,good,23.9,31.1,14.7,2026,7,1,23,wednesday,summer,3597816.0,515.0,0,Evening,13.0,Moderate,Low,Moderate
india,telangana,hyderabad,"kokapet, hyderabad - tspcb",2026-07-01 23:00:00.000000000,17.393559,78.339194,pm2.5,33.0,56.0,44.0,35,good,28.4,47.7,13.5,2026,7,1,23,wednesday,summer,3597816.0,515.0,0,Evening,23.0,Warm,Moderate,Moderate
india,telangana,hyderabad,"kokapet, hyderabad - tspcb",2026-07-01 23:00:00.000000000,17.393559,78.339194,ozone,17.0,28.0,23.0,21,good,37.4,51.8,18.8,2026,7,1,23,wednesday,summer,3597816.0,515.0,0,Evening,11.0,Hot,Moderate,Moderate
india,tripura,agartala,"bardowali, agartala - tripura spcb",2026-07-01 23:00:00.000000000,23.8175497,91.2726974,nh3,4.0,6.0,5.0,15,good,20.1,73.7,25.9,2026,7,1,23,wednesday,summer,203264.0,15.0,0,Evening,2.0,Moderate,High,High
india,uttar pradesh,agra,"shastripuram, agra - uppcb",2026-07-01 23:00:00.000000000,27.19862,77.92066,pm10,34.0,128.0,69.0,92,moderate,27.0,91.9,1.8,2026,7,1,23,wednesday,summer,1430055.0,166.0,0,Evening,94.0,Warm,High,Low
india,uttar pradesh,agra,"shastripuram, agra - uppcb",2026-07-01 23:00:00.000000000,27.19862,77.92066,nh3,3.0,3.0,3.0,28,good,31.2,62.4,5.3,2026,7,1,23,wednesday,summer,1430055.0,166.0,0,Evening,0.0,Warm,Moderate,Low
india,uttar pradesh,agra,"manoharpur, agra - uppcb",2026-07-01 23:00:00.000000000,27.23711,78.01936,pm2.5,81.0,177.0,110.0,107,unhealthy for sensitive groups,39.7,93.3,26.1,2026,7,1,23,wednesday,summer,1430055.0,166.0,0,Evening,96.0,Hot,High,High
india,uttar pradesh,agra,"manoharpur, agra - uppcb",2026-07-01 23:00:00.000000000,27.23711,78.01936,pm10,63.0,105.0,82.0,64,moderate,28.1,31.3,18.4,2026,7,1,23,wednesday,summer,1430055.0,166.0,0,Evening,42.0,Warm,Low,Moderate
india,uttar pradesh,agra,"manoharpur, agra - uppcb",2026-07-01 23:00:00.000000000,27.23711,78.01936,no2,31.0,31.0,31.0,48,good,33.4,63.4,21.1,2026,7,1,23,wednesday,summer,1430055.0,166.0,0,Evening,0.0,Warm,Moderate,High
india,tamil nadu,chennai,"velachery res. area, chennai - cpcb",2026-07-01 23:00:00.000000000,13.0052189,80.2398125,pm2.5,29.0,29.0,29.0,49,good,20.9,80.3,20.9,2026,7,1,23,wednesday,summer,4328063.0,14.0,0,Evening,0.0,Moderate,High,High
india,tamil nadu,chennai,"velachery res. area, chennai - cpcb",2026-07-01 23:00:00.000000000,13.0052189,80.2398125,no2,11.0,13.0,12.0,24,good,17.8,37.4,4.0,2026,7,1,23,wednesday,summer,4328063.0,14.0,0,Evening,2.0,Moderate,Low,Low
india,tamil nadu,chennai,"velachery res. area, chennai - cpcb",2026-07-01 23:00:00.000000000,13.0052189,80.2398125,so2,5.0,7.0,6.0,2,good,22.6,66.2,7.3,2026,7,1,23,wednesday,summer,4328063.0,14.0,0,Evening,2.0,Moderate,Moderate,Low
india,tamil nadu,chennai,"velachery res. area, chennai - cpcb",2026-07-01 23:00:00.000000000,13.0052189,80.2398125,co,2.5,4.0,3.0,427,hazardous,39.7,34.8,3.7,2026,7,1,23,wednesday,summer,4328063.0,14.0,0,Evening,1.5,Hot,Low,Low
india,tamil nadu,chennai,"perungudi, chennai - tnpcb",2026-07-01 23:00:00.000000000,12.9533,80.2357,nh3,0.0,1.0,0.0,3,good,32.3,66.9,27.2,2026,7,1,23,wednesday,summer,4328063.0,14.0,0,Evening,1.0,Warm,Moderate,High
india,tamil nadu,chennai,"arumbakkam, chennai - tnpcb",2026-07-01 23:00:00.000000000,13.0664,80.2112,pm2.5,12.0,64.0,26.0,46,good,17.2,31.1,25.2,2026,7,1,23,wednesday,summer,4328063.0,14.0,0,Evening,52.0,Moderate,Low,High
india,tamil nadu,chennai,"manali village, chennai - tnpcb",2026-07-01 23:00:00.000000000,13.1662,80.2584,so2,17.0,18.0,18.0,26,good,24.4,57.0,27.2,2026,7,1,23,wednesday,summer,4328063.0,14.0,0,Evening,1.0,Moderate,Moderate,High
india,tamil nadu,chennai,"manali, chennai - cpcb",2026-07-01 23:00:00.000000000,13.164544,80.26285,so2,4.0,89.0,21.0,48,good,26.2,91.7,8.7,2026,7,1,23,wednesday,summer,4328063.0,14.0,0,Evening,85.0,Warm,High,Low
india,tamil nadu,chennai,"manali, chennai - cpcb",2026-07-01 23:00:00.000000000,13.164544,80.26285,co,12.0,76.0,33.0,2,good,22.7,63.4,24.7,2026,7,1,23,wednesday,summer,4328063.0,14.0,0,Evening,64.0,Moderate,Moderate,High
india,tamil nadu,chennai,"royapuram, chennai - tnpcb",2026-07-01 23:00:00.000000000,13.1036,80.2909,pm10,47.0,57.0,52.0,100,moderate,28.2,82.3,23.6,2026,7,1,23,wednesday,summer,4328063.0,14.0,0,Evening,10.0,Warm,High,High
india,tamil nadu,chennai,"royapuram, chennai - tnpcb",2026-07-01 23:00:00.000000000,13.1036,80.2909,nh3,4.0,4.0,4.0,36,good,29.7,50.0,19.5,2026,7,1,23,wednesday,summer,4328063.0,14.0,0,Evening,0.0,Warm,Moderate,Moderate
india,tamil nadu,chennai,"royapuram, chennai - tnpcb",2026-07-01 23:00:00.000000000,13.1036,80.2909,so2,5.0,6.0,5.0,43,good,35.3,38.5,7.9,2026,7,1,23,wednesday,summer,4328063.0,14.0,0,Evening,1.0,Hot,Low,Low
india,tamil nadu,coimbatore,"sidco kurichi, coimbatore - tnpcb",2026-07-01 23:00:00.000000000,10.942451,76.978996,pm10,10.5,12.5,11.5,320,hazardous,16.1,41.6,24.4,2026,7,1,23,wednesday,summer,959823.0,425.0,0,Evening,2.0,Moderate,Moderate,High
india,tamil nadu,coimbatore,"sidco kurichi, coimbatore - tnpcb",2026-07-01 23:00:00.000000000,10.942451,76.978996,co,16.0,19.0,18.0,5,good,31.5,70.4,7.4,2026,7,1,23,wednesday,summer,959823.0,425.0,0,Evening,3.0,Warm,High,Low
india,tamil nadu,coimbatore,"sidco kurichi, coimbatore - tnpcb",2026-07-01 23:00:00.000000000,10.942451,76.978996,ozone,19.0,20.0,20.0,3,good,37.7,44.3,11.8,2026,7,1,23,wednesday,summer,959823.0,425.0,0,Evening,1.0,Hot,Moderate,Moderate
india,tamil nadu,cuddalore,"semmandalam, cuddalore - tnpcb",2026-07-01 23:00:00.000000000,11.7637683,79.7499835,ozone,1.0,2.0,2.0,37,good,17.5,74.4,5.6,2026,7,1,23,wednesday,summer,158569.0,13.0,0,Evening,1.0,Moderate,High,Low
india,rajasthan,kota,"nayapura, kota - rspcb",2026-07-01 23:00:00.000000000,25.196024,75.855668,ozone,28.0,61.0,40.0,19,good,23.6,78.7,17.6,2026,7,1,23,wednesday,summer,763088.0,267.0,0,Evening,33.0,Moderate,High,Moderate
india,rajasthan,kota,"dhanmandi, kota - rspcb",2026-07-01 23:00:00.000000000,25.16409,75.858137,pm10,44.0,113.0,78.0,74,moderate,18.7,58.4,18.2,2026,7,1,23,wednesday,summer,763088.0,267.0,0,Evening,69.0,Moderate,Moderate,Moderate
india,rajasthan,kota,"dhanmandi, kota - rspcb",2026-07-01 23:00:00.000000000,25.16409,75.858137,ozone,29.0,44.0,38.0,15,good,31.0,80.3,14.0,2026,7,1,23,wednesday,summer,763088.0,267.0,0,Evening,15.0,Warm,High,Moderate
india,rajasthan,kota,"shrinath puram, kota - rspcb",2026-07-01 23:00:00.000000000,25.14389,75.821256,pm2.5,31.0,84.0,59.0,80,moderate,37.2,31.0,6.2,2026,7,1,23,wednesday,summer,763088.0,267.0,0,Evening,53.0,Hot,Low,Low
india,rajasthan,nagaur,"karni colony, nagaur - rspcb",2026-07-01 23:00:00.000000000,27.213494,73.734444,nh3,2.0,6.0,4.0,44,good,27.1,80.3,12.4,2026,7,1,23,wednesday,summer,96847.0,305.0,0,Evening,4.0,Warm,High,Moderate
india,rajasthan,nagaur,"karni colony, nagaur - rspcb",2026-07-01 23:00:00.000000000,27.213494,73.734444,so2,3.0,9.0,5.0,26,good,38.3,47.6,7.3,2026,7,1,23,wednesday,summer,96847.0,305.0,0,Evening,6.0,Hot,Moderate,Low
india,rajasthan,pali,"indira colony vistar, pali - rspcb",2026-07-01 23:00:00.000000000,25.771061,73.340227,no2,25.0,26.0,26.0,1,good,32.7,76.4,28.1,2026,7,1,23,wednesday,summer,21287.0,467.0,0,Evening,1.0,Warm,High,High
india,rajasthan,pali,"indira colony vistar, pali - rspcb",2026-07-01 23:00:00.000000000,25.771061,73.340227,ozone,10.0,71.0,24.0,33,good,17.0,74.7,16.9,2026,7,1,23,wednesday,summer,21287.0,467.0,0,Evening,61.0,Moderate,High,Moderate
india,rajasthan,pratapgarh,"pragati nagar, pratapgarh - rspcb",2026-07-01 23:00:00.000000000,24.041198,74.780702,pm2.5,15.0,60.0,33.0,46,good,23.0,93.4,15.5,2026,7,1,23,wednesday,summer,13672.0,101.0,0,Evening,45.0,Moderate,High,Moderate
india,rajasthan,pratapgarh,"pragati nagar, pratapgarh - rspcb",2026-07-01 23:00:00.000000000,24.041198,74.780702,nh3,2.0,3.0,3.0,3,good,39.2,63.5,25.8,2026,7,1,23,wednesday,summer,13672.0,101.0,0,Evening,1.0,Hot,Moderate,High
india,rajasthan,sawai madhopur,"sahu nagar, sawai madhopur - rspcb",2026-07-01 23:00:00.000000000,26.031443,76.359327,pm2.5,5.0,16.5,9.5,346,hazardous,18.8,32.8,4.4,2026,7,1,23,wednesday,summer,108612.0,257.0,0,Evening,11.5,Moderate,Low,Low
india,rajasthan,sawai madhopur,"sahu nagar, sawai madhopur - rspcb",2026-07-01 23:00:00.000000000,26.031443,76.359327,no2,8.0,30.0,16.0,4,good,33.8,91.2,0.9,2026,7,1,23,wednesday,summer,108612.0,257.0,0,Evening,22.0,Warm,High,Low
india,rajasthan,jhunjhunu,"indra nagar, jhunjhunu - rspcb",2026-07-01 23:00:00.000000000,28.108988,75.386577,no2,5.0,42.0,13.0,30,good,37.8,38.0,1.7,2026,7,1,23,wednesday,summer,113193.0,343.0,0,Evening,37.0,Hot,Low,Low
india,rajasthan,jhunjhunu,"indra nagar, jhunjhunu - rspcb",2026-07-01 23:00:00.000000000,28.108988,75.386577,so2,3.0,7.0,3.0,25,good,17.4,59.7,0.8,2026,7,1,23,wednesday,summer,113193.0,343.0,0,Evening,4.0,Moderate,Moderate,Low
india,rajasthan,jodhpur,"mandor, jodhpur - rspcb",2026-07-01 23:00:00.000000000,26.358805,73.047444,pm10,59.0,191.0,85.0,87,moderate,34.0,94.0,11.8,2026,7,1,23,wednesday,summer,47329.0,99.0,0,Evening,132.0,Warm,High,Moderate
india,rajasthan,jodhpur,"mandor, jodhpur - rspcb",2026-07-01 23:00:00.000000000,26.358805,73.047444,no2,1.0,8.0,4.0,15,good,24.0,44.0,17.8,2026,7,1,23,wednesday,summer,47329.0,99.0,0,Evening,7.0,Moderate,Moderate,Moderate
india,rajasthan,jodhpur,"samrat ashok udhyan, jodhpur - rspcb",2026-07-01 23:00:00.000000000,26.253384,72.976571,pm10,56.0,173.0,87.0,67,moderate,19.1,91.2,25.0,2026,7,1,23,wednesday,summer,47329.0,99.0,0,Evening,117.0,Moderate,High,High
india,rajasthan,jodhpur,"samrat ashok udhyan, jodhpur - rspcb",2026-07-01 23:00:00.000000000,26.253384,72.976571,ozone,35.0,55.0,49.0,9,good,38.4,62.2,5.2,2026,7,1,23,wednesday,summer,47329.0,99.0,0,Evening,20.0,Hot,Moderate,Low
india,rajasthan,jodhpur,"digari kalan, jodhpur - rspcb",2026-07-01 23:00:00.000000000,26.29581,73.082283,so2,2.0,6.0,4.0,25,good,16.3,41.5,24.0,2026,7,1,23,wednesday,summer,47329.0,99.0,0,Evening,4.0,Moderate,Moderate,High
india,rajasthan,jodhpur,"collectorate, jodhpur - rspcb",2026-07-01 23:00:00.000000000,26.268249,73.0193853,pm10,41.0,119.0,74.0,98,moderate,22.1,85.9,14.7,2026,7,1,23,wednesday,summer,47329.0,99.0,0,Evening,78.0,Moderate,High,Moderate
india,rajasthan,jodhpur,"collectorate, jodhpur - rspcb",2026-07-01 23:00:00.000000000,26.268249,73.0193853,nh3,3.0,9.0,6.0,33,good,28.4,61.1,18.5,2026,7,1,23,wednesday,summer,47329.0,99.0,0,Evening,6.0,Warm,Moderate,Moderate
india,rajasthan,jodhpur,"jhalamand, jodhpur - rspcb",2026-07-01 23:00:00.000000000,26.215415,73.070156,so2,2.0,7.0,2.0,11,good,32.7,90.0,23.3,2026,7,1,23,wednesday,summer,47329.0,99.0,0,Evening,5.0,Warm,High,High
india,rajasthan,karauli,"satyawati vihar, karauli - rspcb",2026-07-01 23:00:00.000000000,26.506177,77.025989,pm10,29.0,87.0,51.0,90,moderate,31.3,45.5,11.1,2026,7,1,23,wednesday,summer,73717.0,272.0,0,Evening,58.0,Warm,Moderate,Moderate
india,rajasthan,karauli,"satyawati vihar, karauli - rspcb",2026-07-01 23:00:00.000000000,26.506177,77.025989,co,9.0,18.0,13.0,49,good,34.4,92.0,27.8,2026,7,1,23,wednesday,summer,73717.0,272.0,0,Evening,9.0,Warm,High,High
india,uttar pradesh,agra,"manoharpur, agra - uppcb",2026-07-01 23:00:00.000000000,27.23711,78.01936,co,19.0,19.0,19.0,46,good,30.0,66.2,27.8,2026,7,1,23,wednesday,summer,1430055.0,166.0,0,Evening,0.0,Warm,Moderate,High
india,uttar pradesh,agra,"sanjay palace, agra - uppcb",2026-07-01 23:00:00.000000000,27.19865833,78.00598056,pm2.5,20.0,150.0,70.0,79,moderate,37.0,80.7,7.7,2026,7,1,23,wednesday,summer,1430055.0,166.0,0,Evening,130.0,Hot,High,Low
india,uttar pradesh,agra,"sanjay palace, agra - uppcb",2026-07-01 23:00:00.000000000,27.19865833,78.00598056,so2,18.0,20.0,19.0,43,good,28.2,88.1,27.6,2026,7,1,23,wednesday,summer,1430055.0,166.0,0,Evening,2.0,Warm,High,High
india,uttar pradesh,agra,"sanjay palace, agra - uppcb",2026-07-01 23:00:00.000000000,27.19865833,78.00598056,co,31.0,32.0,31.0,40,good,24.8,31.9,29.4,2026,7,1,23,wednesday,summer,1430055.0,166.0,0,Evening,1.0,Moderate,Low,High
india,uttar pradesh,agra,"rohta, agra - uppcb",2026-07-01 23:00:00.000000000,27.106972,78.000111,nh3,6.0,6.0,6.0,20,good,20.9,69.6,16.7,2026,7,1,23,wednesday,summer,1430055.0,166.0,0,Evening,0.0,Moderate,Moderate,Moderate
india,uttar pradesh,agra,"sector-3b avas vikas colony, agra - uppcb",2026-07-01 23:00:00.000000000,27.19412,77.96237,no2,20.0,20.0,20.0,38,good,20.8,80.8,28.0,2026,7,1,23,wednesday,summer,1430055.0,166.0,0,Evening,0.0,Moderate,High,High
india,uttar pradesh,agra,"sector-3b avas vikas colony, agra - uppcb",2026-07-01 23:00:00.000000000,27.19412,77.96237,ozone,10.0,11.0,10.0,17,good,22.5,42.7,1.3,2026,7,1,23,wednesday,summer,1430055.0,166.0,0,Evening,1.0,Moderate,Moderate,Low
india,uttar pradesh,baghpat,"sardar patel inter college, baghpat - uppcb",2026-07-01 23:00:00.000000000,28.964949,77.278761,no2,9.0,36.0,16.0,46,good,32.9,84.8,27.0,2026,7,1,23,wednesday,summer,41766.0,227.0,0,Evening,27.0,Warm,High,High
india,uttar pradesh,baghpat,"sardar patel inter college, baghpat - uppcb",2026-07-01 23:00:00.000000000,28.964949,77.278761,so2,8.0,21.0,13.0,36,good,32.8,47.5,7.0,2026,7,1,23,wednesday,summer,41766.0,227.0,0,Evening,13.0,Warm,Moderate,Low
india,uttar pradesh,baghpat,"sardar patel inter college, baghpat - uppcb",2026-07-01 23:00:00.000000000,28.964949,77.278761,ozone,15.0,43.0,30.0,7,good,19.7,63.2,7.9,2026,7,1,23,wednesday,summer,41766.0,227.0,0,Evening,28.0,Moderate,Moderate,Low
india,uttar pradesh,bareilly,"rajendra nagar, bareilly - uppcb",2026-07-01 23:00:00.000000000,28.38910936,79.42963708,nh3,1.0,5.0,1.0,2,good,38.5,69.8,13.2,2026,7,1,23,wednesday,summer,745435.0,178.0,0,Evening,4.0,Hot,Moderate,Moderate
india,rajasthan,sirohi,"vedhaynath colony, sirohi - rspcb",2026-07-01 23:00:00.000000000,24.885261,72.857549,nh3,2.0,3.0,2.0,46,good,23.9,32.6,11.8,2026,7,1,23,wednesday,summer,38610.0,294.0,0,Evening,1.0,Moderate,Low,Moderate
india,rajasthan,sirohi,"vedhaynath colony, sirohi - rspcb",2026-07-01 23:00:00.000000000,24.885261,72.857549,so2,2.0,4.0,3.0,25,good,32.5,94.7,2.8,2026,7,1,23,wednesday,summer,38610.0,294.0,0,Evening,2.0,Warm,High,Low
india,rajasthan,tonk,"shastri nagar, tonk - rspcb",2026-07-01 23:00:00.000000000,26.159933,75.780517,pm2.5,30.0,80.0,58.0,90,moderate,38.3,39.2,23.7,2026,7,1,23,wednesday,summer,151331.0,278.0,0,Evening,50.0,Hot,Low,High
india,rajasthan,tonk,"shastri nagar, tonk - rspcb",2026-07-01 23:00:00.000000000,26.159933,75.780517,pm10,56.0,185.0,106.0,123,unhealthy for sensitive groups,25.5,88.6,16.7,2026,7,1,23,wednesday,summer,151331.0,278.0,0,Evening,129.0,Warm,High,Moderate
india,rajasthan,tonk,"shastri nagar, tonk - rspcb",2026-07-01 23:00:00.000000000,26.159933,75.780517,co,13.0,37.0,27.0,40,good,17.0,55.9,19.2,2026,7,1,23,wednesday,summer,151331.0,278.0,0,Evening,24.0,Moderate,Moderate,Moderate
india,rajasthan,udaipur,"ashok nagar, udaipur - rspcb",2026-07-01 23:00:00.000000000,24.5886166,73.6321397,pm2.5,43.0,112.0,67.0,93,moderate,27.6,62.0,2.1,2026,7,1,23,wednesday,summer,422784.0,565.0,0,Evening,69.0,Warm,Moderate,Low
india,rajasthan,udaipur,"ashok nagar, udaipur - rspcb",2026-07-01 23:00:00.000000000,24.5886166,73.6321397,co,16.0,28.0,21.0,11,good,20.3,65.5,5.6,2026,7,1,23,wednesday,summer,422784.0,565.0,0,Evening,12.0,Moderate,Moderate,Low
india,tamil nadu,chennai,"kodungaiyur, chennai - tnpcb",2026-07-01 23:00:00.000000000,13.1278,80.2642,pm2.5,8.0,58.0,33.0,47,good,18.0,70.7,15.6,2026,7,1,23,wednesday,summer,4328063.0,14.0,0,Evening,50.0,Moderate,High,Moderate
india,tamil nadu,chennai,"kodungaiyur, chennai - tnpcb",2026-07-01 23:00:00.000000000,13.1278,80.2642,co,28.0,36.0,30.0,25,good,26.5,89.3,6.4,2026,7,1,23,wednesday,summer,4328063.0,14.0,0,Evening,8.0,Warm,High,Low
india,uttar pradesh,bareilly,"civil lines, bareilly - uppcb",2026-07-01 23:00:00.000000000,28.359581,79.414455,nh3,1.0,3.0,1.0,50,good,15.5,49.5,13.0,2026,7,1,23,wednesday,summer,745435.0,178.0,0,Evening,2.0,Moderate,Moderate,Moderate
india,uttar pradesh,firozabad,"nagla bhau, firozabad - uppcb",2026-07-01 23:00:00.000000000,27.168897,78.37696,so2,10.0,69.0,27.0,35,good,23.0,90.5,27.6,2026,7,1,23,wednesday,summer,306409.0,169.0,0,Evening,59.0,Moderate,High,High
india,uttar pradesh,ghaziabad,"sanjay nagar, ghaziabad - uppcb",2026-07-01 23:00:00.000000000,28.685382,77.453839,pm2.5,13.0,64.0,44.0,46,good,34.3,81.3,28.9,2026,7,1,23,wednesday,summer,1199191.0,214.0,0,Evening,51.0,Warm,High,High
india,uttar pradesh,ghaziabad,"sanjay nagar, ghaziabad - uppcb",2026-07-01 23:00:00.000000000,28.685382,77.453839,pm10,24.0,110.0,73.0,99,moderate,31.9,68.7,7.6,2026,7,1,23,wednesday,summer,1199191.0,214.0,0,Evening,86.0,Warm,Moderate,Low
india,uttar pradesh,ghaziabad,"vasundhara, ghaziabad - uppcb",2026-07-01 23:00:00.000000000,28.6603346,77.3572563,pm10,57.0,133.0,98.0,62,moderate,26.1,86.0,20.7,2026,7,1,23,wednesday,summer,1199191.0,214.0,0,Evening,76.0,Warm,High,High
india,uttar pradesh,ghaziabad,"vasundhara, ghaziabad - uppcb",2026-07-01 23:00:00.000000000,28.6603346,77.3572563,so2,11.0,25.0,18.0,3,good,20.0,43.1,16.2,2026,7,1,23,wednesday,summer,1199191.0,214.0,0,Evening,14.0,Moderate,Moderate,Moderate
india,uttar pradesh,varanasi,"iesd banaras hindu university, varanasi - uppcb",2026-07-01 23:00:00.000000000,25.262326,82.995408,so2,28.0,42.0,32.0,6,good,16.8,79.4,9.7,2026,7,1,23,wednesday,summer,1164404.0,86.0,0,Evening,14.0,Moderate,High,Low
india,uttar pradesh,varanasi,"bhelupur, varanasi - uppcb",2026-07-01 23:00:00.000000000,25.301778,82.996789,nh3,1.0,1.0,1.0,10,good,36.0,70.7,4.5,2026,7,1,23,wednesday,summer,1164404.0,86.0,0,Evening,0.0,Hot,High,Low
india,uttar pradesh,vrindavan,"omex eternity, vrindavan - uppcb",2026-07-01 23:00:00.000000000,27.571409,77.655757,pm2.5,12.0,77.0,30.0,17,good,34.1,59.6,1.1,2026,7,1,23,wednesday,summer,60195.0,179.0,0,Evening,65.0,Warm,Moderate,Low
india,uttarakhand,dehradun,"doon university, dehradun - ukpcb",2026-07-01 23:00:00.000000000,30.269444,78.044167,pm2.5,6.0,61.0,28.0,41,good,26.8,68.7,14.6,2026,7,1,23,wednesday,summer,522081.0,664.0,0,Evening,55.0,Warm,Moderate,Moderate
india,uttarakhand,rishikesh,"shivaji nagar, rishikesh - ukpcb",2026-07-01 23:00:00.000000000,30.075911,78.2859547,no2,7.0,7.0,7.0,24,good,33.6,90.6,15.2,2026,7,1,23,wednesday,summer,66390.0,361.0,0,Evening,0.0,Warm,High,Moderate
india,uttarakhand,rishikesh,"shivaji nagar, rishikesh - ukpcb",2026-07-01 23:00:00.000000000,30.075911,78.2859547,so2,1.0,1.0,1.0,11,good,23.1,74.8,15.8,2026,7,1,23,wednesday,summer,66390.0,361.0,0,Evening,0.0,Moderate,High,Moderate
india,uttarakhand,rishikesh,"shivaji nagar, rishikesh - ukpcb",2026-07-01 23:00:00.000000000,30.075911,78.2859547,ozone,45.0,45.0,45.0,49,good,17.0,41.0,22.7,2026,7,1,23,wednesday,summer,66390.0,361.0,0,Evening,0.0,Moderate,Moderate,High
india,west bengal,asansol,"trivenidevi bhalotia college, asansol - wbpcb",2026-07-01 23:00:00.000000000,23.616515,87.119133,pm10,1.0,49.0,29.0,16,good,33.8,37.4,8.9,2026,7,1,23,wednesday,summer,504271.0,119.0,0,Evening,48.0,Warm,Low,Low
india,west bengal,asansol,"trivenidevi bhalotia college, asansol - wbpcb",2026-07-01 23:00:00.000000000,23.616515,87.119133,no2,6.0,27.0,13.0,6,good,19.6,63.8,21.2,2026,7,1,23,wednesday,summer,504271.0,119.0,0,Evening,21.0,Moderate,Moderate,High
india,west bengal,asansol,"mahabir colliery, asansol - wbpcb",2026-07-01 23:00:00.000000000,23.618183,87.105718,pm10,7.0,64.0,38.0,1,good,29.4,71.7,28.3,2026,7,1,23,wednesday,summer,504271.0,119.0,0,Evening,57.0,Warm,High,High
india,west bengal,asansol,"mahabir colliery, asansol - wbpcb",2026-07-01 23:00:00.000000000,23.618183,87.105718,ozone,16.0,32.0,25.0,35,good,30.0,70.9,3.1,2026,7,1,23,wednesday,summer,504271.0,119.0,0,Evening,16.0,Warm,High,Low
india,west bengal,asansol,"asansol court area, asansol - wbpcb",2026-07-01 23:00:00.000000000,23.685297,86.945968,no2,27.0,34.0,30.0,39,good,26.9,92.7,19.6,2026,7,1,23,wednesday,summer,504271.0,119.0,0,Evening,7.0,Warm,High,Moderate
india,west bengal,barrackpore,"svspa campus, barrackpore - wbpcb",2026-07-01 23:00:00.000000000,22.7605581,88.3617589,nh3,6.0,9.0,7.0,1,good,29.7,51.8,25.7,2026,7,1,23,wednesday,summer,148174.0,12.0,0,Evening,3.0,Warm,Moderate,High
india,uttar pradesh,lucknow,"gomti nagar, lucknow - uppcb",2026-07-01 23:00:00.000000000,26.86812,81.005119,pm10,14.0,51.0,31.0,24,good,20.8,39.0,16.8,2026,7,1,23,wednesday,summer,2472011.0,126.0,0,Evening,37.0,Moderate,Low,Moderate
india,uttar pradesh,lucknow,"gomti nagar, lucknow - uppcb",2026-07-01 23:00:00.000000000,26.86812,81.005119,ozone,40.0,42.0,41.0,39,good,20.7,72.9,12.2,2026,7,1,23,wednesday,summer,2472011.0,126.0,0,Evening,2.0,Moderate,High,Moderate
india,uttar pradesh,lucknow,"b r ambedkar university, lucknow - uppcb",2026-07-01 23:00:00.000000000,26.766433,80.927299,pm10,33.0,212.0,70.0,78,moderate,31.7,70.8,6.1,2026,7,1,23,wednesday,summer,2472011.0,126.0,0,Evening,179.0,Warm,High,Low
india,uttar pradesh,lucknow,"b r ambedkar university, lucknow - uppcb",2026-07-01 23:00:00.000000000,26.766433,80.927299,nh3,3.0,3.0,3.0,17,good,19.7,35.2,15.2,2026,7,1,23,wednesday,summer,2472011.0,126.0,0,Evening,0.0,Moderate,Low,Moderate
india,uttar pradesh,lucknow,"b r ambedkar university, lucknow - uppcb",2026-07-01 23:00:00.000000000,26.766433,80.927299,co,28.0,33.0,31.0,33,good,26.4,88.3,0.0,2026,7,1,23,wednesday,summer,2472011.0,126.0,0,Evening,5.0,Warm,High,Low
india,uttar pradesh,lucknow,"kukrail picnic spot-1, lucknow - uppcb",2026-07-01 23:00:00.000000000,26.90723,80.98579,pm2.5,32.0,46.0,38.0,461,hazardous,26.8,90.8,5.3,2026,7,1,23,wednesday,summer,2472011.0,126.0,0,Evening,14.0,Warm,High,Low
india,uttar pradesh,lucknow,"kukrail picnic spot-1, lucknow - uppcb",2026-07-01 23:00:00.000000000,26.90723,80.98579,pm10,36.0,59.0,45.0,431,hazardous,21.7,58.8,14.4,2026,7,1,23,wednesday,summer,2472011.0,126.0,0,Evening,23.0,Moderate,Moderate,Moderate
india,uttar pradesh,lucknow,"kukrail picnic spot-1, lucknow - uppcb",2026-07-01 23:00:00.000000000,26.90723,80.98579,so2,40.0,72.0,52.0,452,hazardous,29.3,83.6,18.8,2026,7,1,23,wednesday,summer,2472011.0,126.0,0,Evening,32.0,Warm,High,Moderate
india,uttar pradesh,lucknow,"lalbagh, lucknow - cpcb",2026-07-01 23:00:00.000000000,26.8458805,80.9365541,pm10,44.0,85.0,59.0,55,moderate,19.3,32.3,8.8,2026,7,1,23,wednesday,summer,2472011.0,126.0,0,Evening,41.0,Moderate,Low,Low
india,uttar pradesh,lucknow,"kendriya vidyalaya, lucknow - cpcb",2026-07-01 23:00:00.000000000,26.906111,80.948222,pm2.5,22.0,69.0,47.0,37,good,16.2,58.2,2.8,2026,7,1,23,wednesday,summer,2472011.0,126.0,0,Evening,47.0,Moderate,Moderate,Low
india,uttar pradesh,lucknow,"kendriya vidyalaya, lucknow - cpcb",2026-07-01 23:00:00.000000000,26.906111,80.948222,so2,0.0,10.0,7.0,39,good,25.3,53.9,28.7,2026,7,1,23,wednesday,summer,2472011.0,126.0,0,Evening,10.0,Warm,Moderate,High
india,uttar pradesh,lucknow,"kendriya vidyalaya, lucknow - cpcb",2026-07-01 23:00:00.000000000,26.906111,80.948222,co,2.0,3.0,3.0,2,good,16.9,81.9,4.0,2026,7,1,23,wednesday,summer,2472011.0,126.0,0,Evening,1.0,Moderate,High,Low
india,uttar pradesh,mathura,"pali dungra, mathura - uppcb",2026-07-01 23:00:00.000000000,27.410954,77.550619,co,8.0,17.0,13.0,26,good,15.5,79.0,23.6,2026,7,1,23,wednesday,summer,330511.0,181.0,0,Evening,9.0,Moderate,High,High
india,uttar pradesh,meerut,"pallavpuram phase 2, meerut - uppcb",2026-07-01 23:00:00.000000000,29.06351,77.709723,pm2.5,15.0,72.0,37.0,3,good,34.5,60.3,16.8,2026,7,1,23,wednesday,summer,1223184.0,228.0,0,Evening,57.0,Warm,Moderate,Moderate
india,uttar pradesh,meerut,"ganga nagar, meerut - uppcb",2026-07-01 23:00:00.000000000,28.999264,77.7590354,no2,20.0,41.0,26.0,45,good,30.0,60.4,25.2,2026,7,1,23,wednesday,summer,1223184.0,228.0,0,Evening,21.0,Warm,Moderate,High
india,uttar pradesh,noida,"sector - 62, noida - iitm",2026-07-01 23:00:00.000000000,28.6245479,77.3577104,pm2.5,32.0,82.0,63.0,71,moderate,16.8,53.0,5.9,2026,7,1,23,wednesday,summer,293908.0,206.0,0,Evening,50.0,Moderate,Moderate,Low
india,uttar pradesh,noida,"sector - 62, noida - iitm",2026-07-01 23:00:00.000000000,28.6245479,77.3577104,nh3,31.5,71.0,55.0,375,hazardous,22.5,34.1,20.7,2026,7,1,23,wednesday,summer,293908.0,206.0,0,Evening,39.5,Moderate,Low,High
india,uttar pradesh,noida,"sector - 62, noida - iitm",2026-07-01 23:00:00.000000000,28.6245479,77.3577104,ozone,31.0,60.0,47.0,39,good,39.4,34.1,16.8,2026,7,1,23,wednesday,summer,293908.0,206.0,0,Evening,29.0,Hot,Low,Moderate
india,uttar pradesh,noida,"sector-1, noida - uppcb",2026-07-01 23:00:00.000000000,28.5898,77.3101,nh3,18.0,26.0,20.0,33,good,26.1,53.7,10.7,2026,7,1,23,wednesday,summer,293908.0,206.0,0,Evening,8.0,Warm,Moderate,Moderate
india,uttar pradesh,noida,"sector-1, noida - uppcb",2026-07-01 23:00:00.000000000,28.5898,77.3101,co,25.0,37.0,32.0,3,good,24.3,53.1,12.2,2026,7,1,23,wednesday,summer,293908.0,206.0,0,Evening,12.0,Moderate,Moderate,Moderate
india,uttar pradesh,prayagraj,"motilal nehru nit, prayagraj - uppcb",2026-07-01 23:00:00.000000000,25.494,81.863,pm10,16.0,84.0,41.0,23,good,22.1,55.6,2.2,2026,7,1,23,wednesday,summer,1073438.0,99.0,0,Evening,68.0,Moderate,Moderate,Low
india,uttar pradesh,prayagraj,"motilal nehru nit, prayagraj - uppcb",2026-07-01 23:00:00.000000000,25.494,81.863,no2,12.0,12.0,12.0,25,good,15.3,53.5,11.3,2026,7,1,23,wednesday,summer,1073438.0,99.0,0,Evening,0.0,Moderate,Moderate,Moderate
india,uttar pradesh,prayagraj,"motilal nehru nit, prayagraj - uppcb",2026-07-01 23:00:00.000000000,25.494,81.863,co,6.0,9.0,7.0,44,good,32.6,37.8,27.6,2026,7,1,23,wednesday,summer,1073438.0,99.0,0,Evening,3.0,Warm,Low,High
india,uttar pradesh,prayagraj,"nagar nigam, prayagraj - uppcb",2026-07-01 23:00:00.000000000,25.44919916,81.82735986,pm10,15.0,75.0,26.0,23,good,38.5,90.5,21.5,2026,7,1,23,wednesday,summer,1073438.0,99.0,0,Evening,60.0,Hot,High,High
india,uttar pradesh,prayagraj,"jhunsi, prayagraj - uppcb",2026-07-01 23:00:00.000000000,25.425602,81.917152,pm2.5,13.0,35.0,23.0,5,good,23.1,69.0,15.6,2026,7,1,23,wednesday,summer,1073438.0,99.0,0,Evening,22.0,Moderate,Moderate,Moderate
india,uttar pradesh,raebareli,"indira nagar, raebareli - ntpc unchahar",2026-07-01 23:00:00.000000000,26.207781,81.245571,pm2.5,13.0,35.5,23.5,429,hazardous,39.8,61.3,3.6,2026,7,1,23,wednesday,summer,186433.0,118.0,0,Evening,22.5,Hot,Moderate,Low
india,uttar pradesh,varanasi,"ardhali bazar, varanasi - uppcb",2026-07-01 23:00:00.000000000,25.3505986,82.9083074,ozone,13.0,36.0,24.0,15,good,24.9,81.6,5.5,2026,7,1,23,wednesday,summer,1164404.0,86.0,0,Evening,23.0,Moderate,High,Low
india,uttar pradesh,varanasi,"iesd banaras hindu university, varanasi - uppcb",2026-07-01 23:00:00.000000000,25.262326,82.995408,pm2.5,8.0,28.0,18.0,43,good,22.4,44.1,27.8,2026,7,1,23,wednesday,summer,1164404.0,86.0,0,Evening,20.0,Moderate,Moderate,High
india,uttar pradesh,varanasi,"iesd banaras hindu university, varanasi - uppcb",2026-07-01 23:00:00.000000000,25.262326,82.995408,no2,2.0,2.0,2.0,4,good,16.5,43.9,21.7,2026,7,1,23,wednesday,summer,1164404.0,86.0,0,Evening,0.0,Moderate,Moderate,High
india,uttar pradesh,gorakhpur,"madan mohan malaviya university of technology, gorakhpur - uppcb",2026-07-01 23:00:00.000000000,26.730136,83.433859,pm10,1.0,125.0,58.0,83,moderate,35.0,82.0,9.1,2026,7,1,23,wednesday,summer,674246.0,83.0,0,Evening,124.0,Hot,High,Low
india,uttar pradesh,gorakhpur,"madan mohan malaviya university of technology, gorakhpur - uppcb",2026-07-01 23:00:00.000000000,26.730136,83.433859,so2,40.0,43.0,42.0,49,good,39.0,35.1,2.0,2026,7,1,23,wednesday,summer,674246.0,83.0,0,Evening,3.0,Hot,Low,Low
india,uttar pradesh,gorakhpur,"madan mohan malaviya university of technology, gorakhpur - uppcb",2026-07-01 23:00:00.000000000,26.730136,83.433859,ozone,9.0,31.0,17.0,29,good,33.2,34.3,5.0,2026,7,1,23,wednesday,summer,674246.0,83.0,0,Evening,22.0,Warm,Low,Low
india,uttar pradesh,greater noida,"knowledge park - v, greater noida - uppcb",2026-07-01 23:00:00.000000000,28.557054,77.453663,nh3,15.5,35.0,23.5,455,hazardous,23.4,85.5,0.4,2026,7,1,23,wednesday,summer,293908.0,212.0,0,Evening,19.5,Moderate,High,Low
india,uttar pradesh,greater noida,"knowledge park - iii, greater noida - uppcb",2026-07-01 23:00:00.000000000,28.47272,77.482,ozone,22.0,39.0,30.0,46,good,16.1,69.1,14.8,2026,7,1,23,wednesday,summer,293908.0,212.0,0,Evening,17.0,Moderate,Moderate,Moderate
india,uttar pradesh,hapur,"anand vihar, hapur - uppcb",2026-07-01 23:00:00.000000000,28.725645,77.749675,nh3,1.0,1.0,1.0,14,good,24.2,64.4,16.8,2026,7,1,23,wednesday,summer,242920.0,219.0,0,Evening,0.0,Moderate,Moderate,Moderate
india,uttar pradesh,jhansi,"shivaji nagar, jhansi - uppcb",2026-07-01 23:00:00.000000000,25.4547,78.6039,pm10,16.0,42.0,22.0,39,good,35.9,89.8,23.7,2026,7,1,23,wednesday,summer,412927.0,248.0,0,Evening,26.0,Hot,High,High
india,uttar pradesh,kanpur,"nsi kalyanpur, kanpur - uppcb",2026-07-01 23:00:00.000000000,26.509954,80.249612,no2,31.0,31.0,31.0,31,good,30.0,87.8,25.6,2026,7,1,23,wednesday,summer,2823249.0,137.0,0,Evening,0.0,Warm,High,High
india,uttar pradesh,kanpur,"fti kidwai nagar, kanpur - uppcb",2026-07-01 23:00:00.000000000,26.428282,80.327067,nh3,3.0,3.0,3.0,21,good,20.7,92.1,29.3,2026,7,1,23,wednesday,summer,2823249.0,137.0,0,Evening,0.0,Moderate,High,High
india,uttar pradesh,kanpur,"fti kidwai nagar, kanpur - uppcb",2026-07-01 23:00:00.000000000,26.428282,80.327067,ozone,13.0,13.0,13.0,0,good,17.0,39.7,4.6,2026,7,1,23,wednesday,summer,2823249.0,137.0,0,Evening,0.0,Moderate,Low,Low
india,uttar pradesh,khurja,"kalindi kunj, khurja - uppcb",2026-07-01 23:00:00.000000000,28.2348927,77.8683002,pm2.5,13.0,67.0,33.0,20,good,36.3,52.0,16.4,2026,7,1,23,wednesday,summer,105909.0,205.0,0,Evening,54.0,Hot,Moderate,Moderate
india,uttar pradesh,moradabad,"employment office, moradabad - uppcb",2026-07-01 23:00:00.000000000,28.88528,78.7388,no2,22.0,24.0,23.0,19,good,16.4,35.8,22.8,2026,7,1,23,wednesday,summer,721139.0,205.0,0,Evening,2.0,Moderate,Low,High
india,uttar pradesh,moradabad,"employment office, moradabad - uppcb",2026-07-01 23:00:00.000000000,28.88528,78.7388,nh3,3.0,3.0,3.0,18,good,39.2,66.4,14.4,2026,7,1,23,wednesday,summer,721139.0,205.0,0,Evening,0.0,Hot,Moderate,Moderate
india,uttar pradesh,moradabad,"employment office, moradabad - uppcb",2026-07-01 23:00:00.000000000,28.88528,78.7388,co,10.0,41.0,22.0,30,good,38.9,59.9,12.4,2026,7,1,23,wednesday,summer,721139.0,205.0,0,Evening,31.0,Hot,Moderate,Moderate
india,uttar pradesh,moradabad,"employment office, moradabad - uppcb",2026-07-01 23:00:00.000000000,28.88528,78.7388,ozone,8.0,22.0,15.0,46,good,29.5,87.0,25.2,2026,7,1,23,wednesday,summer,721139.0,205.0,0,Evening,14.0,Warm,High,High
india,uttar pradesh,moradabad,"kashiram nagar, moradabad - uppcb",2026-07-01 23:00:00.000000000,28.849399,78.742362,nh3,4.0,4.0,4.0,48,good,25.9,41.6,15.7,2026,7,1,23,wednesday,summer,721139.0,205.0,0,Evening,0.0,Warm,Moderate,Moderate
india,uttar pradesh,moradabad,"kashiram nagar, moradabad - uppcb",2026-07-01 23:00:00.000000000,28.849399,78.742362,so2,28.0,78.0,58.0,59,moderate,35.1,65.4,13.7,2026,7,1,23,wednesday,summer,721139.0,205.0,0,Evening,50.0,Hot,Moderate,Moderate
india,uttar pradesh,moradabad,"transport nagar, moradabad - uppcb",2026-07-01 23:00:00.000000000,28.802625,78.753728,pm2.5,22.5,48.0,38.0,417,hazardous,28.4,57.0,9.6,2026,7,1,23,wednesday,summer,721139.0,205.0,0,Evening,25.5,Warm,Moderate,Low
india,uttar pradesh,moradabad,"transport nagar, moradabad - uppcb",2026-07-01 23:00:00.000000000,28.802625,78.753728,so2,17.0,18.0,18.0,32,good,35.8,66.1,5.6,2026,7,1,23,wednesday,summer,721139.0,205.0,0,Evening,1.0,Hot,Moderate,Low
india,uttar pradesh,moradabad,"transport nagar, moradabad - uppcb",2026-07-01 23:00:00.000000000,28.802625,78.753728,co,29.0,39.0,35.0,26,good,39.2,56.0,4.0,2026,7,1,23,wednesday,summer,721139.0,205.0,0,Evening,10.0,Hot,Moderate,Low
india,uttar pradesh,muzaffarnagar,"new mandi, muzaffarnagar - uppcb",2026-07-01 23:00:00.000000000,29.4723508,77.7194031,co,17.0,35.0,24.0,22,good,34.4,90.0,11.9,2026,7,1,23,wednesday,summer,349706.0,251.0,0,Evening,18.0,Warm,High,Moderate
india,uttar pradesh,noida,"sector-116, noida - uppcb",2026-07-01 23:00:00.000000000,28.56923,77.393848,pm2.5,22.0,74.0,49.0,10,good,19.5,31.6,3.8,2026,7,1,23,wednesday,summer,293908.0,206.0,0,Evening,52.0,Moderate,Low,Low
india,uttar pradesh,noida,"sector-116, noida - uppcb",2026-07-01 23:00:00.000000000,28.56923,77.393848,no2,22.0,56.0,32.0,33,good,35.9,93.6,25.1,2026,7,1,23,wednesday,summer,293908.0,206.0,0,Evening,34.0,Hot,High,High
india,uttar pradesh,noida,"sector - 125, noida - uppcb",2026-07-01 23:00:00.000000000,28.5447608,77.3231257,no2,15.0,35.0,22.0,50,good,30.9,34.7,16.4,2026,7,1,23,wednesday,summer,293908.0,206.0,0,Evening,20.0,Warm,Low,Moderate
india,uttar pradesh,noida,"sector - 125, noida - uppcb",2026-07-01 23:00:00.000000000,28.5447608,77.3231257,co,37.0,50.0,41.0,18,good,21.2,80.7,19.3,2026,7,1,23,wednesday,summer,293908.0,206.0,0,Evening,13.0,Moderate,High,Moderate
india,uttar pradesh,meerut,"ganga nagar, meerut - uppcb",2026-07-01 23:00:00.000000000,28.999264,77.7590354,so2,29.0,36.0,32.0,11,good,22.9,39.8,27.3,2026,7,1,23,wednesday,summer,1223184.0,228.0,0,Evening,7.0,Moderate,Low,High
india,uttar pradesh,meerut,"jai bhim nagar, meerut - uppcb",2026-07-01 23:00:00.000000000,28.9535882,77.7622941,co,35.0,46.0,40.0,29,good,21.0,66.2,12.5,2026,7,1,23,wednesday,summer,1223184.0,228.0,0,Evening,11.0,Moderate,Moderate,Moderate
india,uttar pradesh,meerut,"miet college, meerut - uppcb",2026-07-01 23:00:00.000000000,28.972677,77.641018,pm2.5,70.0,248.0,142.0,121,unhealthy for sensitive groups,23.1,73.9,12.3,2026,7,1,23,wednesday,summer,1223184.0,228.0,0,Evening,178.0,Moderate,High,Moderate
india,uttar pradesh,meerut,"miet college, meerut - uppcb",2026-07-01 23:00:00.000000000,28.972677,77.641018,nh3,4.0,8.0,6.0,39,good,29.7,33.9,5.2,2026,7,1,23,wednesday,summer,1223184.0,228.0,0,Evening,4.0,Warm,Low,Low
india,uttar pradesh,moradabad,"eco herbal park, moradabad - uppcb",2026-07-01 23:00:00.000000000,28.840739,78.697531,pm10,2.5,27.5,11.5,374,hazardous,23.2,30.4,3.0,2026,7,1,23,wednesday,summer,721139.0,205.0,0,Evening,25.0,Moderate,Low,Low
india,uttar pradesh,moradabad,"buddhi vihar, moradabad - uppcb",2026-07-01 23:00:00.000000000,28.83526,78.7446,nh3,5.0,5.0,5.0,0,good,21.2,31.9,17.5,2026,7,1,23,wednesday,summer,721139.0,205.0,0,Evening,0.0,Moderate,Low,Moderate
india,uttar pradesh,moradabad,"buddhi vihar, moradabad - uppcb",2026-07-01 23:00:00.000000000,28.83526,78.7446,co,30.0,52.0,36.0,49,good,33.6,31.9,3.1,2026,7,1,23,wednesday,summer,721139.0,205.0,0,Evening,22.0,Warm,Low,Low
india,west bengal,barrackpore,"svspa campus, barrackpore - wbpcb",2026-07-01 23:00:00.000000000,22.7605581,88.3617589,co,20.0,33.0,25.0,40,good,15.9,45.7,29.3,2026,7,1,23,wednesday,summer,148174.0,12.0,0,Evening,13.0,Moderate,Moderate,High
india,west bengal,durgapur,"pcbl residential complex, durgapur - wbpcb",2026-07-01 23:00:00.000000000,23.508764,87.35444,ozone,47.0,47.0,47.0,24,good,37.7,89.1,3.3,2026,7,1,23,wednesday,summer,18561.0,205.0,0,Evening,0.0,Hot,High,Low
india,west bengal,durgapur,"mahishkapur road_b-zone, durgapur - wbpcb",2026-07-01 23:00:00.000000000,23.567923,87.306843,pm2.5,4.0,86.0,35.0,47,good,21.5,36.6,24.9,2026,7,1,23,wednesday,summer,18561.0,205.0,0,Evening,82.0,Moderate,Low,High
india,west bengal,durgapur,"mahishkapur road_b-zone, durgapur - wbpcb",2026-07-01 23:00:00.000000000,23.567923,87.306843,co,24.0,24.0,24.0,38,good,36.5,45.2,25.9,2026,7,1,23,wednesday,summer,18561.0,205.0,0,Evening,0.0,Hot,Moderate,High
india,west bengal,durgapur,"womens college_city center, durgapur - wbpcb",2026-07-01 23:00:00.000000000,23.549395,87.300496,pm2.5,32.0,65.0,49.0,30,good,22.1,69.6,10.5,2026,7,1,23,wednesday,summer,18561.0,205.0,0,Evening,33.0,Moderate,Moderate,Moderate
india,west bengal,durgapur,"womens college_city center, durgapur - wbpcb",2026-07-01 23:00:00.000000000,23.549395,87.300496,pm10,32.0,92.0,63.0,84,moderate,16.7,48.2,10.2,2026,7,1,23,wednesday,summer,18561.0,205.0,0,Evening,60.0,Moderate,Moderate,Moderate
india,west bengal,durgapur,"womens college_city center, durgapur - wbpcb",2026-07-01 23:00:00.000000000,23.549395,87.300496,no2,35.0,42.0,39.0,47,good,21.3,94.6,18.7,2026,7,1,23,wednesday,summer,18561.0,205.0,0,Evening,7.0,Moderate,High,Moderate
india,west bengal,durgapur,"womens college_city center, durgapur - wbpcb",2026-07-01 23:00:00.000000000,23.549395,87.300496,nh3,2.0,3.0,2.0,5,good,30.9,42.2,4.7,2026,7,1,23,wednesday,summer,18561.0,205.0,0,Evening,1.0,Warm,Moderate,Low
india,west bengal,haldia,"priyambada housing estate, haldia - wbpcb",2026-07-01 23:00:00.000000000,22.06047,88.109737,pm2.5,16.0,39.0,22.0,22,good,25.8,79.9,15.2,2026,7,1,23,wednesday,summer,170695.0,6.0,0,Evening,23.0,Warm,High,Moderate
india,west bengal,haldia,"priyambada housing estate, haldia - wbpcb",2026-07-01 23:00:00.000000000,22.06047,88.109737,ozone,18.0,24.0,21.0,30,good,36.2,65.2,16.7,2026,7,1,23,wednesday,summer,170695.0,6.0,0,Evening,6.0,Hot,Moderate,Moderate
india,west bengal,howrah,"dasnagar, howrah - wbpcb",2026-07-01 23:00:00.000000000,22.6025571,88.3105664,ozone,32.0,74.0,52.0,51,moderate,16.5,82.7,16.7,2026,7,1,23,wednesday,summer,1027672.0,8.0,0,Evening,42.0,Moderate,High,Moderate
india,west bengal,howrah,"belur math, howrah - wbpcb",2026-07-01 23:00:00.000000000,22.629801,88.352017,ozone,8.0,19.0,12.0,50,good,32.4,92.8,6.5,2026,7,1,23,wednesday,summer,1027672.0,8.0,0,Evening,11.0,Warm,High,Low
india,west bengal,howrah,"padmapukur, howrah - wbpcb",2026-07-01 23:00:00.000000000,22.5687319,88.2797276,so2,4.0,8.0,6.0,43,good,20.8,48.7,27.0,2026,7,1,23,wednesday,summer,1027672.0,8.0,0,Evening,4.0,Moderate,Moderate,High
india,west bengal,howrah,"ghusuri, howrah - wbpcb",2026-07-01 23:00:00.000000000,22.611968,88.347422,co,20.0,32.0,27.0,46,good,23.4,38.8,21.8,2026,7,1,23,wednesday,summer,1027672.0,8.0,0,Evening,12.0,Moderate,Low,High
india,west bengal,howrah,"botanical garden, howrah - wbpcb",2026-07-01 23:00:00.000000000,22.554954,88.292568,pm10,20.0,52.0,32.0,24,good,18.0,33.4,7.6,2026,7,1,23,wednesday,summer,1027672.0,8.0,0,Evening,32.0,Moderate,Low,Low
india,west bengal,howrah,"botanical garden, howrah - wbpcb",2026-07-01 23:00:00.000000000,22.554954,88.292568,co,14.0,21.0,18.0,7,good,38.0,32.0,8.3,2026,7,1,23,wednesday,summer,1027672.0,8.0,0,Evening,7.0,Hot,Low,Low
india,west bengal,kolkata,"jadavpur, kolkata - wbpcb",2026-07-01 23:00:00.000000000,22.49929,88.36917,nh3,13.0,17.0,14.0,49,good,22.7,50.1,4.7,2026,7,1,23,wednesday,summer,4631392.0,11.0,0,Evening,4.0,Moderate,Moderate,Low
india,west bengal,kolkata,"jadavpur, kolkata - wbpcb",2026-07-01 23:00:00.000000000,22.49929,88.36917,ozone,9.0,14.0,11.0,13,good,23.2,59.2,9.6,2026,7,1,23,wednesday,summer,4631392.0,11.0,0,Evening,5.0,Moderate,Moderate,Low
india,west bengal,kolkata,"rabindra bharati university, kolkata - wbpcb",2026-07-01 23:00:00.000000000,22.627847,88.380669,pm2.5,16.0,40.0,28.0,34,good,20.3,45.9,20.6,2026,7,1,23,wednesday,summer,4631392.0,11.0,0,Evening,24.0,Moderate,Moderate,High
india,west bengal,kolkata,"ballygunge, kolkata - wbpcb",2026-07-01 23:00:00.000000000,22.5367507,88.3638022,no2,26.0,56.0,36.0,50,good,19.1,32.8,2.9,2026,7,1,23,wednesday,summer,4631392.0,11.0,0,Evening,30.0,Moderate,Low,Low
india,west bengal,kolkata,"ballygunge, kolkata - wbpcb",2026-07-01 23:00:00.000000000,22.5367507,88.3638022,nh3,7.0,9.0,8.0,48,good,30.2,50.4,10.4,2026,7,1,23,wednesday,summer,4631392.0,11.0,0,Evening,2.0,Warm,Moderate,Moderate
india,west bengal,kolkata,"ballygunge, kolkata - wbpcb",2026-07-01 23:00:00.000000000,22.5367507,88.3638022,so2,1.0,7.0,3.0,28,good,35.0,60.3,23.7,2026,7,1,23,wednesday,summer,4631392.0,11.0,0,Evening,6.0,Hot,Moderate,High
india,west bengal,kolkata,"rabindra sarobar, kolkata - wbpcb",2026-07-01 23:00:00.000000000,22.51106,88.35142,co,13.0,20.0,16.0,14,good,36.1,52.1,7.5,2026,7,1,23,wednesday,summer,4631392.0,11.0,0,Evening,7.0,Hot,Moderate,Low
india,west bengal,kolkata,"bidhannagar, kolkata - wbpcb",2026-07-01 23:00:00.000000000,22.58157048,88.41002457,ozone,20.0,37.0,28.0,13,good,37.0,59.7,12.1,2026,7,1,23,wednesday,summer,4631392.0,11.0,0,Evening,17.0,Hot,Moderate,Moderate
india,west bengal,siliguri,"ward-32 bapupara, siliguri - wbpcb",2026-07-01 23:00:00.000000000,26.6879226,88.4152495,no2,118.0,184.0,151.0,200,unhealthy,19.4,55.7,1.9,2026,7,1,23,wednesday,summer,515574.0,124.0,0,Evening,66.0,Moderate,Moderate,Low
india,west bengal,siliguri,"ward-32 bapupara, siliguri - wbpcb",2026-07-01 23:00:00.000000000,26.6879226,88.4152495,co,24.0,41.0,32.0,2,good,19.8,59.9,15.3,2026,7,1,23,wednesday,summer,515574.0,124.0,0,Evening,17.0,Moderate,Moderate,Moderate
india,bihar,patna,"igsc planetarium complex, patna - bspcb",2026-07-01 23:00:00.000000000,25.610369,85.132568,pm2.5,13.0,21.5,17.0,469,hazardous,21.8,92.7,14.1,2026,7,1,23,wednesday,summer,1599920.0,53.0,0,Evening,8.5,Moderate,High,Moderate
india,bihar,patna,"igsc planetarium complex, patna - bspcb",2026-07-01 23:00:00.000000000,25.610369,85.132568,no2,2.0,2.0,2.0,4,good,24.7,84.9,27.5,2026,7,1,23,wednesday,summer,1599920.0,53.0,0,Evening,0.0,Moderate,High,High
india,bihar,patna,"samanpura, patna - bspcb",2026-07-01 23:00:00.000000000,25.596727,85.085624,nh3,1.0,1.0,1.0,13,good,25.2,56.5,23.6,2026,7,1,23,wednesday,summer,1599920.0,53.0,0,Evening,0.0,Warm,Moderate,High
india,bihar,purnia,"mariam nagar, purnia - bspcb",2026-07-01 23:00:00.000000000,25.366336,87.117468,pm10,40.0,62.0,49.0,33,good,35.6,76.6,3.8,2026,7,1,23,wednesday,summer,198453.0,44.0,0,Evening,22.0,Hot,High,Low
india,bihar,rajgir,"dangi tola, rajgir - bspcb",2026-07-01 23:00:00.000000000,25.0328,85.41948,pm10,18.0,108.0,55.0,80,moderate,20.8,42.3,18.5,2026,7,1,23,wednesday,summer,38348.0,85.0,0,Evening,90.0,Moderate,Moderate,Moderate
india,bihar,rajgir,"dangi tola, rajgir - bspcb",2026-07-01 23:00:00.000000000,25.0328,85.41948,no2,13.0,15.0,14.0,15,good,34.8,87.0,14.5,2026,7,1,23,wednesday,summer,38348.0,85.0,0,Evening,2.0,Warm,High,Moderate
india,bihar,saharsa,"police line, saharsa - bspcb",2026-07-01 23:00:00.000000000,25.892357,86.590325,pm10,11.333333333333334,13.0,12.0,456,hazardous,31.3,61.1,4.3,2026,7,1,23,wednesday,summer,145764.0,48.0,0,Evening,1.666666666666666,Warm,Moderate,Low
india,bihar,saharsa,"police line, saharsa - bspcb",2026-07-01 23:00:00.000000000,25.892357,86.590325,nh3,9.666666666666666,11.0,10.0,424,hazardous,27.7,87.0,21.9,2026,7,1,23,wednesday,summer,145764.0,48.0,0,Evening,1.333333333333334,Warm,High,High
india,bihar,samastipur,"dm office_kasipur, samastipur - bspcb",2026-07-01 23:00:00.000000000,25.859655,85.77944,no2,8.0,9.0,8.0,6,good,18.5,58.1,20.2,2026,7,1,23,wednesday,summer,57575.0,52.0,0,Evening,1.0,Moderate,Moderate,High
india,bihar,samastipur,"dm office_kasipur, samastipur - bspcb",2026-07-01 23:00:00.000000000,25.859655,85.77944,nh3,1.0,2.0,1.0,24,good,34.4,46.8,15.8,2026,7,1,23,wednesday,summer,57575.0,52.0,0,Evening,1.0,Warm,Moderate,Moderate
india,bihar,siwan,"chitragupta nagar, siwan - bspcb",2026-07-01 23:00:00.000000000,26.2271665,84.3570427,so2,10.0,10.0,10.0,41,good,39.5,64.9,12.1,2026,7,1,23,wednesday,summer,119181.0,71.0,0,Evening,0.0,Hot,Moderate,Moderate
india,bihar,siwan,"chitragupta nagar, siwan - bspcb",2026-07-01 23:00:00.000000000,26.2271665,84.3570427,co,104.0,113.0,109.0,116,unhealthy for sensitive groups,32.7,55.1,13.2,2026,7,1,23,wednesday,summer,119181.0,71.0,0,Evening,9.0,Warm,Moderate,Moderate
india,chhattisgarh,korba,"urja nagar, korba - cecb",2026-07-01 23:00:00.000000000,22.348441,82.549611,pm2.5,4.0,13.0,7.0,45,good,39.7,66.2,17.4,2026,7,1,23,wednesday,summer,419146.0,289.0,0,Evening,9.0,Hot,Moderate,Moderate
india,chhattisgarh,korba,"urja nagar, korba - cecb",2026-07-01 23:00:00.000000000,22.348441,82.549611,nh3,1.0,1.0,1.0,5,good,35.9,83.4,15.4,2026,7,1,23,wednesday,summer,419146.0,289.0,0,Evening,0.0,Hot,High,Moderate
india,chhattisgarh,raipur,"siltara phase-ii, raipur - cecb",2026-07-01 23:00:00.000000000,21.371751,81.664929,nh3,2.0,2.0,2.0,46,good,33.0,47.8,16.0,2026,7,1,23,wednesday,summer,17537.0,336.0,0,Evening,0.0,Warm,Moderate,Moderate
india,chhattisgarh,raipur,"krishak nagar, raipur - cecb",2026-07-01 23:00:00.000000000,21.237755,81.705301,pm10,11.0,35.0,22.0,8,good,27.2,41.1,14.2,2026,7,1,23,wednesday,summer,17537.0,336.0,0,Evening,24.0,Warm,Moderate,Moderate
india,chhattisgarh,raipur,"krishak nagar, raipur - cecb",2026-07-01 23:00:00.000000000,21.237755,81.705301,nh3,2.0,3.0,2.0,44,good,31.6,79.4,19.6,2026,7,1,23,wednesday,summer,17537.0,336.0,0,Evening,1.0,Warm,High,Moderate
india,chhattisgarh,raipur,"krishak nagar, raipur - cecb",2026-07-01 23:00:00.000000000,21.237755,81.705301,so2,3.0,9.0,6.0,13,good,15.7,90.2,27.5,2026,7,1,23,wednesday,summer,17537.0,336.0,0,Evening,6.0,Moderate,High,High
india,chhattisgarh,raipur,"bhatagaon new isbt, raipur - cecb",2026-07-01 23:00:00.000000000,21.219665,81.630094,no2,1.0,6.0,3.0,6,good,36.1,63.0,8.4,2026,7,1,23,wednesday,summer,17537.0,336.0,0,Evening,5.0,Hot,Moderate,Low
india,chhattisgarh,raipur,"bhatagaon new isbt, raipur - cecb",2026-07-01 23:00:00.000000000,21.219665,81.630094,nh3,2.0,2.0,2.0,30,good,32.8,41.4,16.1,2026,7,1,23,wednesday,summer,17537.0,336.0,0,Evening,0.0,Warm,Moderate,Moderate
india,chhattisgarh,raipur,"bhatagaon new isbt, raipur - cecb",2026-07-01 23:00:00.000000000,21.219665,81.630094,so2,1.0,62.0,8.0,20,good,21.9,36.4,11.1,2026,7,1,23,wednesday,summer,17537.0,336.0,0,Evening,61.0,Moderate,Low,Moderate
india,delhi,delhi,"pusa, delhi - iitm",2026-07-01 23:00:00.000000000,28.63611,77.173332,pm10,8.0,11.5,9.5,369,hazardous,17.1,39.9,2.4,2026,7,1,23,wednesday,summer,10927986.0,227.0,0,Evening,3.5,Moderate,Low,Low
india,assam,guwahati,"pan bazaar, guwahati - pcba",2026-07-01 23:00:00.000000000,26.1875,91.744194,ozone,11.0,17.0,13.0,42,good,23.7,33.4,26.9,2026,7,1,23,wednesday,summer,899094.0,59.0,0,Evening,6.0,Moderate,Low,High
india,assam,silchar,"tarapur, silchar - pcba",2026-07-01 23:00:00.000000000,24.82827,92.79525,ozone,2.0,7.0,4.0,29,good,34.2,84.0,18.3,2026,7,1,23,wednesday,summer,152393.0,24.0,0,Evening,5.0,Warm,High,Moderate
india,bihar,araria,"kharahiya basti, araria - bspcb",2026-07-01 23:00:00.000000000,26.146529,87.454184,pm10,44.0,123.0,66.0,80,moderate,15.0,35.6,11.0,2026,7,1,23,wednesday,summer,67474.0,56.0,0,Evening,79.0,Moderate,Low,Moderate
india,bihar,aurangabad,"gurdeo nagar, aurangabad - bspcb",2026-07-01 23:00:00.000000000,24.75746,84.366208,no2,7.0,8.0,8.0,11,good,27.1,93.7,12.7,2026,7,1,23,wednesday,summer,1016441.0,588.0,0,Evening,1.0,Warm,High,Moderate
india,bihar,aurangabad,"gurdeo nagar, aurangabad - bspcb",2026-07-01 23:00:00.000000000,24.75746,84.366208,nh3,1.0,2.0,1.0,19,good,37.4,71.5,27.7,2026,7,1,23,wednesday,summer,1016441.0,588.0,0,Evening,1.0,Hot,High,High
india,bihar,aurangabad,"gurdeo nagar, aurangabad - bspcb",2026-07-01 23:00:00.000000000,24.75746,84.366208,so2,0.0,16.0,11.0,9,good,16.7,47.1,23.8,2026,7,1,23,wednesday,summer,1016441.0,588.0,0,Evening,16.0,Moderate,Moderate,High
india,bihar,begusarai,"lohiyanagar, begusarai - bspcb",2026-07-01 23:00:00.000000000,25.42742023,86.13886079,no2,9.0,17.0,13.0,11,good,37.6,53.1,10.4,2026,7,1,23,wednesday,summer,103060.0,47.0,0,Evening,8.0,Hot,Moderate,Moderate
india,bihar,begusarai,"lohiyanagar, begusarai - bspcb",2026-07-01 23:00:00.000000000,25.42742023,86.13886079,nh3,15.0,17.0,16.0,31,good,30.7,51.3,25.7,2026,7,1,23,wednesday,summer,103060.0,47.0,0,Evening,2.0,Warm,Moderate,High
india,chandigarh,chandigarh,"sector-25, chandigarh - cpcc",2026-07-01 23:00:00.000000000,30.751462,76.762879,ozone,8.0,19.0,14.0,40,good,25.9,86.0,23.5,2026,7,1,23,wednesday,summer,960787.0,351.0,0,Evening,11.0,Warm,High,High
india,chandigarh,chandigarh,"sector-53, chandigarh - cpcc",2026-07-01 23:00:00.000000000,30.719859,76.738637,pm2.5,2.0,27.0,11.0,4,good,22.6,63.2,25.0,2026,7,1,23,wednesday,summer,960787.0,351.0,0,Evening,25.0,Moderate,Moderate,High
india,chandigarh,chandigarh,"sector-53, chandigarh - cpcc",2026-07-01 23:00:00.000000000,30.719859,76.738637,pm10,8.0,29.0,18.0,37,good,37.8,63.1,29.7,2026,7,1,23,wednesday,summer,960787.0,351.0,0,Evening,21.0,Hot,Moderate,High
india,chandigarh,chandigarh,"sector 22, chandigarh - cpcc",2026-07-01 23:00:00.000000000,30.735567,76.775714,no2,2.0,14.0,7.0,11,good,23.2,77.0,10.1,2026,7,1,23,wednesday,summer,960787.0,351.0,0,Evening,12.0,Moderate,High,Moderate
india,chandigarh,chandigarh,"sector 22, chandigarh - cpcc",2026-07-01 23:00:00.000000000,30.735567,76.775714,nh3,7.0,31.0,15.0,9,good,23.1,43.8,16.6,2026,7,1,23,wednesday,summer,960787.0,351.0,0,Evening,24.0,Moderate,Moderate,Moderate
india,chandigarh,chandigarh,"sector 22, chandigarh - cpcc",2026-07-01 23:00:00.000000000,30.735567,76.775714,co,56.0,79.0,66.0,72,moderate,27.3,93.5,20.7,2026,7,1,23,wednesday,summer,960787.0,351.0,0,Evening,23.0,Warm,High,High
india,chhattisgarh,bhilai,"hathkhoj, bhilai - cecb",2026-07-01 23:00:00.000000000,21.224231,81.40835,pm2.5,36.0,67.0,47.5,455,hazardous,21.6,57.1,0.4,2026,7,1,23,wednesday,summer,625138.0,307.0,0,Evening,31.0,Moderate,Moderate,Low
india,chhattisgarh,bhilai,"hathkhoj, bhilai - cecb",2026-07-01 23:00:00.000000000,21.224231,81.40835,pm10,16.0,55.0,29.0,44,good,24.4,40.9,8.1,2026,7,1,23,wednesday,summer,625138.0,307.0,0,Evening,39.0,Moderate,Moderate,Low
india,chhattisgarh,bhilai,"hathkhoj, bhilai - cecb",2026-07-01 23:00:00.000000000,21.224231,81.40835,no2,10.0,29.0,17.0,19,good,21.5,39.4,12.1,2026,7,1,23,wednesday,summer,625138.0,307.0,0,Evening,19.0,Moderate,Low,Moderate
india,chhattisgarh,bhilai,"32bungalows, bhilai - cecb",2026-07-01 23:00:00.000000000,21.194815,81.31477,pm2.5,9.0,57.0,22.0,5,good,24.5,84.4,16.0,2026,7,1,23,wednesday,summer,625138.0,307.0,0,Evening,48.0,Moderate,High,Moderate
india,chhattisgarh,korba,"rampur, korba - cecb",2026-07-01 23:00:00.000000000,22.368195,82.746431,pm10,14.333333333333332,55.0,27.33333333333333,397,hazardous,38.1,64.7,9.2,2026,7,1,23,wednesday,summer,419146.0,289.0,0,Evening,40.66666666666667,Hot,Moderate,Low
india,andhra pradesh,guntur,"rajendra nagar north, guntur - appcb",2026-07-01 23:00:00.000000000,16.316553,80.413302,co,17.0,54.0,30.0,20,good,33.9,88.0,1.1,2026,7,1,23,wednesday,summer,530577.0,31.0,0,Evening,37.0,Warm,High,Low
india,andhra pradesh,machilipatnam,"srinivas nagar colony, machilipatnam - appcb",2026-07-01 23:00:00.000000000,16.186555,81.13219,pm2.5,55.0,302.0,89.0,97,moderate,27.5,34.2,13.6,2026,7,1,23,wednesday,summer,192827.0,11.0,0,Evening,247.0,Warm,Low,Moderate
india,andhra pradesh,machilipatnam,"srinivas nagar colony, machilipatnam - appcb",2026-07-01 23:00:00.000000000,16.186555,81.13219,ozone,33.0,36.0,33.0,37,good,19.7,90.4,1.2,2026,7,1,23,wednesday,summer,192827.0,11.0,0,Evening,3.0,Moderate,High,Low
india,andhra pradesh,nellore,"ambedkar nagar, nellore - appcb",2026-07-01 23:00:00.000000000,14.438164,79.966814,ozone,25.0,35.0,29.0,26,good,29.0,84.7,10.0,2026,7,1,23,wednesday,summer,404158.0,21.0,0,Evening,10.0,Warm,High,Moderate
india,andhra pradesh,rajamahendravaram,"anand kala kshetram, rajamahendravaram - appcb",2026-07-01 23:00:00.000000000,16.9872867,81.7363176,so2,5.0,8.0,6.0,46,good,34.1,58.8,15.5,2026,7,1,23,wednesday,summer,304804.0,34.0,0,Evening,3.0,Warm,Moderate,Moderate
india,andhra pradesh,tirupati,"vaikuntapuram, tirupati - appcb",2026-07-01 23:00:00.000000000,13.615387,79.40923,no2,37.0,41.0,39.0,38,good,26.4,63.8,22.1,2026,7,1,23,wednesday,summer,250821.0,156.0,0,Evening,4.0,Warm,Moderate,High
india,andhra pradesh,tirupati,"vaikuntapuram, tirupati - appcb",2026-07-01 23:00:00.000000000,13.615387,79.40923,co,28.0,30.0,29.0,33,good,21.8,75.6,16.1,2026,7,1,23,wednesday,summer,250821.0,156.0,0,Evening,2.0,Moderate,High,Moderate
india,andhra pradesh,vijayawada,"rajiv gandhi park, vijayawada - appcb",2026-07-01 23:00:00.000000000,16.509717,80.612222,ozone,24.0,48.0,35.0,50,good,37.7,90.7,5.4,2026,7,1,23,wednesday,summer,874587.0,47.0,0,Evening,24.0,Hot,High,Low
india,andhra pradesh,vijayawada,"hb colony, vijayawada - appcb",2026-07-01 23:00:00.000000000,16.536107,80.594233,pm2.5,51.0,79.0,62.0,90,moderate,23.3,67.2,2.4,2026,7,1,23,wednesday,summer,874587.0,47.0,0,Evening,28.0,Moderate,Moderate,Low
india,bihar,munger,"town hall, munger - bspcb",2026-07-01 23:00:00.000000000,25.376776,86.471523,no2,4.0,5.0,5.0,22,good,29.2,43.3,2.8,2026,7,1,23,wednesday,summer,203163.0,49.0,0,Evening,1.0,Warm,Moderate,Low
india,bihar,munger,"town hall, munger - bspcb",2026-07-01 23:00:00.000000000,25.376776,86.471523,co,41.0,49.0,46.0,4,good,22.8,64.1,23.3,2026,7,1,23,wednesday,summer,203163.0,49.0,0,Evening,8.0,Moderate,Moderate,High
india,bihar,muzaffarpur,"muzaffarpur collectorate, muzaffarpur - bspcb",2026-07-01 23:00:00.000000000,26.1209,85.3647,co,39.0,52.0,47.0,33,good,38.5,51.3,27.3,2026,7,1,23,wednesday,summer,333200.0,60.0,0,Evening,13.0,Hot,Moderate,High
india,bihar,muzaffarpur,"muzaffarpur collectorate, muzaffarpur - bspcb",2026-07-01 23:00:00.000000000,26.1209,85.3647,ozone,14.0,60.0,43.0,44,good,38.7,91.1,7.3,2026,7,1,23,wednesday,summer,333200.0,60.0,0,Evening,46.0,Hot,High,Low
india,bihar,muzaffarpur,"mit-daudpur kothi, muzaffarpur - bspcb",2026-07-01 23:00:00.000000000,26.1403345,85.3650192,pm2.5,32.0,65.0,43.0,4,good,30.5,78.2,6.2,2026,7,1,23,wednesday,summer,333200.0,60.0,0,Evening,33.0,Warm,High,Low
india,bihar,patna,"drm office danapur, patna - bspcb",2026-07-01 23:00:00.000000000,25.586562,85.043586,pm10,51.0,75.0,62.0,59,moderate,28.4,78.2,0.3,2026,7,1,23,wednesday,summer,1599920.0,53.0,0,Evening,24.0,Warm,High,Low
india,bihar,patna,"drm office danapur, patna - bspcb",2026-07-01 23:00:00.000000000,25.586562,85.043586,so2,5.0,7.0,6.0,28,good,26.7,78.8,20.0,2026,7,1,23,wednesday,summer,1599920.0,53.0,0,Evening,2.0,Warm,High,High
india,bihar,gaya,"collectorate, gaya - bspcb",2026-07-01 23:00:00.000000000,24.7955,84.9994,nh3,4.5,6.0,5.5,486,hazardous,22.8,56.6,3.6,2026,7,1,23,wednesday,summer,423692.0,117.0,0,Evening,1.5,Moderate,Moderate,Low
india,bihar,gaya,"sfti kusdihra, gaya - bspcb",2026-07-01 23:00:00.000000000,24.762518,84.982348,nh3,4.0,5.0,5.0,40,good,27.9,49.5,25.7,2026,7,1,23,wednesday,summer,423692.0,117.0,0,Evening,1.0,Warm,Moderate,High
india,bihar,hajipur,"industrial area, hajipur - bspcb",2026-07-01 23:00:00.000000000,25.697189,85.2459,pm2.5,65.0,109.0,87.0,62,moderate,26.0,75.1,10.5,2026,7,1,23,wednesday,summer,133606.0,55.0,0,Evening,44.0,Warm,High,Moderate
india,bihar,hajipur,"industrial area, hajipur - bspcb",2026-07-01 23:00:00.000000000,25.697189,85.2459,pm10,83.0,112.0,97.0,55,moderate,38.2,48.3,13.1,2026,7,1,23,wednesday,summer,133606.0,55.0,0,Evening,29.0,Hot,Moderate,Moderate
india,bihar,hajipur,"industrial area, hajipur - bspcb",2026-07-01 23:00:00.000000000,25.697189,85.2459,nh3,11.0,24.0,18.0,43,good,27.9,68.9,0.6,2026,7,1,23,wednesday,summer,133606.0,55.0,0,Evening,13.0,Warm,Moderate,Low
india,bihar,hajipur,"industrial area, hajipur - bspcb",2026-07-01 23:00:00.000000000,25.697189,85.2459,ozone,21.0,77.0,47.0,17,good,36.5,78.8,20.7,2026,7,1,23,wednesday,summer,133606.0,55.0,0,Evening,56.0,Hot,High,High
india,bihar,katihar,"mirchaibari, katihar - bspcb",2026-07-01 23:00:00.000000000,25.560083,87.553265,pm10,4.0,24.0,15.0,22,good,27.7,51.1,16.1,2026,7,1,23,wednesday,summer,192555.0,34.0,0,Evening,20.0,Warm,Moderate,Moderate
india,bihar,katihar,"mirchaibari, katihar - bspcb",2026-07-01 23:00:00.000000000,25.560083,87.553265,no2,2.0,2.0,2.0,49,good,23.8,69.2,24.1,2026,7,1,23,wednesday,summer,192555.0,34.0,0,Evening,0.0,Moderate,Moderate,High
india,bihar,kishanganj,"sdm office_khagra, kishanganj - bspcb",2026-07-01 23:00:00.000000000,26.0881305,87.93840336,pm2.5,58.0,170.0,80.0,84,moderate,31.2,47.6,3.3,2026,7,1,23,wednesday,summer,94807.0,57.0,0,Evening,112.0,Warm,Moderate,Low
india,bihar,begusarai,"lohiyanagar, begusarai - bspcb",2026-07-01 23:00:00.000000000,25.42742023,86.13886079,ozone,21.0,43.0,36.0,16,good,15.7,38.6,20.0,2026,7,1,23,wednesday,summer,103060.0,47.0,0,Evening,22.0,Moderate,Low,High
india,bihar,bhagalpur,"mayaganj, bhagalpur - bspcb",2026-07-01 23:00:00.000000000,25.265194,87.012947,pm10,16.5,162.0,42.0,474,hazardous,23.8,78.5,8.2,2026,7,1,23,wednesday,summer,361548.0,52.0,0,Evening,145.5,Moderate,High,Low
india,bihar,bhagalpur,"dm office_kachari chowk, bhagalpur - bspcb",2026-07-01 23:00:00.000000000,25.251013,86.989001,pm10,12.0,281.0,48.0,9,good,25.3,34.9,2.5,2026,7,1,23,wednesday,summer,361548.0,52.0,0,Evening,269.0,Warm,Low,Low
india,bihar,bhagalpur,"dm office_kachari chowk, bhagalpur - bspcb",2026-07-01 23:00:00.000000000,25.251013,86.989001,co,28.0,60.0,43.0,31,good,27.5,59.5,14.3,2026,7,1,23,wednesday,summer,361548.0,52.0,0,Evening,32.0,Warm,Moderate,Moderate
india,bihar,bihar sharif,"d m colony, bihar sharif - bspcb",2026-07-01 23:00:00.000000000,25.204762,85.51496,pm2.5,32.0,60.0,43.0,0,good,24.6,56.6,4.6,2026,7,1,23,wednesday,summer,244230.0,68.0,0,Evening,28.0,Moderate,Moderate,Low
india,bihar,buxar,"charitra van, buxar - bspcb",2026-07-01 23:00:00.000000000,25.56752,83.966379,pm10,11.0,500.0,116.0,128,unhealthy for sensitive groups,22.8,47.3,21.7,2026,7,1,23,wednesday,summer,96120.0,67.0,0,Evening,489.0,Moderate,Moderate,High
india,bihar,gaya,"collectorate, gaya - bspcb",2026-07-01 23:00:00.000000000,24.7955,84.9994,pm10,10.0,255.0,62.5,304,hazardous,35.2,80.9,0.9,2026,7,1,23,wednesday,summer,423692.0,117.0,0,Evening,245.0,Hot,High,Low
india,bihar,gaya,"collectorate, gaya - bspcb",2026-07-01 23:00:00.000000000,24.7955,84.9994,no2,9.0,10.0,9.0,8,good,23.2,80.7,2.7,2026,7,1,23,wednesday,summer,423692.0,117.0,0,Evening,1.0,Moderate,High,Low
india,andhra pradesh,vijayawada,"hb colony, vijayawada - appcb",2026-07-01 23:00:00.000000000,16.536107,80.594233,so2,12.0,19.0,16.0,44,good,30.0,81.8,12.7,2026,7,1,23,wednesday,summer,874587.0,47.0,0,Evening,7.0,Warm,High,Moderate
india,assam,guwahati,"lgbi airport, guwahati - pcba",2026-07-01 23:00:00.000000000,26.10887,91.589544,nh3,2.0,13.0,4.0,13,good,22.0,45.0,13.9,2026,7,1,23,wednesday,summer,899094.0,59.0,0,Evening,11.0,Moderate,Moderate,Moderate
india,assam,guwahati,"railway colony, guwahati - pcba",2026-07-01 23:00:00.000000000,26.181742,91.78063,so2,36.0,48.0,40.0,31,good,24.9,84.9,29.6,2026,7,1,23,wednesday,summer,899094.0,59.0,0,Evening,12.0,Moderate,High,High
india,assam,guwahati,"iitg, guwahati - pcba",2026-07-01 23:00:00.000000000,26.2028636,91.70046436,co,5.0,8.0,6.0,10,good,26.7,82.9,25.3,2026,7,1,23,wednesday,summer,899094.0,59.0,0,Evening,3.0,Warm,High,High
india,andhra pradesh,anantapur,"gulzarpet, anantapur - appcb",2026-07-01 23:00:00.000000000,14.675886,77.593027,pm10,41.0,179.0,73.0,59,moderate,33.9,34.0,27.2,2026,7,1,23,wednesday,summer,240442.0,350.0,0,Evening,138.0,Warm,Low,High
india,andhra pradesh,anantapur,"gulzarpet, anantapur - appcb",2026-07-01 23:00:00.000000000,14.675886,77.593027,ozone,23.0,50.0,28.0,50,good,32.0,56.7,21.4,2026,7,1,23,wednesday,summer,240442.0,350.0,0,Evening,27.0,Warm,Moderate,High
india,andhra pradesh,chittoor,"gangineni cheruvu, chittoor - appcb",2026-07-01 23:00:00.000000000,13.20488,79.097889,pm10,55.0,62.0,59.0,74,moderate,26.5,44.0,20.5,2026,7,1,23,wednesday,summer,24588.0,334.0,0,Evening,7.0,Warm,Moderate,High
india,delhi,delhi,"nsit dwarka, delhi - cpcb",2026-07-01 23:00:00.000000000,28.60909,77.0325413,pm2.5,64.0,258.0,132.0,114,unhealthy for sensitive groups,33.3,33.7,12.0,2026,7,1,23,wednesday,summer,10927986.0,227.0,0,Evening,194.0,Warm,Low,Moderate
india,delhi,delhi,"nsit dwarka, delhi - cpcb",2026-07-01 23:00:00.000000000,28.60909,77.0325413,pm10,46.0,133.0,87.0,54,moderate,24.7,80.7,6.0,2026,7,1,23,wednesday,summer,10927986.0,227.0,0,Evening,87.0,Moderate,High,Low
india,delhi,delhi,"nsit dwarka, delhi - cpcb",2026-07-01 23:00:00.000000000,28.60909,77.0325413,co,49.0,92.0,67.0,70,moderate,24.0,77.2,29.2,2026,7,1,23,wednesday,summer,10927986.0,227.0,0,Evening,43.0,Moderate,High,High
india,delhi,delhi,"okhla phase-2, delhi - dpcc",2026-07-01 23:00:00.000000000,28.530785,77.271255,pm2.5,33.0,83.0,57.0,91,moderate,15.8,53.7,16.6,2026,7,1,23,wednesday,summer,10927986.0,227.0,0,Evening,50.0,Moderate,Moderate,Moderate
india,delhi,delhi,"okhla phase-2, delhi - dpcc",2026-07-01 23:00:00.000000000,28.530785,77.271255,pm10,51.0,129.0,94.0,82,moderate,38.5,56.9,23.0,2026,7,1,23,wednesday,summer,10927986.0,227.0,0,Evening,78.0,Hot,Moderate,High
india,delhi,delhi,"okhla phase-2, delhi - dpcc",2026-07-01 23:00:00.000000000,28.530785,77.271255,no2,9.0,33.0,17.0,33,good,29.8,60.9,29.2,2026,7,1,23,wednesday,summer,10927986.0,227.0,0,Evening,24.0,Warm,Moderate,High
india,delhi,delhi,"rohini, delhi - dpcc",2026-07-01 23:00:00.000000000,28.732528,77.11992,nh3,5.0,9.0,7.0,11,good,38.7,42.6,28.8,2026,7,1,23,wednesday,summer,10927986.0,227.0,0,Evening,4.0,Hot,Moderate,High
india,delhi,delhi,"rohini, delhi - dpcc",2026-07-01 23:00:00.000000000,28.732528,77.11992,so2,7.0,13.0,9.0,4,good,20.0,70.8,2.8,2026,7,1,23,wednesday,summer,10927986.0,227.0,0,Evening,6.0,Moderate,High,Low
india,delhi,delhi,"rohini, delhi - dpcc",2026-07-01 23:00:00.000000000,28.732528,77.11992,ozone,3.0,8.0,6.0,13,good,29.8,49.0,11.1,2026,7,1,23,wednesday,summer,10927986.0,227.0,0,Evening,5.0,Warm,Moderate,Moderate
india,delhi,delhi,"vivek vihar, delhi - dpcc",2026-07-01 23:00:00.000000000,28.672342,77.31526,pm10,70.0,148.0,109.0,112,unhealthy for sensitive groups,17.9,80.8,11.7,2026,7,1,23,wednesday,summer,10927986.0,227.0,0,Evening,78.0,Moderate,High,Moderate
india,delhi,delhi,"vivek vihar, delhi - dpcc",2026-07-01 23:00:00.000000000,28.672342,77.31526,no2,30.0,55.0,37.0,6,good,30.9,80.5,17.4,2026,7,1,23,wednesday,summer,10927986.0,227.0,0,Evening,25.0,Warm,High,Moderate
india,delhi,delhi,"jahangirpuri, delhi - dpcc",2026-07-01 23:00:00.000000000,28.73282,77.170633,pm10,64.0,131.0,103.0,106,unhealthy for sensitive groups,16.7,86.0,22.0,2026,7,1,23,wednesday,summer,10927986.0,227.0,0,Evening,67.0,Moderate,High,High
india,delhi,delhi,"ihbas, dilshad garden, delhi - cpcb",2026-07-01 23:00:00.000000000,28.6811736,77.3025234,pm2.5,38.0,350.0,137.0,125,unhealthy for sensitive groups,18.1,90.4,29.8,2026,7,1,23,wednesday,summer,10927986.0,227.0,0,Evening,312.0,Moderate,High,High
india,delhi,delhi,"ihbas, dilshad garden, delhi - cpcb",2026-07-01 23:00:00.000000000,28.6811736,77.3025234,pm10,0.0,276.0,87.0,72,moderate,15.5,35.3,16.4,2026,7,1,23,wednesday,summer,10927986.0,227.0,0,Evening,276.0,Moderate,Low,Moderate
india,delhi,delhi,"sri aurobindo marg, delhi - dpcc",2026-07-01 23:00:00.000000000,28.531346,77.190156,pm10,57.0,127.0,89.0,80,moderate,23.6,64.5,1.9,2026,7,1,23,wednesday,summer,10927986.0,227.0,0,Evening,70.0,Moderate,Moderate,Low
india,delhi,delhi,"sri aurobindo marg, delhi - dpcc",2026-07-01 23:00:00.000000000,28.531346,77.190156,nh3,7.0,10.0,9.0,42,good,30.4,39.6,19.8,2026,7,1,23,wednesday,summer,10927986.0,227.0,0,Evening,3.0,Warm,Low,Moderate
india,delhi,delhi,"sri aurobindo marg, delhi - dpcc",2026-07-01 23:00:00.000000000,28.531346,77.190156,so2,5.0,11.0,8.0,9,good,29.4,36.6,21.0,2026,7,1,23,wednesday,summer,10927986.0,227.0,0,Evening,6.0,Warm,Low,High
india,delhi,delhi,"najafgarh, delhi - dpcc",2026-07-01 23:00:00.000000000,28.570173,76.933762,ozone,5.0,23.0,14.0,44,good,33.8,83.0,13.0,2026,7,1,23,wednesday,summer,10927986.0,227.0,0,Evening,18.0,Warm,High,Moderate
india,delhi,delhi,"wazirpur, delhi - dpcc",2026-07-01 23:00:00.000000000,28.699793,77.165453,nh3,5.0,9.0,7.0,11,good,33.4,81.4,15.8,2026,7,1,23,wednesday,summer,10927986.0,227.0,0,Evening,4.0,Warm,High,Moderate
india,delhi,delhi,"wazirpur, delhi - dpcc",2026-07-01 23:00:00.000000000,28.699793,77.165453,co,58.0,105.0,75.0,90,moderate,23.4,58.4,4.7,2026,7,1,23,wednesday,summer,10927986.0,227.0,0,Evening,47.0,Moderate,Moderate,Low
india,delhi,delhi,"wazirpur, delhi - dpcc",2026-07-01 23:00:00.000000000,28.699793,77.165453,ozone,16.0,17.0,16.0,16,good,17.4,61.5,11.5,2026,7,1,23,wednesday,summer,10927986.0,227.0,0,Evening,1.0,Moderate,Moderate,Moderate
india,delhi,delhi,"mundka, delhi - dpcc",2026-07-01 23:00:00.000000000,28.684678,77.076574,co,40.0,52.0,45.0,24,good,17.9,83.9,6.7,2026,7,1,23,wednesday,summer,10927986.0,227.0,0,Evening,12.0,Moderate,High,Low
india,delhi,delhi,"punjabi bagh, delhi - dpcc",2026-07-01 23:00:00.000000000,28.674045,77.131023,pm10,66.0,144.0,118.0,142,unhealthy for sensitive groups,33.2,94.7,10.0,2026,7,1,23,wednesday,summer,10927986.0,227.0,0,Evening,78.0,Warm,High,Moderate
india,delhi,delhi,"chandni chowk, delhi - iitm",2026-07-01 23:00:00.000000000,28.656756,77.227234,pm10,72.0,124.0,96.0,71,moderate,20.4,93.0,13.6,2026,7,1,23,wednesday,summer,10927986.0,227.0,0,Evening,52.0,Moderate,High,Moderate
india,delhi,delhi,"chandni chowk, delhi - iitm",2026-07-01 23:00:00.000000000,28.656756,77.227234,co,97.0,108.0,103.0,148,unhealthy for sensitive groups,30.0,87.0,17.3,2026,7,1,23,wednesday,summer,10927986.0,227.0,0,Evening,11.0,Warm,High,Moderate
india,delhi,delhi,"sirifort, delhi - cpcb",2026-07-01 23:00:00.000000000,28.5504249,77.2159377,pm10,74.0,137.0,106.0,101,unhealthy for sensitive groups,23.4,36.7,13.6,2026,7,1,23,wednesday,summer,10927986.0,227.0,0,Evening,63.0,Moderate,Low,Moderate
india,delhi,delhi,"sirifort, delhi - cpcb",2026-07-01 23:00:00.000000000,28.5504249,77.2159377,so2,28.0,32.0,31.0,0,good,39.8,72.7,1.5,2026,7,1,23,wednesday,summer,10927986.0,227.0,0,Evening,4.0,Hot,High,Low
india,delhi,delhi,"dtu, delhi - cpcb",2026-07-01 23:00:00.000000000,28.7500499,77.1112615,no2,19.0,47.0,24.0,20,good,34.2,37.3,12.1,2026,7,1,23,wednesday,summer,10927986.0,227.0,0,Evening,28.0,Warm,Low,Moderate
india,delhi,delhi,"dtu, delhi - cpcb",2026-07-01 23:00:00.000000000,28.7500499,77.1112615,co,28.0,39.0,33.0,13,good,38.9,38.1,13.4,2026,7,1,23,wednesday,summer,10927986.0,227.0,0,Evening,11.0,Hot,Low,Moderate
india,delhi,delhi,"dr. karni singh shooting range, delhi - dpcc",2026-07-01 23:00:00.000000000,28.498571,77.26484,so2,3.0,5.0,4.0,13,good,33.0,89.5,4.1,2026,7,1,23,wednesday,summer,10927986.0,227.0,0,Evening,2.0,Warm,High,Low
india,delhi,delhi,"anand vihar, delhi - dpcc",2026-07-01 23:00:00.000000000,28.647622,77.315809,pm2.5,6.0,260.0,88.0,54,moderate,17.8,66.3,21.0,2026,7,1,23,wednesday,summer,10927986.0,227.0,0,Evening,254.0,Moderate,Moderate,High
india,delhi,delhi,"r k puram, delhi - dpcc",2026-07-01 23:00:00.000000000,28.563262,77.186937,pm2.5,32.0,157.0,74.0,63,moderate,38.5,37.6,3.0,2026,7,1,23,wednesday,summer,10927986.0,227.0,0,Evening,125.0,Hot,Low,Low
india,delhi,delhi,"dwarka-sector 8, delhi - dpcc",2026-07-01 23:00:00.000000000,28.5710274,77.0719006,pm2.5,2.0,95.0,50.0,33,good,39.9,69.2,16.5,2026,7,1,23,wednesday,summer,10927986.0,227.0,0,Evening,93.0,Hot,Moderate,Moderate
india,delhi,delhi,"dwarka-sector 8, delhi - dpcc",2026-07-01 23:00:00.000000000,28.5710274,77.0719006,so2,7.0,19.0,14.0,26,good,38.2,64.6,1.3,2026,7,1,23,wednesday,summer,10927986.0,227.0,0,Evening,12.0,Hot,Moderate,Low
india,delhi,delhi,"dwarka-sector 8, delhi - dpcc",2026-07-01 23:00:00.000000000,28.5710274,77.0719006,co,3.0,59.0,40.0,28,good,37.5,65.2,6.0,2026,7,1,23,wednesday,summer,10927986.0,227.0,0,Evening,56.0,Hot,Moderate,Low
india,delhi,delhi,"ito, delhi - cpcb",2026-07-01 23:00:00.000000000,28.628624,77.24106,so2,3.0,25.0,16.0,22,good,15.6,31.7,24.3,2026,7,1,23,wednesday,summer,10927986.0,227.0,0,Evening,22.0,Moderate,Low,High
india,delhi,delhi,"igi airport (t3), delhi - iitm",2026-07-01 23:00:00.000000000,28.5627763,77.1180053,pm10,66.0,150.0,106.0,104,unhealthy for sensitive groups,36.6,47.4,16.6,2026,7,1,23,wednesday,summer,10927986.0,227.0,0,Evening,84.0,Hot,Moderate,Moderate
india,delhi,delhi,"igi airport (t3), delhi - iitm",2026-07-01 23:00:00.000000000,28.5627763,77.1180053,so2,62.5,148.5,106.0,396,hazardous,30.6,51.4,14.4,2026,7,1,23,wednesday,summer,10927986.0,227.0,0,Evening,86.0,Warm,Moderate,Moderate
india,delhi,delhi,"igi airport (t3), delhi - iitm",2026-07-01 23:00:00.000000000,28.5627763,77.1180053,ozone,59.0,147.0,106.0,149,unhealthy for sensitive groups,24.2,73.0,21.8,2026,7,1,23,wednesday,summer,10927986.0,227.0,0,Evening,88.0,Moderate,High,High
india,delhi,delhi,"burari crossing, delhi - iitm",2026-07-01 23:00:00.000000000,28.7256504,77.2011573,pm10,79.0,121.0,100.0,100,moderate,29.0,80.1,18.2,2026,7,1,23,wednesday,summer,10927986.0,227.0,0,Evening,42.0,Warm,High,Moderate
india,delhi,delhi,"iit delhi, delhi - iitm",2026-07-01 23:00:00.000000000,28.54246,77.191651,so2,67.5,125.0,96.5,438,hazardous,38.9,92.6,10.3,2026,7,1,23,wednesday,summer,10927986.0,227.0,0,Evening,57.5,Hot,High,Moderate
india,delhi,delhi,"aya nagar, delhi - iitm",2026-07-01 23:00:00.000000000,28.4706914,77.1099364,pm10,56.0,129.0,93.0,58,moderate,31.8,75.2,16.5,2026,7,1,23,wednesday,summer,10927986.0,227.0,0,Evening,73.0,Warm,High,Moderate
india,delhi,delhi,"aya nagar, delhi - iitm",2026-07-01 23:00:00.000000000,28.4706914,77.1099364,co,32.0,38.0,35.0,39,good,30.4,74.5,1.3,2026,7,1,23,wednesday,summer,10927986.0,227.0,0,Evening,6.0,Warm,High,Low
india,delhi,delhi,"north campus, du, delhi - iitm",2026-07-01 23:00:00.000000000,28.6573814,77.1585447,no2,34.0,100.0,60.0,100,moderate,34.2,53.1,6.9,2026,7,1,23,wednesday,summer,10927986.0,227.0,0,Evening,66.0,Warm,Moderate,Low
india,delhi,delhi,"pusa, delhi - iitm",2026-07-01 23:00:00.000000000,28.63611,77.173332,so2,17.0,59.0,32.0,417,hazardous,25.4,58.8,6.5,2026,7,1,23,wednesday,summer,10927986.0,227.0,0,Evening,42.0,Warm,Moderate,Low
india,delhi,delhi,"ignou_maidan garhi, delhi - dpcc",2026-07-01 23:00:00.000000000,28.493624,77.201159,nh3,0.0,18.0,4.0,13,good,39.7,51.4,13.2,2026,7,1,23,wednesday,summer,10927986.0,227.0,0,Evening,18.0,Hot,Moderate,Moderate
india,delhi,delhi,"ignou_maidan garhi, delhi - dpcc",2026-07-01 23:00:00.000000000,28.493624,77.201159,ozone,10.0,19.0,15.0,14,good,26.8,67.9,0.5,2026,7,1,23,wednesday,summer,10927986.0,227.0,0,Evening,9.0,Warm,Moderate,Low
india,delhi,delhi,"jnu, delhi - dpcc",2026-07-01 23:00:00.000000000,28.540721,77.168544,ozone,5.0,26.0,16.0,48,good,24.6,61.4,2.8,2026,7,1,23,wednesday,summer,10927986.0,227.0,0,Evening,21.0,Moderate,Moderate,Low
india,delhi,delhi,"alipur, delhi - dpcc",2026-07-01 23:00:00.000000000,28.815329,77.15301,pm2.5,45.0,93.0,66.0,77,moderate,36.2,78.7,1.7,2026,7,1,23,wednesday,summer,10927986.0,227.0,0,Evening,48.0,Hot,High,Low
india,delhi,delhi,"alipur, delhi - dpcc",2026-07-01 23:00:00.000000000,28.815329,77.15301,pm10,34.0,129.0,86.0,72,moderate,21.9,50.4,19.2,2026,7,1,23,wednesday,summer,10927986.0,227.0,0,Evening,95.0,Moderate,Moderate,Moderate
india,delhi,delhi,"alipur, delhi - dpcc",2026-07-01 23:00:00.000000000,28.815329,77.15301,ozone,6.0,19.0,13.0,11,good,27.0,38.3,17.9,2026,7,1,23,wednesday,summer,10927986.0,227.0,0,Evening,13.0,Warm,Low,Moderate
india,delhi,delhi,"narela, delhi - dpcc",2026-07-01 23:00:00.000000000,28.822836,77.101981,pm10,59.0,116.0,94.0,78,moderate,19.7,56.3,20.0,2026,7,1,23,wednesday,summer,10927986.0,227.0,0,Evening,57.0,Moderate,Moderate,High
india,delhi,delhi,"talkatora garden, delhi - dpcc",2026-07-01 23:00:00.000000000,28.62181,77.1944633,pm10,40.0,96.0,65.0,51,moderate,23.3,62.3,15.7,2026,7,1,23,wednesday,summer,10927986.0,227.0,0,Evening,56.0,Moderate,Moderate,Moderate
india,delhi,delhi,"talkatora garden, delhi - dpcc",2026-07-01 23:00:00.000000000,28.62181,77.1944633,ozone,13.0,81.0,46.0,9,good,22.5,89.6,10.0,2026,7,1,23,wednesday,summer,10927986.0,227.0,0,Evening,68.0,Moderate,High,Moderate
india,delhi,delhi,"commonwealth sports complex, delhi - dpcc",2026-07-01 23:00:00.000000000,28.615828,77.271992,no2,23.0,76.0,42.0,30,good,27.1,31.6,28.7,2026,7,1,23,wednesday,summer,10927986.0,227.0,0,Evening,53.0,Warm,Low,High
india,delhi,delhi,"commonwealth sports complex, delhi - dpcc",2026-07-01 23:00:00.000000000,28.615828,77.271992,so2,4.0,5.0,5.0,22,good,21.5,66.8,0.8,2026,7,1,23,wednesday,summer,10927986.0,227.0,0,Evening,1.0,Moderate,Moderate,Low
india,delhi,delhi,"cantonment area, delhi - dpcc",2026-07-01 23:00:00.000000000,28.594169,77.1251,co,29.0,59.0,45.0,20,good,18.9,44.4,18.3,2026,7,1,23,wednesday,summer,10927986.0,227.0,0,Evening,30.0,Moderate,Moderate,Moderate
india,delhi,delhi,"crri mathura road, delhi - iitm",2026-07-01 23:00:00.000000000,28.5512005,77.2735737,pm2.5,18.0,89.0,56.0,68,moderate,31.9,82.6,25.5,2026,7,1,23,wednesday,summer,10927986.0,227.0,0,Evening,71.0,Warm,High,High
india,delhi,delhi,"imd lodhi road, delhi - iitm",2026-07-01 23:00:00.000000000,28.5918245,77.2273074,pm10,44.0,151.0,99.0,85,moderate,16.4,40.1,26.3,2026,7,1,23,wednesday,summer,10927986.0,227.0,0,Evening,107.0,Moderate,Moderate,High
india,gujarat,ahmedabad,"sac isro bopal, ahmedabad - iitm",2026-07-01 23:00:00.000000000,23.041137,72.456691,pm10,33.0,100.0,58.0,89,moderate,38.1,73.4,7.6,2026,7,1,23,wednesday,summer,3719710.0,56.0,0,Evening,67.0,Hot,High,Low
india,gujarat,ahmedabad,"sac isro bopal, ahmedabad - iitm",2026-07-01 23:00:00.000000000,23.041137,72.456691,no2,2.0,7.0,4.0,14,good,17.7,58.3,12.2,2026,7,1,23,wednesday,summer,3719710.0,56.0,0,Evening,5.0,Moderate,Moderate,Moderate
india,gujarat,ahmedabad,"sac isro satellite, ahmedabad - iitm",2026-07-01 23:00:00.000000000,23.023389,72.515201,nh3,0.0,1.0,1.0,38,good,19.5,77.1,27.7,2026,7,1,23,wednesday,summer,3719710.0,56.0,0,Evening,1.0,Moderate,High,High
india,gujarat,ahmedabad,"rakhial, ahmedabad - iitm",2026-07-01 23:00:00.000000000,23.016834,72.625775,pm2.5,27.0,72.0,42.0,40,good,30.8,47.5,13.6,2026,7,1,23,wednesday,summer,3719710.0,56.0,0,Evening,45.0,Warm,Moderate,Moderate
india,gujarat,ahmedabad,"svpi airport hansol, ahmedabad - iitm",2026-07-01 23:00:00.000000000,23.076793,72.627874,pm2.5,25.0,89.0,48.0,26,good,37.0,38.8,29.4,2026,7,1,23,wednesday,summer,3719710.0,56.0,0,Evening,64.0,Hot,Low,High
india,gujarat,ahmedabad,"svpi airport hansol, ahmedabad - iitm",2026-07-01 23:00:00.000000000,23.076793,72.627874,no2,16.0,34.0,24.0,31,good,35.3,92.1,4.5,2026,7,1,23,wednesday,summer,3719710.0,56.0,0,Evening,18.0,Hot,High,Low
india,gujarat,ahmedabad,"raikhad, ahmedabad - iitm",2026-07-01 23:00:00.000000000,23.020509,72.579261,pm10,54.0,111.0,80.0,53,moderate,29.5,41.1,12.9,2026,7,1,23,wednesday,summer,3719710.0,56.0,0,Evening,57.0,Warm,Moderate,Moderate
india,gujarat,ahmedabad,"raikhad, ahmedabad - iitm",2026-07-01 23:00:00.000000000,23.020509,72.579261,so2,3.0,9.0,5.0,5,good,20.9,61.8,29.0,2026,7,1,23,wednesday,summer,3719710.0,56.0,0,Evening,6.0,Moderate,Moderate,High
india,gujarat,ahmedabad,"raikhad, ahmedabad - iitm",2026-07-01 23:00:00.000000000,23.020509,72.579261,co,22.0,34.0,28.0,40,good,31.4,80.8,6.8,2026,7,1,23,wednesday,summer,3719710.0,56.0,0,Evening,12.0,Warm,High,Low
india,gujarat,ahmedabad,"raikhad, ahmedabad - iitm",2026-07-01 23:00:00.000000000,23.020509,72.579261,ozone,5.0,29.0,16.0,19,good,38.6,66.6,29.2,2026,7,1,23,wednesday,summer,3719710.0,56.0,0,Evening,24.0,Hot,Moderate,High
india,gujarat,gandhinagar,"sector-10, gandhinagar - gpcb",2026-07-01 23:00:00.000000000,23.221714,72.654328,so2,3.0,19.0,8.0,50,good,32.2,70.3,22.9,2026,7,1,23,wednesday,summer,195985.0,54.0,0,Evening,16.0,Warm,High,High
india,gujarat,gandhinagar,"sector-10, gandhinagar - gpcb",2026-07-01 23:00:00.000000000,23.221714,72.654328,ozone,10.0,25.0,17.0,45,good,24.3,66.6,17.0,2026,7,1,23,wednesday,summer,195985.0,54.0,0,Evening,15.0,Moderate,Moderate,Moderate
india,gujarat,rajkot,"mavdi, rajkot - nexteng enviro",2026-07-01 23:00:00.000000000,22.248853,70.776774,so2,10.0,14.0,13.0,0,good,22.5,43.8,26.1,2026,7,1,23,wednesday,summer,1177362.0,140.0,0,Evening,4.0,Moderate,Moderate,High
india,gujarat,surat,"katargam, surat - nexteng enviro",2026-07-01 23:00:00.000000000,21.217779,72.834787,nh3,2.0,5.0,3.0,31,good,34.2,63.8,3.1,2026,7,1,23,wednesday,summer,2894504.0,20.0,0,Evening,3.0,Warm,Moderate,Low
india,gujarat,surat,"katargam, surat - nexteng enviro",2026-07-01 23:00:00.000000000,21.217779,72.834787,ozone,4.0,5.0,5.0,8,good,32.0,59.4,28.6,2026,7,1,23,wednesday,summer,2894504.0,20.0,0,Evening,1.0,Warm,Moderate,High
india,gujarat,vadodara,"bapunagar, vadodara - nexteng enviro",2026-07-01 23:00:00.000000000,22.320153,73.216285,pm2.5,23.0,69.0,46.0,20,good,22.0,47.1,1.4,2026,7,1,23,wednesday,summer,1409476.0,46.0,0,Evening,46.0,Moderate,Moderate,Low
india,gujarat,ahmedabad,"chandkheda, ahmedabad - iitm",2026-07-01 23:00:00.000000000,23.107969,72.574648,pm2.5,12.5,37.0,25.0,315,hazardous,15.5,79.8,16.0,2026,7,1,23,wednesday,summer,3719710.0,56.0,0,Evening,24.5,Moderate,High,Moderate
india,gujarat,ahmedabad,"chandkheda, ahmedabad - iitm",2026-07-01 23:00:00.000000000,23.107969,72.574648,nh3,2.0,5.0,4.0,16,good,25.6,84.1,0.7,2026,7,1,23,wednesday,summer,3719710.0,56.0,0,Evening,3.0,Warm,High,Low
india,gujarat,ankleshwar,"gidc, ankleshwar - gpcb",2026-07-01 23:00:00.000000000,21.613267,73.010555,so2,29.0,36.0,33.0,397,hazardous,16.1,53.1,13.9,2026,7,1,23,wednesday,summer,74742.0,22.0,0,Evening,7.0,Moderate,Moderate,Moderate
india,gujarat,ankleshwar,"gidc, ankleshwar - gpcb",2026-07-01 23:00:00.000000000,21.613267,73.010555,co,56.0,67.0,62.0,58,moderate,39.7,80.7,27.9,2026,7,1,23,wednesday,summer,74742.0,22.0,0,Evening,11.0,Hot,High,High
india,gujarat,ankleshwar,"gidc, ankleshwar - gpcb",2026-07-01 23:00:00.000000000,21.613267,73.010555,ozone,9.0,16.0,12.0,49,good,26.6,54.6,28.7,2026,7,1,23,wednesday,summer,74742.0,22.0,0,Evening,7.0,Warm,Moderate,High
india,gujarat,bhavnagar,"vidhyanagar, bhavnagar - nexteng enviro",2026-07-01 23:00:00.000000000,21.755417,72.139056,so2,6.0,6.0,6.0,26,good,17.9,59.0,19.2,2026,7,1,23,wednesday,summer,554978.0,24.0,0,Evening,0.0,Moderate,Moderate,Moderate
india,gujarat,bhavnagar,"vidhyanagar, bhavnagar - nexteng enviro",2026-07-01 23:00:00.000000000,21.755417,72.139056,ozone,29.0,35.0,32.0,20,good,19.6,64.2,21.4,2026,7,1,23,wednesday,summer,554978.0,24.0,0,Evening,6.0,Moderate,Moderate,High
india,gujarat,gandhinagar,"iiphg lekawada, gandhinagar - iitm",2026-07-01 23:00:00.000000000,23.243639,72.68994,nh3,4.0,6.0,4.0,43,good,31.8,41.0,7.4,2026,7,1,23,wednesday,summer,195985.0,54.0,0,Evening,2.0,Warm,Moderate,Low
india,gujarat,gandhinagar,"iiphg lekawada, gandhinagar - iitm",2026-07-01 23:00:00.000000000,23.243639,72.68994,so2,2.0,13.0,4.0,0,good,34.0,77.7,18.9,2026,7,1,23,wednesday,summer,195985.0,54.0,0,Evening,11.0,Warm,High,Moderate
india,delhi,delhi,"bawana, delhi - dpcc",2026-07-01 23:00:00.000000000,28.7762,77.051074,so2,3.0,7.0,4.0,15,good,22.9,58.7,21.8,2026,7,1,23,wednesday,summer,10927986.0,227.0,0,Evening,4.0,Moderate,Moderate,High
india,delhi,delhi,"bawana, delhi - dpcc",2026-07-01 23:00:00.000000000,28.7762,77.051074,ozone,2.0,4.0,3.0,17,good,37.3,62.1,9.7,2026,7,1,23,wednesday,summer,10927986.0,227.0,0,Evening,2.0,Hot,Moderate,Low
india,delhi,delhi,"sonia vihar, delhi - dpcc",2026-07-01 23:00:00.000000000,28.710508,77.249485,no2,28.0,41.0,32.0,36,good,25.8,45.8,27.3,2026,7,1,23,wednesday,summer,10927986.0,227.0,0,Evening,13.0,Warm,Moderate,High
india,delhi,delhi,"nehru nagar, delhi - dpcc",2026-07-01 23:00:00.000000000,28.56789,77.250515,ozone,21.0,41.0,30.0,13,good,18.2,35.6,24.3,2026,7,1,23,wednesday,summer,10927986.0,227.0,0,Evening,20.0,Moderate,Low,High
india,delhi,delhi,"pusa, delhi - dpcc",2026-07-01 23:00:00.000000000,28.639652,77.146275,pm10,62.0,127.0,96.0,85,moderate,21.8,30.5,9.7,2026,7,1,23,wednesday,summer,10927986.0,227.0,0,Evening,65.0,Moderate,Low,Low
india,delhi,delhi,"pusa, delhi - dpcc",2026-07-01 23:00:00.000000000,28.639652,77.146275,so2,4.0,13.0,8.0,34,good,23.3,86.2,9.8,2026,7,1,23,wednesday,summer,10927986.0,227.0,0,Evening,9.0,Moderate,High,Low
india,delhi,delhi,"jawaharlal nehru stadium, delhi - dpcc",2026-07-01 23:00:00.000000000,28.58028,77.233829,no2,22.0,70.0,36.0,35,good,27.6,46.5,27.3,2026,7,1,23,wednesday,summer,10927986.0,227.0,0,Evening,48.0,Warm,Moderate,High
india,delhi,delhi,"jawaharlal nehru stadium, delhi - dpcc",2026-07-01 23:00:00.000000000,28.58028,77.233829,so2,4.0,24.0,12.0,14,good,23.6,86.5,24.6,2026,7,1,23,wednesday,summer,10927986.0,227.0,0,Evening,20.0,Moderate,High,High
india,delhi,delhi,"jawaharlal nehru stadium, delhi - dpcc",2026-07-01 23:00:00.000000000,28.58028,77.233829,ozone,10.0,33.0,22.0,19,good,16.4,53.1,26.6,2026,7,1,23,wednesday,summer,10927986.0,227.0,0,Evening,23.0,Moderate,Moderate,High
india,gujarat,vapi,"phase-1 gidc, vapi - gpcb",2026-07-01 23:00:00.000000000,20.362421,72.918013,nh3,45.0,85.0,65.5,478,hazardous,23.9,75.0,29.6,2026,7,1,23,wednesday,summer,71395.0,30.0,0,Evening,40.0,Moderate,High,High
india,haryana,ambala,"patti mehar, ambala - hspcb",2026-07-01 23:00:00.000000000,30.379589,76.778328,ozone,14.0,15.0,15.0,2,good,35.0,37.1,14.5,2026,7,1,23,wednesday,summer,146787.0,276.0,0,Evening,1.0,Hot,Low,Moderate
india,himachal pradesh,baddi,"himuda complex phase-1, baddi - hppcb",2026-07-01 23:00:00.000000000,30.943887,76.801991,pm10,56.0,207.0,98.0,64,moderate,38.2,35.2,15.4,2026,7,1,23,wednesday,summer,22592.0,426.0,0,Evening,151.0,Hot,Low,Moderate
india,himachal pradesh,baddi,"himuda complex phase-1, baddi - hppcb",2026-07-01 23:00:00.000000000,30.943887,76.801991,so2,14.0,22.0,16.0,33,good,24.0,63.4,29.1,2026,7,1,23,wednesday,summer,22592.0,426.0,0,Evening,8.0,Moderate,Moderate,High
india,jammu and kashmir,srinagar,"rajbagh, srinagar - jkpcc",2026-07-01 23:00:00.000000000,34.066206,74.81982,nh3,9.0,9.0,9.0,1,good,15.1,62.0,10.4,2026,7,1,23,wednesday,summer,20216.0,554.0,0,Evening,0.0,Moderate,Moderate,Moderate
india,jammu and kashmir,srinagar,"rajbagh, srinagar - jkpcc",2026-07-01 23:00:00.000000000,34.066206,74.81982,ozone,0.0,1.0,1.0,7,good,39.1,93.2,26.8,2026,7,1,23,wednesday,summer,20216.0,554.0,0,Evening,1.0,Hot,High,High
india,jammu and kashmir,srinagar,"khunmoh, srinagar - jkpcc",2026-07-01 23:00:00.000000000,34.06313,74.96017,pm10,7.0,241.0,94.0,72,moderate,27.3,34.8,28.7,2026,7,1,23,wednesday,summer,20216.0,554.0,0,Evening,234.0,Warm,Low,High
india,jammu and kashmir,srinagar,"khunmoh, srinagar - jkpcc",2026-07-01 23:00:00.000000000,34.06313,74.96017,nh3,14.5,217.25,85.25,408,hazardous,39.7,61.5,26.0,2026,7,1,23,wednesday,summer,20216.0,554.0,0,Evening,202.75,Hot,Moderate,High
india,jammu and kashmir,srinagar,"khunmoh, srinagar - jkpcc",2026-07-01 23:00:00.000000000,34.06313,74.96017,co,22.0,193.5,76.5,453,hazardous,29.2,39.1,3.9,2026,7,1,23,wednesday,summer,20216.0,554.0,0,Evening,171.5,Warm,Low,Low
india,jammu and kashmir,srinagar,"khunmoh, srinagar - jkpcc",2026-07-01 23:00:00.000000000,34.06313,74.96017,ozone,29.5,169.75,67.75,483,hazardous,18.0,48.6,5.7,2026,7,1,23,wednesday,summer,20216.0,554.0,0,Evening,140.25,Moderate,Moderate,Low
india,jharkhand,dhanbad,"sardar patel nagar, dhanbad - jspcb",2026-07-01 23:00:00.000000000,23.80569,86.44268,ozone,37.0,146.0,59.0,53,moderate,21.4,31.0,5.5,2026,7,1,23,wednesday,summer,219636.0,220.0,0,Evening,109.0,Moderate,Low,Low
india,karnataka,bagalkot,"vidayagiri, bagalkot - kspcb",2026-07-01 23:00:00.000000000,16.172806,75.659694,ozone,18.0,18.0,18.0,42,good,22.0,84.4,10.2,2026,7,1,23,wednesday,summer,97269.0,532.0,0,Evening,0.0,Moderate,High,Moderate
india,karnataka,bengaluru,"bapuji nagar, bengaluru - kspcb",2026-07-01 23:00:00.000000000,12.951913,77.539784,pm2.5,3.0,88.0,32.0,26,good,23.4,69.6,21.7,2026,7,1,23,wednesday,summer,5104047.0,914.0,0,Evening,85.0,Moderate,Moderate,High
india,karnataka,bengaluru,"bapuji nagar, bengaluru - kspcb",2026-07-01 23:00:00.000000000,12.951913,77.539784,ozone,10.0,38.0,25.0,33,good,20.1,90.3,9.6,2026,7,1,23,wednesday,summer,5104047.0,914.0,0,Evening,28.0,Moderate,High,Low
india,karnataka,bengaluru,"city railway station, bengaluru - kspcb",2026-07-01 23:00:00.000000000,12.9756843,77.5660749,pm10,108.0,110.0,109.0,127,unhealthy for sensitive groups,22.0,34.0,18.8,2026,7,1,23,wednesday,summer,5104047.0,914.0,0,Evening,2.0,Moderate,Low,Moderate
india,karnataka,bengaluru,"city railway station, bengaluru - kspcb",2026-07-01 23:00:00.000000000,12.9756843,77.5660749,no2,27.0,33.0,30.0,40,good,21.5,79.9,21.5,2026,7,1,23,wednesday,summer,5104047.0,914.0,0,Evening,6.0,Moderate,High,High
india,karnataka,bengaluru,"hebbal, bengaluru - kspcb",2026-07-01 23:00:00.000000000,13.029152,77.585901,pm2.5,2.0,10.0,6.0,17,good,20.9,53.3,29.3,2026,7,1,23,wednesday,summer,5104047.0,914.0,0,Evening,8.0,Moderate,Moderate,High
india,karnataka,bengaluru,"hebbal, bengaluru - kspcb",2026-07-01 23:00:00.000000000,13.029152,77.585901,pm10,5.0,57.0,22.0,13,good,37.3,32.0,23.3,2026,7,1,23,wednesday,summer,5104047.0,914.0,0,Evening,52.0,Hot,Low,High
india,karnataka,karwar,"khb colony, karwar - kspcb",2026-07-01 23:00:00.000000000,14.816666,74.141003,co,13.0,50.0,24.666666666666668,432,hazardous,33.9,32.2,5.9,2026,7,1,23,wednesday,summer,64457.0,9.0,0,Evening,37.0,Warm,Low,Low
india,karnataka,karwar,"khb colony, karwar - kspcb",2026-07-01 23:00:00.000000000,14.816666,74.141003,ozone,21.0,43.0,27.33333333333333,350,hazardous,15.2,53.3,0.8,2026,7,1,23,wednesday,summer,64457.0,9.0,0,Evening,22.0,Moderate,Moderate,Low
india,karnataka,koppal,"diwator nagar, koppal - kspcb",2026-07-01 23:00:00.000000000,15.34763,76.181767,no2,29.0,36.0,30.0,33,good,33.9,85.8,27.0,2026,7,1,23,wednesday,summer,60868.0,540.0,0,Evening,7.0,Warm,High,High
india,karnataka,koppal,"diwator nagar, koppal - kspcb",2026-07-01 23:00:00.000000000,15.34763,76.181767,so2,17.0,22.5,18.5,381,hazardous,25.5,48.9,24.5,2026,7,1,23,wednesday,summer,60868.0,540.0,0,Evening,5.5,Warm,Moderate,High
india,karnataka,koppal,"diwator nagar, koppal - kspcb",2026-07-01 23:00:00.000000000,15.34763,76.181767,ozone,5.0,9.0,7.0,11,good,31.8,82.1,13.8,2026,7,1,23,wednesday,summer,60868.0,540.0,0,Evening,4.0,Warm,High,Moderate
india,karnataka,madikeri,"stuart hill, madikeri - kspcb",2026-07-01 23:00:00.000000000,12.415911,75.73505,ozone,2.0,5.0,3.0,46,good,38.5,78.9,18.0,2026,7,1,23,wednesday,summer,33540.0,1141.0,0,Evening,3.0,Hot,High,Moderate
india,karnataka,mangalore,"kadri, mangalore - kspcb",2026-07-01 23:00:00.000000000,12.88925,74.853,ozone,37.0,37.0,37.0,31,good,17.0,87.6,9.3,2026,7,1,23,wednesday,summer,417387.0,27.0,0,Evening,0.0,Moderate,High,Low
india,karnataka,mysuru,"hebbal 1st stage, mysuru - kspcb",2026-07-01 23:00:00.000000000,12.21041,76.37376,pm2.5,7.0,29.0,15.0,39,good,31.3,72.1,5.5,2026,7,1,23,wednesday,summer,868313.0,757.0,0,Evening,22.0,Warm,High,Low
india,karnataka,mysuru,"hebbal 1st stage, mysuru - kspcb",2026-07-01 23:00:00.000000000,12.21041,76.37376,no2,10.0,25.0,19.0,44,good,19.8,72.9,19.8,2026,7,1,23,wednesday,summer,868313.0,757.0,0,Evening,15.0,Moderate,High,Moderate
india,karnataka,mysuru,"hebbal 1st stage, mysuru - kspcb",2026-07-01 23:00:00.000000000,12.21041,76.37376,nh3,3.0,5.0,4.0,25,good,28.8,65.1,9.7,2026,7,1,23,wednesday,summer,868313.0,757.0,0,Evening,2.0,Warm,Moderate,Low
india,karnataka,yadgir,"collector office, yadgir - kspcb",2026-07-01 23:00:00.000000000,16.7602,77.1428,pm10,7.0,37.0,21.0,6,good,37.5,72.8,0.8,2026,7,1,23,wednesday,summer,65376.0,379.0,0,Evening,30.0,Hot,High,Low
india,karnataka,yadgir,"collector office, yadgir - kspcb",2026-07-01 23:00:00.000000000,16.7602,77.1428,so2,12.0,18.0,15.0,20,good,18.3,50.7,10.6,2026,7,1,23,wednesday,summer,65376.0,379.0,0,Evening,6.0,Moderate,Moderate,Moderate
india,kerala,kannur,"thavakkara, kannur - kerala pcb",2026-07-01 23:00:00.000000000,11.875,75.3732,no2,12.0,13.0,13.0,48,good,26.3,36.4,13.3,2026,7,1,23,wednesday,summer,62836.0,13.0,0,Evening,1.0,Warm,Low,Moderate
india,kerala,kannur,"thavakkara, kannur - kerala pcb",2026-07-01 23:00:00.000000000,11.875,75.3732,ozone,27.0,28.0,27.0,29,good,16.2,68.6,18.5,2026,7,1,23,wednesday,summer,62836.0,13.0,0,Evening,1.0,Moderate,Moderate,Moderate
india,kerala,kollam,"polayathode, kollam - kerala pcb",2026-07-01 23:00:00.000000000,8.8787,76.6073,pm10,27.0,69.0,43.0,37,good,30.3,40.9,15.4,2026,7,1,23,wednesday,summer,394163.0,13.0,0,Evening,42.0,Warm,Moderate,Moderate
india,kerala,kollam,"polayathode, kollam - kerala pcb",2026-07-01 23:00:00.000000000,8.8787,76.6073,co,15.0,17.0,16.0,25,good,34.6,54.4,23.2,2026,7,1,23,wednesday,summer,394163.0,13.0,0,Evening,2.0,Warm,Moderate,High
india,kerala,thiruvananthapuram,"plammoodu, thiruvananthapuram - kerala pcb",2026-07-01 23:00:00.000000000,8.5149093,76.9435879,pm2.5,5.0,27.0,15.0,42,good,30.3,50.1,21.2,2026,7,1,23,wednesday,summer,784153.0,18.0,0,Evening,22.0,Warm,Moderate,High
india,kerala,thiruvananthapuram,"kariavattom, thiruvananthapuram - kerala pcb",2026-07-01 23:00:00.000000000,8.5637,76.8865,pm10,29.0,62.0,46.0,31,good,21.8,73.7,11.4,2026,7,1,23,wednesday,summer,784153.0,18.0,0,Evening,33.0,Moderate,High,Moderate
india,kerala,thiruvananthapuram,"kariavattom, thiruvananthapuram - kerala pcb",2026-07-01 23:00:00.000000000,8.5637,76.8865,nh3,0.0,0.0,0.0,43,good,20.0,48.5,5.7,2026,7,1,23,wednesday,summer,784153.0,18.0,0,Evening,0.0,Moderate,Moderate,Low
india,kerala,thiruvananthapuram,"kariavattom, thiruvananthapuram - kerala pcb",2026-07-01 23:00:00.000000000,8.5637,76.8865,so2,10.0,11.0,11.0,29,good,18.7,70.6,2.9,2026,7,1,23,wednesday,summer,784153.0,18.0,0,Evening,1.0,Moderate,High,Low
india,kerala,thrissur,"corporation ground, thrissur - kerala pcb",2026-07-01 23:00:00.000000000,10.5324,76.2159,ozone,29.0,29.0,29.0,40,good,36.3,85.7,14.4,2026,7,1,23,wednesday,summer,325110.0,7.0,0,Evening,0.0,Hot,High,Moderate
india,madhya pradesh,bhopal,"paryavaran parisar, bhopal - mppcb",2026-07-01 23:00:00.000000000,23.210494,77.425409,pm10,3.0,60.0,29.0,11,good,22.5,68.8,8.0,2026,7,1,23,wednesday,summer,1599914.0,523.0,0,Evening,57.0,Moderate,Moderate,Low
india,madhya pradesh,bhopal,"paryavaran parisar, bhopal - mppcb",2026-07-01 23:00:00.000000000,23.210494,77.425409,nh3,4.0,6.0,5.0,21,good,17.6,82.3,24.5,2026,7,1,23,wednesday,summer,1599914.0,523.0,0,Evening,2.0,Moderate,High,High
india,madhya pradesh,bhopal,"idgah hills, bhopal - mppcb",2026-07-01 23:00:00.000000000,23.264759,77.381568,pm10,27.5,31.0,29.0,385,hazardous,39.6,94.6,16.4,2026,7,1,23,wednesday,summer,1599914.0,523.0,0,Evening,3.5,Hot,High,Moderate
india,haryana,faridabad,"sector 11, faridabad - hspcb",2026-07-01 23:00:00.000000000,28.376058,77.315741,co,51.0,56.0,53.0,60,moderate,36.3,43.4,5.9,2026,7,1,23,wednesday,summer,1220229.0,209.0,0,Evening,5.0,Hot,Moderate,Low
india,haryana,faridabad,"sector 11, faridabad - hspcb",2026-07-01 23:00:00.000000000,28.376058,77.315741,ozone,25.0,25.0,25.0,27,good,25.9,48.7,19.5,2026,7,1,23,wednesday,summer,1220229.0,209.0,0,Evening,0.0,Warm,Moderate,Moderate
india,haryana,faridabad,"new industrial town, faridabad - hspcb",2026-07-01 23:00:00.000000000,28.39072,77.30059,pm2.5,42.0,470.0,123.0,118,unhealthy for sensitive groups,27.4,66.7,8.3,2026,7,1,23,wednesday,summer,1220229.0,209.0,0,Evening,428.0,Warm,Moderate,Low
india,haryana,faridabad,"new industrial town, faridabad - hspcb",2026-07-01 23:00:00.000000000,28.39072,77.30059,pm10,46.0,314.0,90.0,89,moderate,39.5,43.3,29.0,2026,7,1,23,wednesday,summer,1220229.0,209.0,0,Evening,268.0,Hot,Moderate,High
india,haryana,faridabad,"new industrial town, faridabad - hspcb",2026-07-01 23:00:00.000000000,28.39072,77.30059,no2,24.0,27.0,25.0,15,good,31.2,56.5,26.8,2026,7,1,23,wednesday,summer,1220229.0,209.0,0,Evening,3.0,Warm,Moderate,High
india,haryana,faridabad,"new industrial town, faridabad - hspcb",2026-07-01 23:00:00.000000000,28.39072,77.30059,ozone,14.0,14.0,14.0,13,good,34.2,81.0,15.5,2026,7,1,23,wednesday,summer,1220229.0,209.0,0,Evening,0.0,Warm,High,Moderate
india,haryana,faridabad,"sector 30, faridabad - hspcb",2026-07-01 23:00:00.000000000,28.4417,77.3217,co,37.0,56.0,46.0,40,good,28.9,53.6,28.5,2026,7,1,23,wednesday,summer,1220229.0,209.0,0,Evening,19.0,Warm,Moderate,High
india,haryana,fatehabad,"huda sector, fatehabad - hspcb",2026-07-01 23:00:00.000000000,29.503664,75.467934,pm2.5,39.0,54.66666666666666,46.66666666666666,306,hazardous,30.5,58.1,10.7,2026,7,1,23,wednesday,summer,66013.0,216.0,0,Evening,15.666666666666657,Warm,Moderate,Moderate
india,haryana,fatehabad,"huda sector, fatehabad - hspcb",2026-07-01 23:00:00.000000000,29.503664,75.467934,so2,41.0,53.333333333333336,47.333333333333336,340,hazardous,23.5,71.3,6.3,2026,7,1,23,wednesday,summer,66013.0,216.0,0,Evening,12.333333333333336,Moderate,High,Low
india,haryana,fatehabad,"huda sector, fatehabad - hspcb",2026-07-01 23:00:00.000000000,29.503664,75.467934,co,43.0,52.0,48.0,4,good,18.7,68.4,10.8,2026,7,1,23,wednesday,summer,66013.0,216.0,0,Evening,9.0,Moderate,Moderate,Moderate
india,haryana,hisar,"urban estate-ii, hisar - hspcb",2026-07-01 23:00:00.000000000,29.14056,75.744941,nh3,11.0,13.0,12.0,17,good,20.1,83.0,20.3,2026,7,1,23,wednesday,summer,296436.0,216.0,0,Evening,2.0,Moderate,High,High
india,haryana,hisar,"urban estate-ii, hisar - hspcb",2026-07-01 23:00:00.000000000,29.14056,75.744941,co,62.0,63.0,63.0,70,moderate,38.4,39.0,29.7,2026,7,1,23,wednesday,summer,296436.0,216.0,0,Evening,1.0,Hot,Low,High
india,haryana,karnal,"sector-12, karnal - hspcb",2026-07-01 23:00:00.000000000,29.6953,77.0027,no2,9.0,10.0,9.0,45,good,19.6,44.8,8.1,2026,7,1,23,wednesday,summer,225049.0,255.0,0,Evening,1.0,Moderate,Moderate,Low
india,haryana,narnaul,"shastri nagar, narnaul - hspcb",2026-07-01 23:00:00.000000000,28.060249,76.113115,pm2.5,95.0,305.0,180.0,166,unhealthy,38.9,50.3,6.9,2026,7,1,23,wednesday,summer,66049.0,311.0,0,Evening,210.0,Hot,Moderate,Low
india,haryana,narnaul,"shastri nagar, narnaul - hspcb",2026-07-01 23:00:00.000000000,28.060249,76.113115,no2,20.0,26.0,22.0,24,good,18.1,85.3,13.0,2026,7,1,23,wednesday,summer,66049.0,311.0,0,Evening,6.0,Moderate,High,Moderate
india,haryana,narnaul,"shastri nagar, narnaul - hspcb",2026-07-01 23:00:00.000000000,28.060249,76.113115,co,2.0,4.0,3.0,32,good,25.5,88.7,26.2,2026,7,1,23,wednesday,summer,66049.0,311.0,0,Evening,2.0,Warm,High,High
india,haryana,palwal,"shyam nagar, palwal - hspcb",2026-07-01 23:00:00.000000000,28.1485564,77.3320667,so2,0.0,111.0,19.0,44,good,20.5,85.7,7.7,2026,7,1,23,wednesday,summer,121965.0,201.0,0,Evening,111.0,Moderate,High,Low
india,haryana,panchkula,"sector-6, panchkula - hspcb",2026-07-01 23:00:00.000000000,30.7057778,76.8531805555555,pm10,38.0,355.0,138.33333333333331,374,hazardous,29.2,81.1,17.4,2026,7,1,23,wednesday,summer,200000.0,335.0,0,Evening,317.0,Warm,High,Moderate
india,haryana,panipat,"sector-18, panipat - hspcb",2026-07-01 23:00:00.000000000,29.432304,76.972765,pm10,57.0,477.0,198.0,184,unhealthy,34.7,67.7,28.7,2026,7,1,23,wednesday,summer,292808.0,232.0,0,Evening,420.0,Warm,Moderate,High
india,haryana,rohtak,"md university, rohtak - hspcb",2026-07-01 23:00:00.000000000,28.52123,76.37138,nh3,36.5,261.5,112.5,348,hazardous,32.9,90.1,1.0,2026,7,1,23,wednesday,summer,317245.0,222.0,0,Evening,225.0,Warm,High,Low
india,haryana,rohtak,"md university, rohtak - hspcb",2026-07-01 23:00:00.000000000,28.52123,76.37138,ozone,16.0,46.0,27.0,29,good,21.2,30.6,6.8,2026,7,1,23,wednesday,summer,317245.0,222.0,0,Evening,30.0,Moderate,Low,Low
india,haryana,sirsa,"f-block, sirsa - hspcb",2026-07-01 23:00:00.000000000,29.5364,75.0158,pm10,109.0,191.0,149.0,136,unhealthy for sensitive groups,34.7,89.0,15.7,2026,7,1,23,wednesday,summer,181639.0,205.0,0,Evening,82.0,Warm,High,Moderate
india,haryana,sonipat,"murthal, sonipat - hspcb",2026-07-01 23:00:00.000000000,29.0272,77.0621,nh3,8.0,9.0,9.0,39,good,16.2,73.8,10.2,2026,7,1,23,wednesday,summer,250521.0,229.0,0,Evening,1.0,Moderate,High,Moderate
india,haryana,yamuna nagar,"gobind pura, yamuna nagar - hspcb",2026-07-01 23:00:00.000000000,30.1480566,77.2893471,nh3,7.0,20.0,14.0,5,good,24.7,32.1,6.0,2026,7,1,23,wednesday,summer,208931.0,278.0,0,Evening,13.0,Moderate,Low,Low
india,karnataka,bengaluru,"hebbal, bengaluru - kspcb",2026-07-01 23:00:00.000000000,13.029152,77.585901,co,14.0,26.0,20.0,26,good,22.4,58.6,28.8,2026,7,1,23,wednesday,summer,5104047.0,914.0,0,Evening,12.0,Moderate,Moderate,High
india,karnataka,bengaluru,"jigani, bengaluru - kspcb",2026-07-01 23:00:00.000000000,12.7816279,77.6299145,so2,21.0,21.0,21.0,16,good,29.0,73.4,8.8,2026,7,1,23,wednesday,summer,5104047.0,914.0,0,Evening,0.0,Warm,High,Low
india,karnataka,bengaluru,"btm layout, bengaluru - cpcb",2026-07-01 23:00:00.000000000,12.9135218,77.5950804,pm2.5,24.0,29.0,26.0,49,good,21.7,56.2,6.6,2026,7,1,23,wednesday,summer,5104047.0,914.0,0,Evening,5.0,Moderate,Moderate,Low
india,karnataka,bengaluru,"btm layout, bengaluru - cpcb",2026-07-01 23:00:00.000000000,12.9135218,77.5950804,no2,24.0,25.0,24.0,31,good,34.1,68.8,17.1,2026,7,1,23,wednesday,summer,5104047.0,914.0,0,Evening,1.0,Warm,Moderate,Moderate
india,karnataka,bengaluru,"btm layout, bengaluru - cpcb",2026-07-01 23:00:00.000000000,12.9135218,77.5950804,nh3,4.0,4.0,4.0,46,good,28.9,32.5,0.9,2026,7,1,23,wednesday,summer,5104047.0,914.0,0,Evening,0.0,Warm,Low,Low
india,karnataka,bengaluru,"btm layout, bengaluru - cpcb",2026-07-01 23:00:00.000000000,12.9135218,77.5950804,co,46.0,52.0,48.0,30,good,32.2,32.6,23.1,2026,7,1,23,wednesday,summer,5104047.0,914.0,0,Evening,6.0,Warm,Low,High
india,karnataka,bengaluru,"silk board, bengaluru - kspcb",2026-07-01 23:00:00.000000000,12.917348,77.622813,co,30.0,37.5,33.0,452,hazardous,31.3,63.3,24.2,2026,7,1,23,wednesday,summer,5104047.0,914.0,0,Evening,7.5,Warm,Moderate,High
india,karnataka,bengaluru,"silk board, bengaluru - kspcb",2026-07-01 23:00:00.000000000,12.917348,77.622813,ozone,14.0,23.0,18.0,27,good,38.1,67.1,4.1,2026,7,1,23,wednesday,summer,5104047.0,914.0,0,Evening,9.0,Hot,Moderate,Low
india,karnataka,bengaluru,"jayanagar 5th block, bengaluru - kspcb",2026-07-01 23:00:00.000000000,12.920984,77.584908,pm2.5,7.0,35.0,18.0,16,good,20.5,82.9,16.7,2026,7,1,23,wednesday,summer,5104047.0,914.0,0,Evening,28.0,Moderate,High,Moderate
india,karnataka,bengaluru,"jayanagar 5th block, bengaluru - kspcb",2026-07-01 23:00:00.000000000,12.920984,77.584908,so2,8.0,30.0,17.0,47,good,39.2,40.5,5.4,2026,7,1,23,wednesday,summer,5104047.0,914.0,0,Evening,22.0,Hot,Moderate,Low
india,karnataka,chikkamagaluru,"kalyana nagara, chikkamagaluru - kspcb",2026-07-01 23:00:00.000000000,13.328028,75.797056,pm2.5,18.0,27.0,22.0,6,good,27.1,31.0,14.2,2026,7,1,23,wednesday,summer,121484.0,1042.0,0,Evening,9.0,Warm,Low,Moderate
india,karnataka,chikkamagaluru,"kalyana nagara, chikkamagaluru - kspcb",2026-07-01 23:00:00.000000000,13.328028,75.797056,ozone,14.0,21.0,15.0,27,good,37.3,61.8,29.0,2026,7,1,23,wednesday,summer,121484.0,1042.0,0,Evening,7.0,Hot,Moderate,High
india,karnataka,gadag,"panchal nagar, gadag - kspcb",2026-07-01 23:00:00.000000000,15.411456,75.638133,so2,20.0,32.0,25.0,49,good,35.6,35.1,22.9,2026,7,1,23,wednesday,summer,162569.0,655.0,0,Evening,12.0,Hot,Low,High
india,karnataka,gadag,"panchal nagar, gadag - kspcb",2026-07-01 23:00:00.000000000,15.411456,75.638133,ozone,16.0,16.0,16.0,8,good,25.4,33.8,0.8,2026,7,1,23,wednesday,summer,162569.0,655.0,0,Evening,0.0,Warm,Low,Low
india,karnataka,kalaburagi,"mahatma basaveswar colony, kalaburgi - kspcb",2026-07-01 23:00:00.000000000,17.336318,76.847397,co,34.0,38.0,36.0,22,good,36.3,40.1,24.3,2026,7,1,23,wednesday,summer,483615.0,474.0,0,Evening,4.0,Hot,Moderate,High
india,karnataka,karwar,"khb colony, karwar - kspcb",2026-07-01 23:00:00.000000000,14.816666,74.141003,no2,11.0,55.0,18.0,25,good,16.2,80.4,27.5,2026,7,1,23,wednesday,summer,64457.0,9.0,0,Evening,44.0,Moderate,High,High
india,madhya pradesh,bhopal,"idgah hills, bhopal - mppcb",2026-07-01 23:00:00.000000000,23.264759,77.381568,so2,1.0,19.0,9.0,19,good,18.6,72.7,5.6,2026,7,1,23,wednesday,summer,1599914.0,523.0,0,Evening,18.0,Moderate,High,Low
india,madhya pradesh,dewas,"bhopal chauraha, dewas - mppcb",2026-07-01 23:00:00.000000000,22.9682591,76.064118,pm10,2.0,13.0,7.0,328,hazardous,19.9,56.9,0.3,2026,7,1,23,wednesday,summer,261218.0,544.0,0,Evening,11.0,Moderate,Moderate,Low
india,madhya pradesh,gwalior,"deen dayal nagar, gwalior - mppcb",2026-07-01 23:00:00.000000000,26.259242,78.216432,nh3,3.0,7.0,5.0,28,good,26.3,84.7,25.6,2026,7,1,23,wednesday,summer,882458.0,220.0,0,Evening,4.0,Warm,High,High
india,madhya pradesh,gwalior,"deen dayal nagar, gwalior - mppcb",2026-07-01 23:00:00.000000000,26.259242,78.216432,co,10.0,31.0,18.0,12,good,20.7,67.4,4.3,2026,7,1,23,wednesday,summer,882458.0,220.0,0,Evening,21.0,Moderate,Moderate,Low
india,maharashtra,mumbai,"byculla, mumbai - bmc",2026-07-01 23:00:00.000000000,18.9767,72.838,ozone,7.0,20.0,12.0,36,good,21.3,88.5,20.6,2026,7,1,23,wednesday,summer,12691836.0,8.0,0,Evening,13.0,Moderate,High,High
india,maharashtra,mumbai,"borivali east, mumbai - iitm",2026-07-01 23:00:00.000000000,19.23241,72.86895,pm10,21.0,33.0,26.0,1,good,22.3,65.8,16.2,2026,7,1,23,wednesday,summer,12691836.0,8.0,0,Evening,12.0,Moderate,Moderate,Moderate
india,maharashtra,mumbai,"borivali east, mumbai - iitm",2026-07-01 23:00:00.000000000,19.23241,72.86895,nh3,3.0,5.0,4.0,42,good,31.2,66.7,10.6,2026,7,1,23,wednesday,summer,12691836.0,8.0,0,Evening,2.0,Warm,Moderate,Moderate
india,maharashtra,mumbai,"borivali east, mumbai - iitm",2026-07-01 23:00:00.000000000,19.23241,72.86895,co,49.0,64.0,57.0,61,moderate,23.7,86.7,6.8,2026,7,1,23,wednesday,summer,12691836.0,8.0,0,Evening,15.0,Moderate,High,Low
india,maharashtra,mumbai,"mindspace-malad west, mumbai - mpcb",2026-07-01 23:00:00.000000000,19.1878657,72.8304069,nh3,9.0,9.0,9.0,47,good,38.4,66.4,18.3,2026,7,1,23,wednesday,summer,12691836.0,8.0,0,Evening,0.0,Hot,Moderate,Moderate
india,maharashtra,mumbai,"mindspace-malad west, mumbai - mpcb",2026-07-01 23:00:00.000000000,19.1878657,72.8304069,so2,3.0,4.0,4.0,31,good,18.5,71.1,24.6,2026,7,1,23,wednesday,summer,12691836.0,8.0,0,Evening,1.0,Moderate,High,High
india,maharashtra,mumbai,"mindspace-malad west, mumbai - mpcb",2026-07-01 23:00:00.000000000,19.1878657,72.8304069,co,12.0,12.0,12.0,21,good,34.7,84.5,12.0,2026,7,1,23,wednesday,summer,12691836.0,8.0,0,Evening,0.0,Warm,High,Moderate
india,maharashtra,mumbai,"bandra kurla complex, mumbai - iitm",2026-07-01 23:00:00.000000000,19.053536,72.84643,no2,2.0,6.0,4.0,29,good,28.3,56.0,23.3,2026,7,1,23,wednesday,summer,12691836.0,8.0,0,Evening,4.0,Warm,Moderate,High
india,maharashtra,mumbai,"deonar, mumbai - iitm",2026-07-01 23:00:00.000000000,19.04946,72.923,pm2.5,9.0,34.0,16.0,24,good,37.0,89.6,24.6,2026,7,1,23,wednesday,summer,12691836.0,8.0,0,Evening,25.0,Hot,High,High
india,maharashtra,mumbai,"deonar, mumbai - iitm",2026-07-01 23:00:00.000000000,19.04946,72.923,no2,2.0,19.0,12.0,20,good,22.4,64.3,10.1,2026,7,1,23,wednesday,summer,12691836.0,8.0,0,Evening,17.0,Moderate,Moderate,Moderate
india,maharashtra,mumbai,"deonar, mumbai - iitm",2026-07-01 23:00:00.000000000,19.04946,72.923,nh3,6.0,10.0,8.0,49,good,15.5,34.0,21.2,2026,7,1,23,wednesday,summer,12691836.0,8.0,0,Evening,4.0,Moderate,Low,High
india,maharashtra,mumbai,"deonar, mumbai - iitm",2026-07-01 23:00:00.000000000,19.04946,72.923,co,48.0,61.0,53.0,55,moderate,33.9,60.3,5.3,2026,7,1,23,wednesday,summer,12691836.0,8.0,0,Evening,13.0,Warm,Moderate,Low
india,maharashtra,mumbai,"deonar, mumbai - iitm",2026-07-01 23:00:00.000000000,19.04946,72.923,ozone,3.0,7.0,5.0,29,good,20.4,79.5,2.5,2026,7,1,23,wednesday,summer,12691836.0,8.0,0,Evening,4.0,Moderate,High,Low
india,maharashtra,mumbai,"chhatrapati shivaji intl. airport (t2), mumbai - mpcb",2026-07-01 23:00:00.000000000,19.10078,72.87462,pm2.5,2.333333333333333,9.333333333333334,5.333333333333333,337,hazardous,29.7,33.1,11.9,2026,7,1,23,wednesday,summer,12691836.0,8.0,0,Evening,7.000000000000001,Warm,Low,Moderate
india,maharashtra,mumbai,"chhatrapati shivaji intl. airport (t2), mumbai - mpcb",2026-07-01 23:00:00.000000000,19.10078,72.87462,pm10,1.6666666666666667,11.666666666666668,5.666666666666667,302,hazardous,32.5,43.1,6.4,2026,7,1,23,wednesday,summer,12691836.0,8.0,0,Evening,10.000000000000002,Warm,Moderate,Low
india,maharashtra,mumbai,"malad west, mumbai - iitm",2026-07-01 23:00:00.000000000,19.19709,72.82204,pm2.5,1.0,14.0,6.0,9,good,22.0,45.0,14.2,2026,7,1,23,wednesday,summer,12691836.0,8.0,0,Evening,13.0,Moderate,Moderate,Moderate
india,maharashtra,mumbai,"malad west, mumbai - iitm",2026-07-01 23:00:00.000000000,19.19709,72.82204,pm10,10.0,31.0,17.0,19,good,32.7,41.3,1.9,2026,7,1,23,wednesday,summer,12691836.0,8.0,0,Evening,21.0,Warm,Moderate,Low
india,maharashtra,mumbai,"malad west, mumbai - iitm",2026-07-01 23:00:00.000000000,19.19709,72.82204,nh3,3.0,8.0,5.0,42,good,38.4,91.1,1.5,2026,7,1,23,wednesday,summer,12691836.0,8.0,0,Evening,5.0,Hot,High,Low
india,maharashtra,mumbai,"malad west, mumbai - iitm",2026-07-01 23:00:00.000000000,19.19709,72.82204,co,12.0,62.0,32.0,11,good,28.7,54.2,9.2,2026,7,1,23,wednesday,summer,12691836.0,8.0,0,Evening,50.0,Warm,Moderate,Low
india,maharashtra,mumbai,"mazgaon, mumbai - iitm",2026-07-01 23:00:00.000000000,18.96702,72.84214,so2,5.0,14.0,8.0,41,good,16.0,36.6,9.4,2026,7,1,23,wednesday,summer,12691836.0,8.0,0,Evening,9.0,Moderate,Low,Low
india,maharashtra,mumbai,"mazgaon, mumbai - iitm",2026-07-01 23:00:00.000000000,18.96702,72.84214,ozone,14.0,30.0,21.0,36,good,30.5,62.1,27.9,2026,7,1,23,wednesday,summer,12691836.0,8.0,0,Evening,16.0,Warm,Moderate,High
india,maharashtra,mumbai,"shivaji nagar, mumbai - bmc",2026-07-01 23:00:00.000000000,19.060498,72.923356,no2,12.0,21.0,15.0,35,good,35.8,51.3,23.0,2026,7,1,23,wednesday,summer,12691836.0,8.0,0,Evening,9.0,Hot,Moderate,High
india,maharashtra,mumbai,"shivaji nagar, mumbai - bmc",2026-07-01 23:00:00.000000000,19.060498,72.923356,ozone,7.0,33.0,11.0,13,good,37.9,58.0,24.7,2026,7,1,23,wednesday,summer,12691836.0,8.0,0,Evening,26.0,Hot,Moderate,High
india,maharashtra,mumbai,"sewri, mumbai - bmc",2026-07-01 23:00:00.000000000,19.000084,72.85673,no2,5.0,26.5,11.5,378,hazardous,18.9,86.8,12.2,2026,7,1,23,wednesday,summer,12691836.0,8.0,0,Evening,21.5,Moderate,High,Moderate
india,maharashtra,mumbai,"chakala-andheri east, mumbai - iitm",2026-07-01 23:00:00.000000000,19.11074,72.86084,pm2.5,3.0,20.0,12.0,13,good,36.6,89.4,18.4,2026,7,1,23,wednesday,summer,12691836.0,8.0,0,Evening,17.0,Hot,High,Moderate
india,maharashtra,mumbai,"chakala-andheri east, mumbai - iitm",2026-07-01 23:00:00.000000000,19.11074,72.86084,pm10,9.0,41.0,19.0,9,good,17.4,64.5,17.4,2026,7,1,23,wednesday,summer,12691836.0,8.0,0,Evening,32.0,Moderate,Moderate,Moderate
india,maharashtra,nagpur,"ram nagar, nagpur - mpcb",2026-07-01 23:00:00.000000000,21.143383,79.048912,no2,8.0,30.0,12.0,19,good,37.7,77.2,11.7,2026,7,1,23,wednesday,summer,2228018.0,319.0,0,Evening,22.0,Hot,High,Moderate
india,maharashtra,nagpur,"mahal, nagpur - mpcb",2026-07-01 23:00:00.000000000,21.14472,79.107595,pm2.5,17.0,55.0,31.0,45,good,22.2,93.6,6.8,2026,7,1,23,wednesday,summer,2228018.0,319.0,0,Evening,38.0,Moderate,High,Low
india,maharashtra,nagpur,"mahal, nagpur - mpcb",2026-07-01 23:00:00.000000000,21.14472,79.107595,no2,4.0,19.0,10.0,13,good,17.9,77.5,23.9,2026,7,1,23,wednesday,summer,2228018.0,319.0,0,Evening,15.0,Moderate,High,High
india,maharashtra,nagpur,"mahal, nagpur - mpcb",2026-07-01 23:00:00.000000000,21.14472,79.107595,nh3,1.0,5.0,3.0,2,good,29.3,42.5,12.4,2026,7,1,23,wednesday,summer,2228018.0,319.0,0,Evening,4.0,Warm,Moderate,Moderate
india,maharashtra,nagpur,"mahal, nagpur - mpcb",2026-07-01 23:00:00.000000000,21.14472,79.107595,co,39.0,105.0,75.0,100,moderate,15.4,45.0,14.9,2026,7,1,23,wednesday,summer,2228018.0,319.0,0,Evening,66.0,Moderate,Moderate,Moderate
india,maharashtra,nagpur,"opp gpo civil lines, nagpur - mpcb",2026-07-01 23:00:00.000000000,21.152875,79.0517531,co,28.0,116.0,69.0,52,moderate,17.1,78.4,12.1,2026,7,1,23,wednesday,summer,2228018.0,319.0,0,Evening,88.0,Moderate,High,Moderate
india,maharashtra,nagpur,"opp gpo civil lines, nagpur - mpcb",2026-07-01 23:00:00.000000000,21.152875,79.0517531,ozone,5.0,14.0,8.0,12,good,22.0,37.5,22.1,2026,7,1,23,wednesday,summer,2228018.0,319.0,0,Evening,9.0,Moderate,Low,High
india,maharashtra,nanded,"sneh nagar, nanded - mpcb",2026-07-01 23:00:00.000000000,19.173852,77.296291,pm2.5,12.0,19.0,15.0,15,good,17.1,39.4,3.6,2026,7,1,23,wednesday,summer,550564.0,363.0,0,Evening,7.0,Moderate,Low,Low
india,maharashtra,nanded,"sneh nagar, nanded - mpcb",2026-07-01 23:00:00.000000000,19.173852,77.296291,pm10,11.0,19.0,14.0,44,good,38.0,44.3,3.8,2026,7,1,23,wednesday,summer,550564.0,363.0,0,Evening,8.0,Hot,Moderate,Low
india,maharashtra,nanded,"sneh nagar, nanded - mpcb",2026-07-01 23:00:00.000000000,19.173852,77.296291,no2,8.0,16.0,11.0,38,good,31.7,85.1,11.1,2026,7,1,23,wednesday,summer,550564.0,363.0,0,Evening,8.0,Warm,High,Moderate
india,maharashtra,nashik,"pandav nagari, nashik - mpcb",2026-07-01 23:00:00.000000000,19.9591346,73.7788008,pm2.5,6.0,15.0,11.0,26,good,38.3,31.4,25.3,2026,7,1,23,wednesday,summer,1289497.0,584.0,0,Evening,9.0,Hot,Low,High
india,maharashtra,nashik,"pandav nagari, nashik - mpcb",2026-07-01 23:00:00.000000000,19.9591346,73.7788008,pm10,3.0,25.0,14.0,50,good,19.0,36.2,16.7,2026,7,1,23,wednesday,summer,1289497.0,584.0,0,Evening,22.0,Moderate,Low,Moderate
india,maharashtra,nashik,"pandav nagari, nashik - mpcb",2026-07-01 23:00:00.000000000,19.9591346,73.7788008,nh3,1.0,2.0,1.0,11,good,19.2,80.8,3.5,2026,7,1,23,wednesday,summer,1289497.0,584.0,0,Evening,1.0,Moderate,High,Low
india,maharashtra,nashik,"midc ambad, nashik - mpcb",2026-07-01 23:00:00.000000000,19.95022,73.73148,pm10,5.0,38.0,22.0,13,good,28.7,53.6,11.1,2026,7,1,23,wednesday,summer,1289497.0,584.0,0,Evening,33.0,Warm,Moderate,Moderate
india,maharashtra,amravati,"shivneri colony, amravati - mpcb",2026-07-01 23:00:00.000000000,20.9402359,77.7895248,pm2.5,7.0,33.0,18.0,44,good,29.8,69.9,5.3,2026,7,1,23,wednesday,summer,603837.0,341.0,0,Evening,26.0,Warm,Moderate,Low
india,maharashtra,amravati,"shri shivaji science college, amravati - mpcb",2026-07-01 23:00:00.000000000,20.939198,77.765701,co,25.0,60.0,37.0,25,good,24.1,61.2,21.2,2026,7,1,23,wednesday,summer,603837.0,341.0,0,Evening,35.0,Moderate,Moderate,High
india,maharashtra,aurangabad,"more chowk waluj, aurangabad - mpcb",2026-07-01 23:00:00.000000000,19.8389439,75.244448,pm2.5,46.0,54.0,50.0,7,good,38.8,67.4,5.3,2026,7,1,23,wednesday,summer,1016441.0,588.0,0,Evening,8.0,Hot,Moderate,Low
india,maharashtra,aurangabad,"more chowk waluj, aurangabad - mpcb",2026-07-01 23:00:00.000000000,19.8389439,75.244448,pm10,44.0,55.0,50.0,25,good,40.0,56.6,8.4,2026,7,1,23,wednesday,summer,1016441.0,588.0,0,Evening,11.0,Hot,Moderate,Low
india,maharashtra,aurangabad,"more chowk waluj, aurangabad - mpcb",2026-07-01 23:00:00.000000000,19.8389439,75.244448,so2,26.0,33.0,28.0,42,good,34.0,50.1,17.4,2026,7,1,23,wednesday,summer,1016441.0,588.0,0,Evening,7.0,Warm,Moderate,Moderate
india,maharashtra,aurangabad,"midc chilkalthana, aurangabad - mpcb",2026-07-01 23:00:00.000000000,19.87562,75.38731,nh3,1.0,7.0,3.0,29,good,17.1,93.3,23.5,2026,7,1,23,wednesday,summer,1016441.0,588.0,0,Evening,6.0,Moderate,High,High
india,maharashtra,aurangabad,"midc chilkalthana, aurangabad - mpcb",2026-07-01 23:00:00.000000000,19.87562,75.38731,co,21.0,28.0,26.0,30,good,21.6,55.7,3.2,2026,7,1,23,wednesday,summer,1016441.0,588.0,0,Evening,7.0,Moderate,Moderate,Low
india,maharashtra,aurangabad,"midc chilkalthana, aurangabad - mpcb",2026-07-01 23:00:00.000000000,19.87562,75.38731,ozone,9.0,24.0,14.0,30,good,33.6,43.8,3.5,2026,7,1,23,wednesday,summer,1016441.0,588.0,0,Evening,15.0,Warm,Moderate,Low
india,maharashtra,badlapur,"katrap, badlapur - mpcb",2026-07-01 23:00:00.000000000,19.16485,73.23409,nh3,4.0,8.0,6.0,14,good,26.2,85.5,3.0,2026,7,1,23,wednesday,summer,104636.0,24.0,0,Evening,4.0,Warm,High,Low
india,maharashtra,badlapur,"katrap, badlapur - mpcb",2026-07-01 23:00:00.000000000,19.16485,73.23409,so2,2.0,7.0,5.0,1,good,22.9,49.7,4.2,2026,7,1,23,wednesday,summer,104636.0,24.0,0,Evening,5.0,Moderate,Moderate,Low
india,maharashtra,beed,"bir, beed - mpcb",2026-07-01 23:00:00.000000000,18.988474,75.753873,ozone,11.0,15.0,12.0,16,good,33.3,76.3,16.5,2026,7,1,23,wednesday,summer,24588.0,512.0,0,Evening,4.0,Warm,High,Moderate
india,maharashtra,bhiwandi,"gokul nagar, bhiwandi - mpcb",2026-07-01 23:00:00.000000000,19.309073,73.057223,so2,3.0,7.0,5.0,18,good,25.5,57.1,0.5,2026,7,1,23,wednesday,summer,707035.0,9.0,0,Evening,4.0,Warm,Moderate,Low
india,maharashtra,bhiwandi,"gokul nagar, bhiwandi - mpcb",2026-07-01 23:00:00.000000000,19.309073,73.057223,co,17.0,31.0,24.0,49,good,16.4,66.0,18.2,2026,7,1,23,wednesday,summer,707035.0,9.0,0,Evening,14.0,Moderate,Moderate,Moderate
india,madhya pradesh,indore,"residency area, indore - imc",2026-07-01 23:00:00.000000000,22.7084,75.8815,no2,2.0,9.0,5.0,29,good,36.0,51.4,18.7,2026,7,1,23,wednesday,summer,1837041.0,550.0,0,Evening,7.0,Hot,Moderate,Moderate
india,madhya pradesh,jabalpur,"marhatal, jabalpur - mppcb",2026-07-01 23:00:00.000000000,23.168606,79.932247,pm2.5,18.0,37.0,25.0,10,good,33.5,78.7,20.8,2026,7,1,23,wednesday,summer,1030168.0,416.0,0,Evening,19.0,Warm,High,High
india,madhya pradesh,jabalpur,"marhatal, jabalpur - mppcb",2026-07-01 23:00:00.000000000,23.168606,79.932247,nh3,1.0,2.0,1.0,39,good,28.8,33.0,11.5,2026,7,1,23,wednesday,summer,1030168.0,416.0,0,Evening,1.0,Warm,Low,Moderate
india,madhya pradesh,jabalpur,"marhatal, jabalpur - mppcb",2026-07-01 23:00:00.000000000,23.168606,79.932247,so2,6.0,9.0,8.0,38,good,27.7,83.4,2.2,2026,7,1,23,wednesday,summer,1030168.0,416.0,0,Evening,3.0,Warm,High,Low
india,madhya pradesh,jabalpur,"gupteshwar, jabalpur - jmc",2026-07-01 23:00:00.000000000,23.142888,79.916147,pm10,24.0,84.0,41.0,21,good,20.4,92.2,7.2,2026,7,1,23,wednesday,summer,1030168.0,416.0,0,Evening,60.0,Moderate,High,Low
india,madhya pradesh,jabalpur,"suhagi, jabalpur - jmc",2026-07-01 23:00:00.000000000,23.218135,79.95777,nh3,3.0,3.0,3.0,19,good,24.5,60.3,4.4,2026,7,1,23,wednesday,summer,1030168.0,416.0,0,Evening,0.0,Moderate,Moderate,Low
india,madhya pradesh,jabalpur,"suhagi, jabalpur - jmc",2026-07-01 23:00:00.000000000,23.218135,79.95777,ozone,9.0,21.0,17.0,29,good,29.4,82.6,16.4,2026,7,1,23,wednesday,summer,1030168.0,416.0,0,Evening,12.0,Warm,High,Moderate
india,madhya pradesh,maihar,"sahilara, maihar - kjs cements",2026-07-01 23:00:00.000000000,24.2613009,80.7231783,pm2.5,1.0,46.0,16.0,40,good,30.5,33.7,13.7,2026,7,1,23,wednesday,summer,37913.0,358.0,0,Evening,45.0,Warm,Low,Moderate
india,madhya pradesh,maihar,"sahilara, maihar - kjs cements",2026-07-01 23:00:00.000000000,24.2613009,80.7231783,no2,13.0,86.0,59.0,52,moderate,29.4,90.3,15.5,2026,7,1,23,wednesday,summer,37913.0,358.0,0,Evening,73.0,Warm,High,Moderate
india,madhya pradesh,maihar,"sahilara, maihar - kjs cements",2026-07-01 23:00:00.000000000,24.2613009,80.7231783,ozone,20.5,57.5,43.5,352,hazardous,23.9,78.5,23.8,2026,7,1,23,wednesday,summer,37913.0,358.0,0,Evening,37.0,Moderate,High,High
india,maharashtra,mumbai,"kurla, mumbai - mpcb",2026-07-01 23:00:00.000000000,19.0863,72.8888,ozone,28.0,29.0,28.0,40,good,22.7,90.4,7.6,2026,7,1,23,wednesday,summer,12691836.0,8.0,0,Evening,1.0,Moderate,High,Low
india,maharashtra,mumbai,"worli, mumbai - mpcb",2026-07-01 23:00:00.000000000,18.9936162,72.8128113,so2,3.0,11.0,5.0,16,good,24.3,50.6,15.7,2026,7,1,23,wednesday,summer,12691836.0,8.0,0,Evening,8.0,Moderate,Moderate,Moderate
india,maharashtra,mumbai,"bandra kurla complex, mumbai - mpcb",2026-07-01 23:00:00.000000000,19.065931,72.862131,nh3,8.0,8.0,8.0,30,good,33.9,71.1,0.8,2026,7,1,23,wednesday,summer,12691836.0,8.0,0,Evening,0.0,Warm,High,Low
india,maharashtra,mumbai,"bandra kurla complex, mumbai - mpcb",2026-07-01 23:00:00.000000000,19.065931,72.862131,so2,2.0,4.0,3.0,11,good,35.8,44.2,24.5,2026,7,1,23,wednesday,summer,12691836.0,8.0,0,Evening,2.0,Hot,Moderate,High
india,maharashtra,mumbai,"navy nagar-colaba, mumbai - iitm",2026-07-01 23:00:00.000000000,18.897756,72.81332,no2,42.0,55.0,47.0,21,good,39.8,54.2,7.2,2026,7,1,23,wednesday,summer,12691836.0,8.0,0,Evening,13.0,Hot,Moderate,Low
india,maharashtra,mumbai,"navy nagar-colaba, mumbai - iitm",2026-07-01 23:00:00.000000000,18.897756,72.81332,nh3,4.0,4.0,4.0,17,good,37.4,88.6,28.7,2026,7,1,23,wednesday,summer,12691836.0,8.0,0,Evening,0.0,Hot,High,High
india,maharashtra,mumbai,"khindipada-bhandup west, mumbai - iitm",2026-07-01 23:00:00.000000000,19.1653323,72.922099,no2,6.0,24.0,13.0,11,good,18.7,39.7,27.9,2026,7,1,23,wednesday,summer,12691836.0,8.0,0,Evening,18.0,Moderate,Low,High
india,maharashtra,mumbai,"kherwadi_bandra east, mumbai - mpcb",2026-07-01 23:00:00.000000000,19.0632143,72.8456324,co,14.0,17.0,15.0,28,good,19.5,57.8,18.9,2026,7,1,23,wednesday,summer,12691836.0,8.0,0,Evening,3.0,Moderate,Moderate,Moderate
india,maharashtra,mumbai,"kherwadi_bandra east, mumbai - mpcb",2026-07-01 23:00:00.000000000,19.0632143,72.8456324,ozone,15.0,16.0,16.0,46,good,39.5,52.3,22.3,2026,7,1,23,wednesday,summer,12691836.0,8.0,0,Evening,1.0,Hot,Moderate,High
india,maharashtra,chandrapur,"chauhan colony, chandrapur - mpcb",2026-07-01 23:00:00.000000000,19.9629,79.298714,pm10,19.5,25.0,21.5,382,hazardous,21.9,34.8,29.6,2026,7,1,23,wednesday,summer,328351.0,186.0,0,Evening,5.5,Moderate,Low,High
india,maharashtra,chandrapur,"chauhan colony, chandrapur - mpcb",2026-07-01 23:00:00.000000000,19.9629,79.298714,co,24.0,34.0,27.0,18,good,31.2,73.0,20.1,2026,7,1,23,wednesday,summer,328351.0,186.0,0,Evening,10.0,Warm,High,High
india,maharashtra,chandrapur,"midc khutala, chandrapur - mpcb",2026-07-01 23:00:00.000000000,19.9775302,79.2337086,nh3,4.0,5.0,5.0,32,good,18.3,75.1,26.3,2026,7,1,23,wednesday,summer,328351.0,186.0,0,Evening,1.0,Moderate,High,High
india,maharashtra,dombivli,"kalu nagar, dombivli - mpcb",2026-07-01 23:00:00.000000000,19.2268427,73.0788456,pm10,2.0,12.0,5.0,2,good,31.9,72.8,23.4,2026,7,1,23,wednesday,summer,1193000.0,11.0,0,Evening,10.0,Warm,High,High
india,maharashtra,hingoli,"ashta vinayak nagar, hingoli - mpcb",2026-07-01 23:00:00.000000000,19.710842,77.151824,no2,4.0,14.0,7.0,31,good,35.4,73.0,12.0,2026,7,1,23,wednesday,summer,75878.0,458.0,0,Evening,10.0,Hot,High,Moderate
india,maharashtra,jalna,"old midc, jalna - mpcb",2026-07-01 23:00:00.000000000,19.854616,75.905894,co,57.0,72.0,65.0,87,moderate,21.0,94.8,7.1,2026,7,1,23,wednesday,summer,262034.0,504.0,0,Evening,15.0,Moderate,High,Low
india,maharashtra,kalyan,"pimpleshwar mandir, kalyan - mpcb",2026-07-01 23:00:00.000000000,19.192056,72.9585188,pm2.5,0.0,62.0,22.0,47,good,29.4,86.1,24.9,2026,7,1,23,wednesday,summer,1262255.0,10.0,0,Evening,62.0,Warm,High,High
india,maharashtra,kalyan,"pimpleshwar mandir, kalyan - mpcb",2026-07-01 23:00:00.000000000,19.192056,72.9585188,co,59.0,70.0,65.0,79,moderate,39.4,44.3,20.9,2026,7,1,23,wednesday,summer,1262255.0,10.0,0,Evening,11.0,Hot,Moderate,High
india,madhya pradesh,pithampur,"sector-2 industrial area, pithampur - mppcb",2026-07-01 23:00:00.000000000,22.624758,75.675238,co,31.0,34.0,32.0,30,good,17.7,87.1,12.1,2026,7,1,23,wednesday,summer,68051.0,595.0,0,Evening,3.0,Moderate,High,Moderate
india,madhya pradesh,sagar,"civil lines, sagar - mppcb",2026-07-01 23:00:00.000000000,23.838586,78.759431,pm10,2.0,130.0,32.0,20,good,26.4,44.9,19.9,2026,7,1,23,wednesday,summer,53150.0,592.0,0,Evening,128.0,Warm,Moderate,Moderate
india,madhya pradesh,singrauli,"suryakiran bhawan ncl, singrauli - mppcb",2026-07-01 23:00:00.000000000,24.10897,82.64558,nh3,2.0,3.0,2.0,30,good,32.3,54.1,29.8,2026,7,1,23,wednesday,summer,185580.0,383.0,0,Evening,1.0,Warm,Moderate,High
india,madhya pradesh,ujjain,"mahashweta nagar, ujjain - mppcb",2026-07-01 23:00:00.000000000,23.1633321,75.800225,pm10,13.0,66.0,38.0,10,good,16.2,73.4,0.6,2026,7,1,23,wednesday,summer,457346.0,494.0,0,Evening,53.0,Moderate,High,Low
india,madhya pradesh,ujjain,"mahashweta nagar, ujjain - mppcb",2026-07-01 23:00:00.000000000,23.1633321,75.800225,so2,3.0,6.0,4.0,46,good,30.0,59.4,19.3,2026,7,1,23,wednesday,summer,457346.0,494.0,0,Evening,3.0,Warm,Moderate,Moderate
india,maharashtra,ahmednagar,"tarakpur, ahmednagar - mpcb",2026-07-01 23:00:00.000000000,19.10122,74.73339,co,25.0,25.0,25.0,17,good,36.2,84.8,18.4,2026,7,1,23,wednesday,summer,60634.0,144.0,0,Evening,0.0,Hot,High,Moderate
india,maharashtra,akola,"ramdaspeth, akola - mpcb",2026-07-01 23:00:00.000000000,20.719516,77.000253,nh3,7.0,8.0,7.0,31,good,19.0,59.9,11.0,2026,7,1,23,wednesday,summer,428857.0,285.0,0,Evening,1.0,Moderate,Moderate,Moderate
india,madhya pradesh,gwalior,"maharaj bada, gwalior - mppcb",2026-07-01 23:00:00.000000000,26.200388,78.147714,so2,0.0,19.0,10.0,9,good,24.5,73.1,7.3,2026,7,1,23,wednesday,summer,882458.0,220.0,0,Evening,19.0,Moderate,High,Low
india,madhya pradesh,gwalior,"maharaj bada, gwalior - mppcb",2026-07-01 23:00:00.000000000,26.200388,78.147714,ozone,29.0,47.0,38.0,14,good,20.2,48.1,3.3,2026,7,1,23,wednesday,summer,882458.0,220.0,0,Evening,18.0,Moderate,Moderate,Low
india,madhya pradesh,gwalior,"city center, gwalior - mppcb",2026-07-01 23:00:00.000000000,26.203442,78.193251,nh3,3.0,4.0,4.0,23,good,17.1,38.7,0.6,2026,7,1,23,wednesday,summer,882458.0,220.0,0,Evening,1.0,Moderate,Low,Low
india,madhya pradesh,indore,"regional park, indore - imc",2026-07-01 23:00:00.000000000,22.678,75.8559,nh3,6.0,22.5,14.0,395,hazardous,28.4,84.7,17.2,2026,7,1,23,wednesday,summer,1837041.0,550.0,0,Evening,16.5,Warm,High,Moderate
india,madhya pradesh,indore,"chhoti gwaltoli, indore - mppcb",2026-07-01 23:00:00.000000000,22.431,75.5213,pm2.5,9.0,41.0,24.0,44,good,33.9,75.6,1.2,2026,7,1,23,wednesday,summer,1837041.0,550.0,0,Evening,32.0,Warm,High,Low
india,madhya pradesh,indore,"chhoti gwaltoli, indore - mppcb",2026-07-01 23:00:00.000000000,22.431,75.5213,pm10,10.0,85.0,49.0,2,good,22.5,88.2,26.2,2026,7,1,23,wednesday,summer,1837041.0,550.0,0,Evening,75.0,Moderate,High,High
india,madhya pradesh,indore,"airport area, indore - imc",2026-07-01 23:00:00.000000000,22.7289,75.8076,so2,6.0,8.0,7.0,24,good,20.5,37.9,7.8,2026,7,1,23,wednesday,summer,1837041.0,550.0,0,Evening,2.0,Moderate,Low,Low
india,madhya pradesh,indore,"maguda nagar, indore - imc",2026-07-01 23:00:00.000000000,22.7524,75.8872,pm10,6.0,40.0,19.0,46,good,23.7,76.6,16.7,2026,7,1,23,wednesday,summer,1837041.0,550.0,0,Evening,34.0,Moderate,High,Moderate
india,maharashtra,mumbai,"kandivali west, mumbai - bmc",2026-07-01 23:00:00.000000000,19.215859,72.831718,pm2.5,4.0,13.0,8.0,3,good,35.4,33.8,28.3,2026,7,1,23,wednesday,summer,12691836.0,8.0,0,Evening,9.0,Hot,Low,High
india,punjab,bathinda,"hardev nagar, bathinda - ppcb",2026-07-01 23:00:00.000000000,30.233011,74.907758,pm10,4.0,10.333333333333334,7.0,374,hazardous,23.7,91.4,5.7,2026,7,1,23,wednesday,summer,242800.0,216.0,0,Evening,6.333333333333334,Moderate,High,Low
india,punjab,bathinda,"hardev nagar, bathinda - ppcb",2026-07-01 23:00:00.000000000,30.233011,74.907758,ozone,4.0,7.666666666666667,6.0,499,hazardous,38.4,88.8,28.8,2026,7,1,23,wednesday,summer,242800.0,216.0,0,Evening,3.666666666666667,Hot,High,High
india,punjab,jalandhar,"civil line, jalandhar - ppcb",2026-07-01 23:00:00.000000000,31.321907,75.578914,nh3,4.0,5.0,5.0,45,good,36.9,42.1,10.4,2026,7,1,23,wednesday,summer,785178.0,243.0,0,Evening,1.0,Hot,Moderate,Moderate
india,punjab,jalandhar,"civil line, jalandhar - ppcb",2026-07-01 23:00:00.000000000,31.321907,75.578914,so2,16.0,17.0,17.0,38,good,29.0,90.8,13.3,2026,7,1,23,wednesday,summer,785178.0,243.0,0,Evening,1.0,Warm,High,Moderate
india,punjab,ludhiana,"punjab agricultural university, ludhiana - ppcb",2026-07-01 23:00:00.000000000,30.9028,75.8086,pm10,80.0,107.0,92.0,79,moderate,29.1,54.3,6.2,2026,7,1,23,wednesday,summer,1545368.0,256.0,0,Evening,27.0,Warm,Moderate,Low
india,punjab,ludhiana,"punjab agricultural university, ludhiana - ppcb",2026-07-01 23:00:00.000000000,30.9028,75.8086,so2,1.0,30.0,13.0,10,good,21.1,92.3,25.1,2026,7,1,23,wednesday,summer,1545368.0,256.0,0,Evening,29.0,Moderate,High,High
india,punjab,patiala,"model town, patiala - ppcb",2026-07-01 23:00:00.000000000,30.349388,76.366642,nh3,6.0,7.0,6.0,38,good,32.1,92.4,2.9,2026,7,1,23,wednesday,summer,329224.0,258.0,0,Evening,1.0,Warm,High,Low
india,punjab,rupnagar,"ratanpura, rupnagar - ambuja cements",2026-07-01 23:00:00.000000000,31.0325454,76.5623046,no2,9.0,45.0,26.0,24,good,37.2,70.7,7.3,2026,7,1,23,wednesday,summer,52313.0,287.0,0,Evening,36.0,Hot,High,Low
india,punjab,rupnagar,"ratanpura, rupnagar - ambuja cements",2026-07-01 23:00:00.000000000,31.0325454,76.5623046,so2,11.0,16.0,14.0,21,good,27.1,75.5,23.1,2026,7,1,23,wednesday,summer,52313.0,287.0,0,Evening,5.0,Warm,High,High
india,punjab,rupnagar,"ratanpura, rupnagar - ambuja cements",2026-07-01 23:00:00.000000000,31.0325454,76.5623046,ozone,22.0,28.5,25.0,368,hazardous,37.8,61.9,27.9,2026,7,1,23,wednesday,summer,52313.0,287.0,0,Evening,6.5,Hot,Moderate,High
india,rajasthan,ajmer,"civil lines,  ajmer - rspcb",2026-07-01 23:00:00.000000000,26.470859,74.646594,no2,33.0,41.0,36.0,21,good,26.5,62.5,28.2,2026,7,1,23,wednesday,summer,517911.0,475.0,0,Evening,8.0,Warm,Moderate,High
india,rajasthan,ajmer,"civil lines,  ajmer - rspcb",2026-07-01 23:00:00.000000000,26.470859,74.646594,co,12.0,28.0,21.0,29,good,29.8,59.3,29.1,2026,7,1,23,wednesday,summer,517911.0,475.0,0,Evening,16.0,Warm,Moderate,High
india,rajasthan,alwar,"moti doongri, alwar - rspcb",2026-07-01 23:00:00.000000000,27.554793,76.611536,no2,38.0,102.0,72.0,54,moderate,27.9,49.7,5.8,2026,7,1,23,wednesday,summer,283228.0,269.0,0,Evening,64.0,Warm,Moderate,Low
india,rajasthan,alwar,"moti doongri, alwar - rspcb",2026-07-01 23:00:00.000000000,27.554793,76.611536,co,54.0,79.0,64.0,79,moderate,32.2,38.6,24.7,2026,7,1,23,wednesday,summer,283228.0,269.0,0,Evening,25.0,Warm,Low,High
india,rajasthan,banswara,"rati talai, banswara - rspcb",2026-07-01 23:00:00.000000000,23.55519,74.44001,pm10,45.0,133.0,87.0,85,moderate,24.6,40.7,27.4,2026,7,1,23,wednesday,summer,93648.0,227.0,0,Evening,88.0,Moderate,Moderate,High
india,nagaland,kohima,"pwd junction, kohima - npcb",2026-07-01 23:00:00.000000000,25.6635413,94.0989878,so2,39.0,54.0,45.0,31,good,36.2,73.6,16.3,2026,7,1,23,wednesday,summer,92113.0,1463.0,0,Evening,15.0,Hot,High,Moderate
india,odisha,angul,"hakimapada, angul - ospcb",2026-07-01 23:00:00.000000000,20.832874,85.104082,nh3,3.0,4.0,3.0,1,good,17.1,43.7,0.8,2026,7,1,23,wednesday,summer,44386.0,126.0,0,Evening,1.0,Moderate,Moderate,Low
india,odisha,angul,"hakimapada, angul - ospcb",2026-07-01 23:00:00.000000000,20.832874,85.104082,so2,11.0,16.0,13.0,45,good,24.8,37.5,1.8,2026,7,1,23,wednesday,summer,44386.0,126.0,0,Evening,5.0,Moderate,Low,Low
india,odisha,balasore,"kalidaspur, balasore - ospcb",2026-07-01 23:00:00.000000000,21.51161,86.89088,pm10,15.0,107.0,49.0,46,good,19.7,94.0,16.3,2026,7,1,23,wednesday,summer,114321.0,22.0,0,Evening,92.0,Moderate,High,Moderate
india,odisha,balasore,"kalidaspur, balasore - ospcb",2026-07-01 23:00:00.000000000,21.51161,86.89088,ozone,1.0,166.0,56.0,93,moderate,38.3,51.4,29.5,2026,7,1,23,wednesday,summer,114321.0,22.0,0,Evening,165.0,Hot,Moderate,High
india,odisha,barbil,"forest office, barbil - ospcb",2026-07-01 23:00:00.000000000,22.1166054,85.3945546,pm2.5,17.0,53.0,35.0,11,good,16.3,79.6,18.4,2026,7,1,23,wednesday,summer,52586.0,457.0,0,Evening,36.0,Moderate,High,Moderate
india,odisha,barbil,"forest office, barbil - ospcb",2026-07-01 23:00:00.000000000,22.1166054,85.3945546,pm10,21.0,106.0,53.0,62,moderate,25.0,77.0,25.0,2026,7,1,23,wednesday,summer,52586.0,457.0,0,Evening,85.0,Warm,High,High
india,odisha,barbil,"forest office, barbil - ospcb",2026-07-01 23:00:00.000000000,22.1166054,85.3945546,no2,2.0,9.0,6.0,6,good,35.0,81.3,7.8,2026,7,1,23,wednesday,summer,52586.0,457.0,0,Evening,7.0,Hot,High,Low
india,odisha,barbil,"forest office, barbil - ospcb",2026-07-01 23:00:00.000000000,22.1166054,85.3945546,co,9.0,15.0,12.0,21,good,21.0,76.2,7.9,2026,7,1,23,wednesday,summer,52586.0,457.0,0,Evening,6.0,Moderate,High,Low
india,odisha,bhubaneswar,"patia, bhubaneswar - ospcb",2026-07-01 23:00:00.000000000,20.34652,85.8163,nh3,2.0,2.0,2.0,41,good,20.4,37.9,25.2,2026,7,1,23,wednesday,summer,762243.0,62.0,0,Evening,0.0,Moderate,Low,High
india,odisha,bhubaneswar,"patia, bhubaneswar - ospcb",2026-07-01 23:00:00.000000000,20.34652,85.8163,so2,8.0,11.0,10.0,34,good,27.6,37.2,28.6,2026,7,1,23,wednesday,summer,762243.0,62.0,0,Evening,3.0,Warm,Low,High
india,odisha,bhubaneswar,"lingraj mandir, bhubaneswar - ospcb",2026-07-01 23:00:00.000000000,20.24079,85.836784,pm2.5,7.0,48.0,28.0,14,good,37.2,32.9,17.6,2026,7,1,23,wednesday,summer,762243.0,62.0,0,Evening,41.0,Hot,Low,Moderate
india,odisha,brajrajnagar,"gm office, brajrajnagar - ospcb",2026-07-01 23:00:00.000000000,21.8004996,83.8396977,nh3,4.0,5.0,5.0,50,good,23.5,35.4,14.7,2026,7,1,23,wednesday,summer,79421.0,219.0,0,Evening,1.0,Moderate,Low,Moderate
india,odisha,rairangpur,"divisional forest office, rairangpur - ospcb",2026-07-01 23:00:00.000000000,22.265816,86.174829,co,23.0,47.0,32.0,14,good,38.1,43.6,3.9,2026,7,1,23,wednesday,summer,23072.0,268.0,0,Evening,24.0,Hot,Moderate,Low
india,odisha,rourkela,"fertilizer township, rourkela - ospcb",2026-07-01 23:00:00.000000000,22.18972222,84.86277778,no2,11.0,11.0,11.0,41,good,36.9,53.2,2.8,2026,7,1,23,wednesday,summer,536450.0,195.0,0,Evening,0.0,Hot,Moderate,Low
india,odisha,talcher,"talcher coalfields,talcher - ospcb",2026-07-01 23:00:00.000000000,20.9360711,85.1707021,co,106.0,109.0,108.0,114,unhealthy for sensitive groups,15.6,38.6,2.6,2026,7,1,23,wednesday,summer,38436.0,80.0,0,Evening,3.0,Moderate,Low,Low
india,puducherry,puducherry,"jawahar nagar, puducherry - ppcc",2026-07-01 23:00:00.000000000,11.9309,79.8027,pm10,24.0,46.0,36.0,17,good,15.7,30.4,12.6,2026,7,1,23,wednesday,summer,227411.0,11.0,0,Evening,22.0,Moderate,Low,Moderate
india,puducherry,puducherry,"jawahar nagar, puducherry - ppcc",2026-07-01 23:00:00.000000000,11.9309,79.8027,co,17.0,33.0,27.0,41,good,34.6,73.4,5.8,2026,7,1,23,wednesday,summer,227411.0,11.0,0,Evening,16.0,Warm,High,Low
india,punjab,amritsar,"golden temple, amritsar - ppcb",2026-07-01 23:00:00.000000000,31.62,74.876512,pm2.5,80.0,87.0,83.0,56,moderate,35.6,69.4,2.2,2026,7,1,23,wednesday,summer,1092450.0,244.0,0,Evening,7.0,Hot,Moderate,Low
india,maharashtra,pune,"savitribai phule pune university, pune - mpcb",2026-07-01 23:00:00.000000000,18.547056,73.826908,nh3,1.0,1.0,1.0,1,good,38.7,40.8,17.0,2026,7,1,23,wednesday,summer,2935744.0,554.0,0,Evening,0.0,Hot,Moderate,Moderate
india,maharashtra,pune,"dhankawadi, pune - iitm",2026-07-01 23:00:00.000000000,18.459883,73.852193,pm10,4.0,14.0,7.0,492,hazardous,24.7,75.4,22.0,2026,7,1,23,wednesday,summer,2935744.0,554.0,0,Evening,10.0,Moderate,High,High
india,maharashtra,pune,"katraj dairy, pune - mpcb",2026-07-01 23:00:00.000000000,18.45445,73.854155,pm2.5,7.0,27.0,13.0,50,good,32.8,41.5,1.0,2026,7,1,23,wednesday,summer,2935744.0,554.0,0,Evening,20.0,Warm,Moderate,Low
india,maharashtra,pune,"katraj dairy, pune - mpcb",2026-07-01 23:00:00.000000000,18.45445,73.854155,co,12.0,22.0,17.0,22,good,23.0,69.7,12.0,2026,7,1,23,wednesday,summer,2935744.0,554.0,0,Evening,10.0,Moderate,Moderate,Moderate
india,maharashtra,pune,"katraj dairy, pune - mpcb",2026-07-01 23:00:00.000000000,18.45445,73.854155,ozone,17.5,43.5,29.5,384,hazardous,22.4,65.0,11.5,2026,7,1,23,wednesday,summer,2935744.0,554.0,0,Evening,26.0,Moderate,Moderate,Moderate
india,maharashtra,pune,"hadapsar, pune - iitm",2026-07-01 23:00:00.000000000,18.501793,73.927532,pm10,23.0,65.0,42.0,10,good,27.0,53.3,9.6,2026,7,1,23,wednesday,summer,2935744.0,554.0,0,Evening,42.0,Warm,Moderate,Low
india,maharashtra,pune,"mhada colony, pune - iitm",2026-07-01 23:00:00.000000000,18.57304,73.927715,ozone,7.0,14.0,9.0,31,good,31.1,33.6,6.6,2026,7,1,23,wednesday,summer,2935744.0,554.0,0,Evening,7.0,Warm,Low,Low
india,maharashtra,sangli,"vijay nagar, sangli - mpcb",2026-07-01 23:00:00.000000000,16.5038,74.3623,pm10,11.0,422.0,55.0,90,moderate,39.4,50.1,25.1,2026,7,1,23,wednesday,summer,601214.0,553.0,0,Evening,411.0,Hot,Moderate,High
india,maharashtra,sangli,"vijay nagar, sangli - mpcb",2026-07-01 23:00:00.000000000,16.5038,74.3623,so2,8.0,11.0,9.0,45,good,36.8,79.1,10.8,2026,7,1,23,wednesday,summer,601214.0,553.0,0,Evening,3.0,Hot,High,Moderate
india,maharashtra,sangli,"vijay nagar, sangli - mpcb",2026-07-01 23:00:00.000000000,16.5038,74.3623,ozone,19.0,27.0,25.0,32,good,28.4,43.6,30.0,2026,7,1,23,wednesday,summer,601214.0,553.0,0,Evening,8.0,Warm,Moderate,High
india,maharashtra,satara,"koyana nagar, satara - mpcb",2026-07-01 23:00:00.000000000,17.696651,74.003387,nh3,1.0,2.0,1.0,4,good,34.7,91.0,6.6,2026,7,1,23,wednesday,summer,112793.0,709.0,0,Evening,1.0,Warm,High,Low
india,maharashtra,satara,"koyana nagar, satara - mpcb",2026-07-01 23:00:00.000000000,17.696651,74.003387,co,11.0,18.0,13.0,5,good,28.9,31.8,27.2,2026,7,1,23,wednesday,summer,112793.0,709.0,0,Evening,7.0,Warm,Low,High
india,maharashtra,solapur,"dnyaneshwar nagar, solapur - mpcb",2026-07-01 23:00:00.000000000,17.6336264,75.9132495,pm10,16.0,42.0,28.0,29,good,15.8,59.4,10.9,2026,7,1,23,wednesday,summer,997281.0,473.0,0,Evening,26.0,Moderate,Moderate,Moderate
india,maharashtra,solapur,"dnyaneshwar nagar, solapur - mpcb",2026-07-01 23:00:00.000000000,17.6336264,75.9132495,co,12.0,20.0,15.0,36,good,18.8,67.0,24.7,2026,7,1,23,wednesday,summer,997281.0,473.0,0,Evening,8.0,Moderate,Moderate,High
india,maharashtra,thane,"upvan fort, thane - mpcb",2026-07-01 23:00:00.000000000,19.222279,72.957979,pm10,19.0,35.0,26.0,21,good,22.3,86.8,19.1,2026,7,1,23,wednesday,summer,1261517.0,23.0,0,Evening,16.0,Moderate,High,Moderate
india,maharashtra,nashik,"midc ambad, nashik - mpcb",2026-07-01 23:00:00.000000000,19.95022,73.73148,co,11.0,18.0,15.0,22,good,31.0,69.8,19.3,2026,7,1,23,wednesday,summer,1289497.0,584.0,0,Evening,7.0,Warm,Moderate,Moderate
india,maharashtra,nashik,"hirawadi, nashik - mpcb",2026-07-01 23:00:00.000000000,20.021503,73.813844,no2,2.0,23.0,4.0,4,good,23.9,74.4,2.3,2026,7,1,23,wednesday,summer,1289497.0,584.0,0,Evening,21.0,Moderate,High,Low
india,maharashtra,nashik,"hirawadi, nashik - mpcb",2026-07-01 23:00:00.000000000,20.021503,73.813844,co,29.0,39.0,34.0,8,good,19.7,54.7,23.4,2026,7,1,23,wednesday,summer,1289497.0,584.0,0,Evening,10.0,Moderate,Moderate,High
india,maharashtra,nashik,"gangapur road, nashik - mpcb",2026-07-01 23:00:00.000000000,20.0073285,73.7762427,no2,5.0,5.0,5.0,42,good,36.3,39.4,5.8,2026,7,1,23,wednesday,summer,1289497.0,584.0,0,Evening,0.0,Hot,Low,Low
india,maharashtra,navi mumbai,"kopripada-vashi, navi mumbai - mpcb",2026-07-01 23:00:00.000000000,19.090337,73.014232,pm10,10.0,26.0,18.0,45,good,29.0,80.7,18.7,2026,7,1,23,wednesday,summer,2600000.0,14.0,0,Evening,16.0,Warm,High,Moderate
india,maharashtra,navi mumbai,"kopripada-vashi, navi mumbai - mpcb",2026-07-01 23:00:00.000000000,19.090337,73.014232,so2,1.0,14.0,11.0,23,good,37.1,57.9,4.4,2026,7,1,23,wednesday,summer,2600000.0,14.0,0,Evening,13.0,Hot,Moderate,Low
india,maharashtra,navi mumbai,"sector-2e kalamboli, navi mumbai - mpcb",2026-07-01 23:00:00.000000000,19.02579,73.10297,pm2.5,5.0,19.0,11.0,47,good,38.9,60.6,20.5,2026,7,1,23,wednesday,summer,2600000.0,14.0,0,Evening,14.0,Hot,Moderate,High
india,maharashtra,navi mumbai,"sector-2e kalamboli, navi mumbai - mpcb",2026-07-01 23:00:00.000000000,19.02579,73.10297,no2,10.0,19.0,15.0,3,good,20.6,48.3,27.4,2026,7,1,23,wednesday,summer,2600000.0,14.0,0,Evening,9.0,Moderate,Moderate,High
india,maharashtra,navi mumbai,"tondare-taloja, navi mumbai - mpcb",2026-07-01 23:00:00.000000000,19.063,73.1209,pm2.5,20.0,46.0,30.0,41,good,24.3,82.3,22.7,2026,7,1,23,wednesday,summer,2600000.0,14.0,0,Evening,26.0,Moderate,High,High
india,maharashtra,navi mumbai,"sanpada, navi mumbai - mpcb",2026-07-01 23:00:00.000000000,19.0575752,73.0151367,co,13.0,15.0,14.0,31,good,32.5,42.1,25.7,2026,7,1,23,wednesday,summer,2600000.0,14.0,0,Evening,2.0,Warm,Moderate,High
india,maharashtra,navi mumbai,"sanpada, navi mumbai - mpcb",2026-07-01 23:00:00.000000000,19.0575752,73.0151367,ozone,5.0,6.0,5.0,41,good,26.5,52.9,25.1,2026,7,1,23,wednesday,summer,2600000.0,14.0,0,Evening,1.0,Warm,Moderate,High
india,maharashtra,parbhani,"masoom colony, parbhani - mpcb",2026-07-01 23:00:00.000000000,19.265594,76.761463,so2,10.5,14.0,11.5,327,hazardous,32.3,30.7,11.7,2026,7,1,23,wednesday,summer,289629.0,421.0,0,Evening,3.5,Warm,Low,Moderate
india,maharashtra,thane,"upvan fort, thane - mpcb",2026-07-01 23:00:00.000000000,19.222279,72.957979,no2,15.0,44.0,27.0,3,good,19.3,69.0,21.9,2026,7,1,23,wednesday,summer,1261517.0,23.0,0,Evening,29.0,Moderate,Moderate,High
india,maharashtra,thane,"upvan fort, thane - mpcb",2026-07-01 23:00:00.000000000,19.222279,72.957979,nh3,4.0,9.0,6.0,35,good,33.5,59.5,2.6,2026,7,1,23,wednesday,summer,1261517.0,23.0,0,Evening,5.0,Warm,Moderate,Low
india,maharashtra,thane,"kasarvadavali, thane - mpcb",2026-07-01 23:00:00.000000000,19.26777,72.97182,so2,1.0,2.0,2.0,50,good,32.3,47.9,5.3,2026,7,1,23,wednesday,summer,1261517.0,23.0,0,Evening,1.0,Warm,Moderate,Low
india,maharashtra,thane,"kasarvadavali, thane - mpcb",2026-07-01 23:00:00.000000000,19.26777,72.97182,ozone,25.0,26.0,25.0,14,good,32.6,91.0,6.9,2026,7,1,23,wednesday,summer,1261517.0,23.0,0,Evening,1.0,Warm,High,Low
india,maharashtra,ulhasnagar,"vithalwadi, ulhasnagar - mpcb",2026-07-01 23:00:00.000000000,19.2307571,73.155192,pm10,15.5,23.5,19.0,418,hazardous,19.7,33.2,1.8,2026,7,1,23,wednesday,summer,516584.0,10.0,0,Evening,8.0,Moderate,Low,Low
india,maharashtra,ulhasnagar,"vithalwadi, ulhasnagar - mpcb",2026-07-01 23:00:00.000000000,19.2307571,73.155192,no2,6.0,21.0,13.0,16,good,33.5,85.5,5.8,2026,7,1,23,wednesday,summer,516584.0,10.0,0,Evening,15.0,Warm,High,Low
india,maharashtra,ulhasnagar,"vithalwadi, ulhasnagar - mpcb",2026-07-01 23:00:00.000000000,19.2307571,73.155192,ozone,11.0,14.0,13.0,10,good,15.5,30.3,19.1,2026,7,1,23,wednesday,summer,516584.0,10.0,0,Evening,3.0,Moderate,Low,Moderate
india,maharashtra,virar,"bolinj, virar - mpcb",2026-07-01 23:00:00.000000000,19.445821,72.7988231,so2,9.5,49.5,31.0,420,hazardous,33.2,45.2,5.2,2026,7,1,23,wednesday,summer,150357.0,9.0,0,Evening,40.0,Warm,Moderate,Low
india,maharashtra,virar,"bolinj, virar - mpcb",2026-07-01 23:00:00.000000000,19.445821,72.7988231,co,8.0,85.0,49.0,24,good,36.7,73.0,13.1,2026,7,1,23,wednesday,summer,150357.0,9.0,0,Evening,77.0,Hot,High,Moderate
india,maharashtra,virar,"bolinj, virar - mpcb",2026-07-01 23:00:00.000000000,19.445821,72.7988231,ozone,22.0,23.0,22.0,40,good,39.7,52.7,13.4,2026,7,1,23,wednesday,summer,150357.0,9.0,0,Evening,1.0,Hot,Moderate,Moderate
india,meghalaya,shillong,"lumpyngngad, shillong - meghalaya pcb",2026-07-01 23:00:00.000000000,25.5586,91.8985,pm2.5,16.0,17.0,16.5,302,hazardous,27.5,55.4,21.5,2026,7,1,23,wednesday,summer,132842.0,1507.0,0,Evening,1.0,Warm,Moderate,High
india,meghalaya,shillong,"lumpyngngad, shillong - meghalaya pcb",2026-07-01 23:00:00.000000000,25.5586,91.8985,pm10,13.0,14.0,13.75,467,hazardous,21.3,47.4,6.5,2026,7,1,23,wednesday,summer,132842.0,1507.0,0,Evening,1.0,Moderate,Moderate,Low
india,meghalaya,shillong,"lumpyngngad, shillong - meghalaya pcb",2026-07-01 23:00:00.000000000,25.5586,91.8985,so2,10.0,11.0,11.0,46,good,26.3,36.8,20.7,2026,7,1,23,wednesday,summer,132842.0,1507.0,0,Evening,1.0,Warm,Low,High
india,meghalaya,shillong,"jn stadium, shillong - meghalaya pcb",2026-07-01 23:00:00.000000000,25.5803419,91.8942571,ozone,5.0,8.0,6.0,44,good,28.4,89.4,2.8,2026,7,1,23,wednesday,summer,132842.0,1507.0,0,Evening,3.0,Warm,High,Low
india,rajasthan,bhiwadi,"vasundhara nagar_uit, bhiwadi - rspcb",2026-07-01 23:00:00.000000000,28.207266,76.829265,no2,11.0,35.0,21.0,23,good,15.4,79.2,23.6,2026,7,1,23,wednesday,summer,33831.0,268.0,0,Evening,24.0,Moderate,High,High
india,rajasthan,bikaner,"mm ground, bikaner - rspcb",2026-07-01 23:00:00.000000000,28.018792,73.292658,pm2.5,20.0,53.0,33.0,2,good,20.8,85.1,16.8,2026,7,1,23,wednesday,summer,576015.0,229.0,0,Evening,33.0,Moderate,High,Moderate
india,rajasthan,bikaner,"mm ground, bikaner - rspcb",2026-07-01 23:00:00.000000000,28.018792,73.292658,no2,7.0,54.0,19.0,0,good,28.4,52.8,13.5,2026,7,1,23,wednesday,summer,576015.0,229.0,0,Evening,47.0,Warm,Moderate,Moderate
india,rajasthan,bikaner,"mm ground, bikaner - rspcb",2026-07-01 23:00:00.000000000,28.018792,73.292658,nh3,1.0,2.0,1.0,49,good,33.5,44.1,6.7,2026,7,1,23,wednesday,summer,576015.0,229.0,0,Evening,1.0,Warm,Moderate,Low
india,rajasthan,bikaner,"mm ground, bikaner - rspcb",2026-07-01 23:00:00.000000000,28.018792,73.292658,co,27.0,101.0,57.0,76,moderate,24.6,64.4,8.3,2026,7,1,23,wednesday,summer,576015.0,229.0,0,Evening,74.0,Moderate,Moderate,Low
india,rajasthan,bundi,"new colony, bundi - rspcb",2026-07-01 23:00:00.000000000,25.435774,75.644272,pm2.5,7.0,48.0,23.0,33,good,15.6,50.5,13.9,2026,7,1,23,wednesday,summer,98569.0,274.0,0,Evening,41.0,Moderate,Moderate,Moderate
india,rajasthan,bundi,"new colony, bundi - rspcb",2026-07-01 23:00:00.000000000,25.435774,75.644272,no2,19.0,67.0,30.0,38,good,25.7,82.0,26.4,2026,7,1,23,wednesday,summer,98569.0,274.0,0,Evening,48.0,Warm,High,High
india,rajasthan,chittorgarh,"shastri nagar, chittorgarh - rspcb",2026-07-01 23:00:00.000000000,24.892047,74.623527,co,5.0,11.0,7.0,39,good,39.0,33.1,21.6,2026,7,1,23,wednesday,summer,106710.0,405.0,0,Evening,6.0,Hot,Low,High
india,rajasthan,churu,"subash chowk, churu - rspcb",2026-07-01 23:00:00.000000000,28.296139,74.961696,so2,3.0,5.0,4.0,24,good,19.8,62.6,24.6,2026,7,1,23,wednesday,summer,103533.0,291.0,0,Evening,2.0,Moderate,Moderate,High
india,rajasthan,churu,"subash chowk, churu - rspcb",2026-07-01 23:00:00.000000000,28.296139,74.961696,ozone,9.0,41.0,25.0,37,good,25.1,53.5,25.7,2026,7,1,23,wednesday,summer,103533.0,291.0,0,Evening,32.0,Warm,Moderate,High
india,rajasthan,dausa,"khatikan mohalla, dausa - rspcb",2026-07-01 23:00:00.000000000,26.895552,76.334753,pm10,23.0,144.0,84.0,95,moderate,21.6,77.2,29.2,2026,7,1,23,wednesday,summer,73034.0,353.0,0,Evening,121.0,Moderate,High,High
india,rajasthan,dungarpur,"bhoiwada, dungarpur - rspcb",2026-07-01 23:00:00.000000000,23.837789,73.714926,so2,4.0,8.0,6.0,46,good,15.7,39.1,1.5,2026,7,1,23,wednesday,summer,6105.0,139.0,0,Evening,4.0,Moderate,Low,Low
india,maharashtra,pune,"revenue colony-shivajinagar, pune - iitm",2026-07-01 23:00:00.000000000,18.530085,73.849598,pm10,16.0,36.0,23.0,44,good,34.0,47.1,1.4,2026,7,1,23,wednesday,summer,2935744.0,554.0,0,Evening,20.0,Warm,Moderate,Low
india,rajasthan,barmer,"railway colony, barmer - rspcb",2026-07-01 23:00:00.000000000,25.747299,71.393989,pm2.5,3.0,312.0,39.0,11,good,21.8,70.7,11.8,2026,7,1,23,wednesday,summer,89487.0,202.0,0,Evening,309.0,Moderate,High,Moderate
india,rajasthan,barmer,"railway colony, barmer - rspcb",2026-07-01 23:00:00.000000000,25.747299,71.393989,pm10,56.0,371.0,117.0,126,unhealthy for sensitive groups,17.2,85.9,12.2,2026,7,1,23,wednesday,summer,89487.0,202.0,0,Evening,315.0,Moderate,High,Moderate
india,rajasthan,barmer,"railway colony, barmer - rspcb",2026-07-01 23:00:00.000000000,25.747299,71.393989,ozone,23.0,43.0,34.0,27,good,24.3,55.8,2.7,2026,7,1,23,wednesday,summer,89487.0,202.0,0,Evening,20.0,Moderate,Moderate,Low
india,rajasthan,bharatpur,"krishna nagar, bharatpur - rspcb",2026-07-01 23:00:00.000000000,27.215415,77.50873,so2,2.0,6.0,3.0,38,good,19.6,32.5,19.3,2026,7,1,23,wednesday,summer,229384.0,180.0,0,Evening,4.0,Moderate,Low,Moderate
india,rajasthan,bhilwara,"pratap nagar, bhilwara - rspcb",2026-07-01 23:00:00.000000000,25.339605,74.618883,no2,10.0,27.0,18.0,44,good,28.6,65.1,18.5,2026,7,1,23,wednesday,summer,326431.0,419.0,0,Evening,17.0,Warm,Moderate,Moderate
india,rajasthan,bhilwara,"pratap nagar, bhilwara - rspcb",2026-07-01 23:00:00.000000000,25.339605,74.618883,ozone,19.0,51.0,32.0,19,good,25.6,52.2,3.2,2026,7,1,23,wednesday,summer,326431.0,419.0,0,Evening,32.0,Warm,Moderate,Low
india,rajasthan,kota,"nayapura, kota - rspcb",2026-07-01 23:00:00.000000000,25.196024,75.855668,so2,2.0,17.0,7.0,23,good,22.6,75.8,27.6,2026,7,1,23,wednesday,summer,763088.0,267.0,0,Evening,15.0,Moderate,High,High
india,rajasthan,kota,"dhanmandi, kota - rspcb",2026-07-01 23:00:00.000000000,25.16409,75.858137,nh3,2.0,4.0,3.0,27,good,27.0,42.1,1.9,2026,7,1,23,wednesday,summer,763088.0,267.0,0,Evening,2.0,Warm,Moderate,Low
india,rajasthan,kota,"dhanmandi, kota - rspcb",2026-07-01 23:00:00.000000000,25.16409,75.858137,so2,9.0,40.0,14.0,8,good,30.4,53.1,22.8,2026,7,1,23,wednesday,summer,763088.0,267.0,0,Evening,31.0,Warm,Moderate,High
india,rajasthan,kota,"shrinath puram, kota - rspcb",2026-07-01 23:00:00.000000000,25.14389,75.821256,nh3,4.0,9.0,6.0,39,good,30.1,64.1,8.9,2026,7,1,23,wednesday,summer,763088.0,267.0,0,Evening,5.0,Warm,Moderate,Low
india,rajasthan,nagaur,"karni colony, nagaur - rspcb",2026-07-01 23:00:00.000000000,27.213494,73.734444,pm2.5,15.0,57.0,29.0,2,good,27.7,57.2,25.6,2026,7,1,23,wednesday,summer,96847.0,305.0,0,Evening,42.0,Warm,Moderate,High
india,rajasthan,nagaur,"karni colony, nagaur - rspcb",2026-07-01 23:00:00.000000000,27.213494,73.734444,pm10,50.0,162.0,83.0,91,moderate,27.1,59.4,21.5,2026,7,1,23,wednesday,summer,96847.0,305.0,0,Evening,112.0,Warm,Moderate,High
india,rajasthan,nagaur,"karni colony, nagaur - rspcb",2026-07-01 23:00:00.000000000,27.213494,73.734444,no2,2.0,12.0,5.0,41,good,39.5,46.5,27.6,2026,7,1,23,wednesday,summer,96847.0,305.0,0,Evening,10.0,Hot,Moderate,High
india,rajasthan,nagaur,"karni colony, nagaur - rspcb",2026-07-01 23:00:00.000000000,27.213494,73.734444,co,10.0,15.0,12.0,13,good,20.8,56.1,19.7,2026,7,1,23,wednesday,summer,96847.0,305.0,0,Evening,5.0,Moderate,Moderate,Moderate
india,rajasthan,pali,"indira colony vistar, pali - rspcb",2026-07-01 23:00:00.000000000,25.771061,73.340227,so2,8.0,12.0,10.0,42,good,28.2,69.2,17.8,2026,7,1,23,wednesday,summer,21287.0,467.0,0,Evening,4.0,Warm,Moderate,Moderate
india,rajasthan,pratapgarh,"pragati nagar, pratapgarh - rspcb",2026-07-01 23:00:00.000000000,24.041198,74.780702,ozone,52.0,65.0,58.0,75,moderate,26.6,35.4,26.0,2026,7,1,23,wednesday,summer,13672.0,101.0,0,Evening,13.0,Warm,Low,High
india,rajasthan,rajsamand,"dhoinda, rajsamand - rspcb",2026-07-01 23:00:00.000000000,25.03636,73.883502,pm10,49.0,109.0,72.0,63,moderate,19.9,38.7,21.0,2026,7,1,23,wednesday,summer,63414.0,548.0,0,Evening,60.0,Moderate,Low,High
india,rajasthan,rajsamand,"dhoinda, rajsamand - rspcb",2026-07-01 23:00:00.000000000,25.03636,73.883502,nh3,4.0,8.0,6.0,47,good,22.6,64.5,5.3,2026,7,1,23,wednesday,summer,63414.0,548.0,0,Evening,4.0,Moderate,Moderate,Low
india,rajasthan,sawai madhopur,"sahu nagar, sawai madhopur - rspcb",2026-07-01 23:00:00.000000000,26.031443,76.359327,pm10,8.0,118.0,65.0,85,moderate,15.6,54.3,24.6,2026,7,1,23,wednesday,summer,108612.0,257.0,0,Evening,110.0,Moderate,Moderate,High
india,rajasthan,sawai madhopur,"sahu nagar, sawai madhopur - rspcb",2026-07-01 23:00:00.000000000,26.031443,76.359327,so2,2.0,7.0,4.0,45,good,34.7,66.8,20.2,2026,7,1,23,wednesday,summer,108612.0,257.0,0,Evening,5.0,Warm,Moderate,High
india,rajasthan,dungarpur,"bhoiwada, dungarpur - rspcb",2026-07-01 23:00:00.000000000,23.837789,73.714926,ozone,37.0,55.0,46.0,38,good,23.9,73.8,8.5,2026,7,1,23,wednesday,summer,6105.0,139.0,0,Evening,18.0,Moderate,High,Low
india,rajasthan,hanumangarh,"housing board, hanumangarh - rspcb",2026-07-01 23:00:00.000000000,29.61075,74.283608,pm10,78.0,155.0,113.0,141,unhealthy for sensitive groups,19.6,54.3,4.0,2026,7,1,23,wednesday,summer,155687.0,184.0,0,Evening,77.0,Moderate,Moderate,Low
india,rajasthan,hanumangarh,"housing board, hanumangarh - rspcb",2026-07-01 23:00:00.000000000,29.61075,74.283608,no2,1.0,16.0,5.0,11,good,29.6,86.5,13.1,2026,7,1,23,wednesday,summer,155687.0,184.0,0,Evening,15.0,Warm,High,Moderate
india,rajasthan,hanumangarh,"housing board, hanumangarh - rspcb",2026-07-01 23:00:00.000000000,29.61075,74.283608,nh3,2.0,11.0,5.0,18,good,24.8,32.9,21.7,2026,7,1,23,wednesday,summer,155687.0,184.0,0,Evening,9.0,Moderate,Low,High
india,rajasthan,jaipur,"shastri nagar, jaipur - rspcb",2026-07-01 23:00:00.000000000,26.9502929,75.730943,nh3,6.0,15.0,10.0,6,good,20.7,59.2,1.5,2026,7,1,23,wednesday,summer,2711758.0,435.0,0,Evening,9.0,Moderate,Moderate,Low
india,rajasthan,jaipur,"shastri nagar, jaipur - rspcb",2026-07-01 23:00:00.000000000,26.9502929,75.730943,so2,12.0,27.0,16.0,7,good,18.2,59.4,21.9,2026,7,1,23,wednesday,summer,2711758.0,435.0,0,Evening,15.0,Moderate,Moderate,High
india,rajasthan,jaipur,"sector-2 murlipura, jaipur - rspcb",2026-07-01 23:00:00.000000000,26.960669,75.771817,pm2.5,25.0,68.0,45.0,0,good,16.5,76.9,17.8,2026,7,1,23,wednesday,summer,2711758.0,435.0,0,Evening,43.0,Moderate,High,Moderate
india,rajasthan,jaipur,"riico sitapura, jaipur - rspcb",2026-07-01 23:00:00.000000000,26.786682,75.827928,pm2.5,7.0,73.0,41.0,47,good,20.9,86.2,25.1,2026,7,1,23,wednesday,summer,2711758.0,435.0,0,Evening,66.0,Moderate,High,High
india,rajasthan,jaipur,"mansarovar sector-12, jaipur - rspcb",2026-07-01 23:00:00.000000000,26.843698,75.766894,so2,2.0,5.0,3.0,30,good,35.6,47.2,2.3,2026,7,1,23,wednesday,summer,2711758.0,435.0,0,Evening,3.0,Hot,Moderate,Low
india,rajasthan,jaisalmer,"sadar bazar, jaisalmer - rspcb",2026-07-01 23:00:00.000000000,26.912329,70.909168,no2,3.0,11.0,6.0,0,good,30.2,50.7,0.9,2026,7,1,23,wednesday,summer,67604.0,234.0,0,Evening,8.0,Warm,Moderate,Low
india,rajasthan,jhalawar,"rajlaxmi nagar, jhalawar - rspcb",2026-07-01 23:00:00.000000000,24.588397,76.172782,pm10,27.0,109.0,54.0,62,moderate,36.0,39.0,9.8,2026,7,1,23,wednesday,summer,51884.0,322.0,0,Evening,82.0,Hot,Low,Low
india,rajasthan,jhalawar,"rajlaxmi nagar, jhalawar - rspcb",2026-07-01 23:00:00.000000000,24.588397,76.172782,no2,10.0,24.0,18.0,39,good,17.3,91.9,9.7,2026,7,1,23,wednesday,summer,51884.0,322.0,0,Evening,14.0,Moderate,High,Low
india,tamil nadu,chennai,"kodungaiyur, chennai - tnpcb",2026-07-01 23:00:00.000000000,13.1278,80.2642,so2,4.0,8.0,6.0,3,good,25.3,74.2,23.5,2026,7,1,23,wednesday,summer,4328063.0,14.0,0,Evening,4.0,Warm,High,High
india,tamil nadu,chennai,"velachery res. area, chennai - cpcb",2026-07-01 23:00:00.000000000,13.0052189,80.2398125,ozone,12.0,13.0,12.0,0,good,31.5,40.7,23.7,2026,7,1,23,wednesday,summer,4328063.0,14.0,0,Evening,1.0,Warm,Moderate,High
india,tamil nadu,chennai,"perungudi, chennai - tnpcb",2026-07-01 23:00:00.000000000,12.9533,80.2357,pm2.5,9.0,162.0,60.0,100,moderate,16.2,39.5,5.4,2026,7,1,23,wednesday,summer,4328063.0,14.0,0,Evening,153.0,Moderate,Low,Low
india,tamil nadu,chennai,"perungudi, chennai - tnpcb",2026-07-01 23:00:00.000000000,12.9533,80.2357,pm10,12.0,86.0,43.0,20,good,27.5,65.5,4.5,2026,7,1,23,wednesday,summer,4328063.0,14.0,0,Evening,74.0,Warm,Moderate,Low
india,tamil nadu,chennai,"perungudi, chennai - tnpcb",2026-07-01 23:00:00.000000000,12.9533,80.2357,co,21.0,38.0,32.0,12,good,23.3,51.8,0.9,2026,7,1,23,wednesday,summer,4328063.0,14.0,0,Evening,17.0,Moderate,Moderate,Low
india,tamil nadu,chennai,"perungudi, chennai - tnpcb",2026-07-01 23:00:00.000000000,12.9533,80.2357,ozone,1.0,4.0,2.0,40,good,30.4,62.6,6.5,2026,7,1,23,wednesday,summer,4328063.0,14.0,0,Evening,3.0,Warm,Moderate,Low
india,tamil nadu,chennai,"arumbakkam, chennai - tnpcb",2026-07-01 23:00:00.000000000,13.0664,80.2112,no2,9.0,18.0,14.0,4,good,18.3,48.2,3.7,2026,7,1,23,wednesday,summer,4328063.0,14.0,0,Evening,9.0,Moderate,Moderate,Low
india,tamil nadu,chennai,"manali village, chennai - tnpcb",2026-07-01 23:00:00.000000000,13.1662,80.2584,no2,0.0,8.0,4.0,20,good,38.2,50.9,3.9,2026,7,1,23,wednesday,summer,4328063.0,14.0,0,Evening,8.0,Hot,Moderate,Low
india,tamil nadu,chennai,"manali village, chennai - tnpcb",2026-07-01 23:00:00.000000000,13.1662,80.2584,nh3,2.0,8.0,3.0,8,good,38.6,85.1,2.4,2026,7,1,23,wednesday,summer,4328063.0,14.0,0,Evening,6.0,Hot,High,Low
india,tamil nadu,chennai,"manali village, chennai - tnpcb",2026-07-01 23:00:00.000000000,13.1662,80.2584,co,28.0,33.0,31.0,17,good,18.3,40.2,17.9,2026,7,1,23,wednesday,summer,4328063.0,14.0,0,Evening,5.0,Moderate,Moderate,Moderate
india,tamil nadu,chennai,"manali, chennai - cpcb",2026-07-01 23:00:00.000000000,13.164544,80.26285,pm10,12.0,123.0,66.0,71,moderate,16.0,62.9,12.9,2026,7,1,23,wednesday,summer,4328063.0,14.0,0,Evening,111.0,Moderate,Moderate,Moderate
india,tamil nadu,chennai,"royapuram, chennai - tnpcb",2026-07-01 23:00:00.000000000,13.1036,80.2909,pm2.5,36.0,44.0,40.0,11,good,36.2,57.0,0.2,2026,7,1,23,wednesday,summer,4328063.0,14.0,0,Evening,8.0,Hot,Moderate,Low
india,tamil nadu,chennai,"royapuram, chennai - tnpcb",2026-07-01 23:00:00.000000000,13.1036,80.2909,co,50.0,59.0,54.0,78,moderate,20.2,87.0,0.1,2026,7,1,23,wednesday,summer,4328063.0,14.0,0,Evening,9.0,Moderate,High,Low
india,tamil nadu,coimbatore,"sidco kurichi, coimbatore - tnpcb",2026-07-01 23:00:00.000000000,10.942451,76.978996,pm2.5,39.0,45.75,42.0,315,hazardous,25.9,74.5,28.4,2026,7,1,23,wednesday,summer,959823.0,425.0,0,Evening,6.75,Warm,High,High
india,tamil nadu,cuddalore,"semmandalam, cuddalore - tnpcb",2026-07-01 23:00:00.000000000,11.7637683,79.7499835,pm10,28.0,32.5,30.0,409,hazardous,38.5,74.4,19.1,2026,7,1,23,wednesday,summer,158569.0,13.0,0,Evening,4.5,Hot,High,Moderate
india,tamil nadu,cuddalore,"semmandalam, cuddalore - tnpcb",2026-07-01 23:00:00.000000000,11.7637683,79.7499835,co,17.0,19.25,18.0,448,hazardous,17.7,89.0,21.8,2026,7,1,23,wednesday,summer,158569.0,13.0,0,Evening,2.25,Moderate,High,High
india,uttar pradesh,agra,"manoharpur, agra - uppcb",2026-07-01 23:00:00.000000000,27.23711,78.01936,ozone,6.0,6.0,6.0,21,good,25.5,36.3,14.5,2026,7,1,23,wednesday,summer,1430055.0,166.0,0,Evening,0.0,Warm,Low,Moderate
india,uttar pradesh,agra,"sanjay palace, agra - uppcb",2026-07-01 23:00:00.000000000,27.19865833,78.00598056,ozone,10.0,20.0,16.0,4,good,25.1,85.5,13.3,2026,7,1,23,wednesday,summer,1430055.0,166.0,0,Evening,10.0,Warm,High,Moderate
india,uttar pradesh,agra,"shahjahan garden, agra - uppcb",2026-07-01 23:00:00.000000000,27.169338,78.03582,no2,5.0,17.0,13.0,25,good,18.3,55.3,10.5,2026,7,1,23,wednesday,summer,1430055.0,166.0,0,Evening,12.0,Moderate,Moderate,Moderate
india,uttar pradesh,agra,"shahjahan garden, agra - uppcb",2026-07-01 23:00:00.000000000,27.169338,78.03582,ozone,16.0,24.0,19.0,32,good,21.0,57.3,22.8,2026,7,1,23,wednesday,summer,1430055.0,166.0,0,Evening,8.0,Moderate,Moderate,High
india,uttar pradesh,agra,"rohta, agra - uppcb",2026-07-01 23:00:00.000000000,27.106972,78.000111,pm2.5,12.0,106.0,44.0,22,good,23.1,34.3,7.2,2026,7,1,23,wednesday,summer,1430055.0,166.0,0,Evening,94.0,Moderate,Low,Low
india,uttar pradesh,agra,"rohta, agra - uppcb",2026-07-01 23:00:00.000000000,27.106972,78.000111,pm10,40.0,162.0,73.0,79,moderate,29.6,31.0,10.7,2026,7,1,23,wednesday,summer,1430055.0,166.0,0,Evening,122.0,Warm,Low,Moderate
india,uttar pradesh,agra,"rohta, agra - uppcb",2026-07-01 23:00:00.000000000,27.106972,78.000111,so2,5.0,12.0,8.0,49,good,18.5,32.2,22.7,2026,7,1,23,wednesday,summer,1430055.0,166.0,0,Evening,7.0,Moderate,Low,High
india,uttar pradesh,agra,"sector-3b avas vikas colony, agra - uppcb",2026-07-01 23:00:00.000000000,27.19412,77.96237,pm2.5,10.0,130.0,56.0,53,moderate,36.7,71.7,17.5,2026,7,1,23,wednesday,summer,1430055.0,166.0,0,Evening,120.0,Hot,High,Moderate
india,uttar pradesh,agra,"sector-3b avas vikas colony, agra - uppcb",2026-07-01 23:00:00.000000000,27.19412,77.96237,pm10,29.0,141.0,75.0,95,moderate,34.6,79.5,22.2,2026,7,1,23,wednesday,summer,1430055.0,166.0,0,Evening,112.0,Warm,High,High
india,uttar pradesh,baghpat,"sardar patel inter college, baghpat - uppcb",2026-07-01 23:00:00.000000000,28.964949,77.278761,pm10,22.0,96.0,63.0,68,moderate,38.5,79.4,11.5,2026,7,1,23,wednesday,summer,41766.0,227.0,0,Evening,74.0,Hot,High,Moderate
india,uttar pradesh,baghpat,"sardar patel inter college, baghpat - uppcb",2026-07-01 23:00:00.000000000,28.964949,77.278761,nh3,1.0,4.0,2.0,29,good,21.1,94.3,7.7,2026,7,1,23,wednesday,summer,41766.0,227.0,0,Evening,3.0,Moderate,High,Low
india,uttar pradesh,baghpat,"sardar patel inter college, baghpat - uppcb",2026-07-01 23:00:00.000000000,28.964949,77.278761,co,14.0,34.0,21.0,36,good,27.3,45.5,26.6,2026,7,1,23,wednesday,summer,41766.0,227.0,0,Evening,20.0,Warm,Moderate,High
india,uttar pradesh,bareilly,"rajendra nagar, bareilly - uppcb",2026-07-01 23:00:00.000000000,28.38910936,79.42963708,pm10,10.5,32.0,15.5,401,hazardous,30.9,73.6,20.3,2026,7,1,23,wednesday,summer,745435.0,178.0,0,Evening,21.5,Warm,High,High
india,uttar pradesh,bareilly,"rajendra nagar, bareilly - uppcb",2026-07-01 23:00:00.000000000,28.38910936,79.42963708,no2,7.0,30.0,10.0,14,good,26.2,65.2,26.1,2026,7,1,23,wednesday,summer,745435.0,178.0,0,Evening,23.0,Warm,Moderate,High
india,uttar pradesh,bareilly,"civil lines, bareilly - uppcb",2026-07-01 23:00:00.000000000,28.359581,79.414455,no2,8.0,9.0,8.0,34,good,25.4,54.3,20.8,2026,7,1,23,wednesday,summer,745435.0,178.0,0,Evening,1.0,Warm,Moderate,High
india,uttar pradesh,bareilly,"civil lines, bareilly - uppcb",2026-07-01 23:00:00.000000000,28.359581,79.414455,so2,8.5,35.5,22.0,469,hazardous,23.4,55.3,1.7,2026,7,1,23,wednesday,summer,745435.0,178.0,0,Evening,27.0,Moderate,Moderate,Low
india,uttar pradesh,bulandshahr,"yamunapuram, bulandshahr - uppcb",2026-07-01 23:00:00.000000000,28.406963,77.849831,pm2.5,9.0,62.0,36.0,9,good,21.5,62.2,11.0,2026,7,1,23,wednesday,summer,198612.0,210.0,0,Evening,53.0,Moderate,Moderate,Moderate
india,uttar pradesh,bulandshahr,"yamunapuram, bulandshahr - uppcb",2026-07-01 23:00:00.000000000,28.406963,77.849831,co,26.0,42.0,34.0,43,good,20.8,63.7,14.9,2026,7,1,23,wednesday,summer,198612.0,210.0,0,Evening,16.0,Moderate,Moderate,Moderate
india,uttar pradesh,firozabad,"vibhab nagar, firozabad - uppcb",2026-07-01 23:00:00.000000000,27.1594,78.3953,co,17.0,20.0,18.0,49,good,23.0,74.1,3.0,2026,7,1,23,wednesday,summer,306409.0,169.0,0,Evening,3.0,Moderate,High,Low
india,uttar pradesh,firozabad,"nagla bhau, firozabad - uppcb",2026-07-01 23:00:00.000000000,27.168897,78.37696,pm2.5,16.5,18.5,17.5,315,hazardous,21.9,44.2,25.1,2026,7,1,23,wednesday,summer,306409.0,169.0,0,Evening,2.0,Moderate,Moderate,High
india,uttar pradesh,firozabad,"nagla bhau, firozabad - uppcb",2026-07-01 23:00:00.000000000,27.168897,78.37696,no2,16.0,17.0,17.0,43,good,27.8,79.9,19.9,2026,7,1,23,wednesday,summer,306409.0,169.0,0,Evening,1.0,Warm,High,Moderate
india,uttar pradesh,firozabad,"nagla bhau, firozabad - uppcb",2026-07-01 23:00:00.000000000,27.168897,78.37696,co,14.0,17.0,16.0,22,good,37.8,54.9,6.7,2026,7,1,23,wednesday,summer,306409.0,169.0,0,Evening,3.0,Hot,Moderate,Low
india,uttar pradesh,ghaziabad,"loni, ghaziabad - uppcb",2026-07-01 23:00:00.000000000,28.757294,77.278792,pm10,7.0,15.5,9.5,331,hazardous,18.4,78.2,24.0,2026,7,1,23,wednesday,summer,1199191.0,214.0,0,Evening,8.5,Moderate,High,High
india,uttar pradesh,ghaziabad,"loni, ghaziabad - uppcb",2026-07-01 23:00:00.000000000,28.757294,77.278792,nh3,0.0,14.0,3.0,22,good,30.3,30.8,10.2,2026,7,1,23,wednesday,summer,1199191.0,214.0,0,Evening,14.0,Warm,Low,Moderate
india,uttar pradesh,ghaziabad,"vasundhara, ghaziabad - uppcb",2026-07-01 23:00:00.000000000,28.6603346,77.3572563,pm2.5,42.0,102.0,61.0,63,moderate,39.3,40.8,14.5,2026,7,1,23,wednesday,summer,1199191.0,214.0,0,Evening,60.0,Hot,Moderate,Moderate
india,uttar pradesh,ghaziabad,"ved vihar-loni, ghaziabad - uppcb",2026-07-01 23:00:00.000000000,28.739153,77.273668,pm10,49.0,135.0,91.0,95,moderate,34.8,42.0,5.4,2026,7,1,23,wednesday,summer,1199191.0,214.0,0,Evening,86.0,Warm,Moderate,Low
india,tamil nadu,madurai,"uchapatti, madurai - tnpcb",2026-07-01 23:00:00.000000000,9.865935,78.022669,no2,14.0,27.33333333333333,20.33333333333333,477,hazardous,33.8,42.6,28.1,2026,7,1,23,wednesday,summer,909908.0,138.0,0,Evening,13.333333333333329,Warm,Moderate,High
india,telangana,hyderabad,"new malakpet, hyderabad - tspcb",2026-07-01 23:00:00.000000000,17.37206,78.50864,co,21.0,40.0,30.0,12,good,38.8,78.5,25.2,2026,7,1,23,wednesday,summer,3597816.0,515.0,0,Evening,19.0,Hot,High,High
india,telangana,hyderabad,"new malakpet, hyderabad - tspcb",2026-07-01 23:00:00.000000000,17.37206,78.50864,ozone,14.0,28.0,23.0,12,good,34.1,36.3,27.8,2026,7,1,23,wednesday,summer,3597816.0,515.0,0,Evening,14.0,Warm,Low,High
india,telangana,hyderabad,"ramachandrapuram, hyderabad - tspcb",2026-07-01 23:00:00.000000000,17.528544,78.286195,no2,15.0,17.0,16.0,7,good,30.1,78.8,18.9,2026,7,1,23,wednesday,summer,3597816.0,515.0,0,Evening,2.0,Warm,High,Moderate
india,telangana,hyderabad,"kompally municipal office, hyderabad - tspcb",2026-07-01 23:00:00.000000000,17.544899,78.486949,so2,10.5,12.5,11.5,408,hazardous,37.6,39.2,16.6,2026,7,1,23,wednesday,summer,3597816.0,515.0,0,Evening,2.0,Hot,Low,Moderate
india,telangana,hyderabad,"central university, hyderabad - tspcb",2026-07-01 23:00:00.000000000,17.460103,78.334361,co,6.0,8.0,7.0,42,good,28.1,77.7,18.9,2026,7,1,23,wednesday,summer,3597816.0,515.0,0,Evening,2.0,Warm,High,Moderate
india,telangana,hyderabad,"ida pashamylaram, hyderabad - tspcb",2026-07-01 23:00:00.000000000,17.5316895,78.218939,no2,12.0,38.0,24.0,45,good,30.0,44.1,6.1,2026,7,1,23,wednesday,summer,3597816.0,515.0,0,Evening,26.0,Warm,Moderate,Low
india,telangana,hyderabad,"ida pashamylaram, hyderabad - tspcb",2026-07-01 23:00:00.000000000,17.5316895,78.218939,so2,5.0,18.0,11.0,33,good,15.5,41.2,11.9,2026,7,1,23,wednesday,summer,3597816.0,515.0,0,Evening,13.0,Moderate,Moderate,Moderate
india,rajasthan,jhunjhunu,"indra nagar, jhunjhunu - rspcb",2026-07-01 23:00:00.000000000,28.108988,75.386577,co,18.0,36.0,27.0,1,good,28.0,78.2,25.2,2026,7,1,23,wednesday,summer,113193.0,343.0,0,Evening,18.0,Warm,High,High
india,rajasthan,jodhpur,"mandor, jodhpur - rspcb",2026-07-01 23:00:00.000000000,26.358805,73.047444,so2,3.0,6.0,4.0,40,good,28.2,78.0,10.9,2026,7,1,23,wednesday,summer,47329.0,99.0,0,Evening,3.0,Warm,High,Moderate
india,rajasthan,jodhpur,"mandor, jodhpur - rspcb",2026-07-01 23:00:00.000000000,26.358805,73.047444,co,10.0,17.0,14.0,46,good,34.9,87.0,28.0,2026,7,1,23,wednesday,summer,47329.0,99.0,0,Evening,7.0,Warm,High,High
india,rajasthan,jodhpur,"samrat ashok udhyan, jodhpur - rspcb",2026-07-01 23:00:00.000000000,26.253384,72.976571,co,14.0,17.0,15.0,42,good,16.9,86.9,1.6,2026,7,1,23,wednesday,summer,47329.0,99.0,0,Evening,3.0,Moderate,High,Low
india,rajasthan,jodhpur,"digari kalan, jodhpur - rspcb",2026-07-01 23:00:00.000000000,26.29581,73.082283,pm10,45.0,145.0,68.0,62,moderate,24.3,91.1,27.2,2026,7,1,23,wednesday,summer,47329.0,99.0,0,Evening,100.0,Moderate,High,High
india,rajasthan,jodhpur,"digari kalan, jodhpur - rspcb",2026-07-01 23:00:00.000000000,26.29581,73.082283,nh3,4.0,10.0,6.0,24,good,20.8,93.1,12.5,2026,7,1,23,wednesday,summer,47329.0,99.0,0,Evening,6.0,Moderate,High,Moderate
india,rajasthan,jodhpur,"collectorate, jodhpur - rspcb",2026-07-01 23:00:00.000000000,26.268249,73.0193853,co,5.0,76.0,35.0,44,good,22.4,91.6,23.2,2026,7,1,23,wednesday,summer,47329.0,99.0,0,Evening,71.0,Moderate,High,High
india,rajasthan,jodhpur,"jhalamand, jodhpur - rspcb",2026-07-01 23:00:00.000000000,26.215415,73.070156,pm10,59.0,170.0,88.0,57,moderate,37.5,89.8,17.6,2026,7,1,23,wednesday,summer,47329.0,99.0,0,Evening,111.0,Hot,High,Moderate
india,rajasthan,jodhpur,"jhalamand, jodhpur - rspcb",2026-07-01 23:00:00.000000000,26.215415,73.070156,co,7.0,10.0,8.0,17,good,35.0,94.9,14.6,2026,7,1,23,wednesday,summer,47329.0,99.0,0,Evening,3.0,Hot,High,Moderate
india,rajasthan,karauli,"satyawati vihar, karauli - rspcb",2026-07-01 23:00:00.000000000,26.506177,77.025989,no2,20.0,48.0,35.0,23,good,25.1,82.4,4.3,2026,7,1,23,wednesday,summer,73717.0,272.0,0,Evening,28.0,Warm,High,Low
india,telangana,hyderabad,"zoo park, hyderabad - tspcb",2026-07-01 23:00:00.000000000,17.349694,78.451437,pm2.5,3.0,16.0,8.0,42,good,26.5,70.9,8.1,2026,7,1,23,wednesday,summer,3597816.0,515.0,0,Evening,13.0,Warm,High,Low
india,telangana,hyderabad,"ecil kapra, hyderabad - tspcb",2026-07-01 23:00:00.000000000,17.470431,78.566959,nh3,3.0,7.0,5.0,24,good,24.0,86.8,29.1,2026,7,1,23,wednesday,summer,3597816.0,515.0,0,Evening,4.0,Moderate,High,High
india,telangana,hyderabad,"nacharam_tsiic iala, hyderabad - tspcb",2026-07-01 23:00:00.000000000,17.429398,78.569354,no2,12.0,20.0,15.0,13,good,22.0,35.3,20.3,2026,7,1,23,wednesday,summer,3597816.0,515.0,0,Evening,8.0,Moderate,Low,High
india,telangana,hyderabad,"somajiguda, hyderabad - tspcb",2026-07-01 23:00:00.000000000,17.417094,78.457437,nh3,3.0,4.0,3.0,27,good,19.8,58.6,16.6,2026,7,1,23,wednesday,summer,3597816.0,515.0,0,Evening,1.0,Moderate,Moderate,Moderate
india,telangana,hyderabad,"icrisat patancheru, hyderabad - tspcb",2026-07-01 23:00:00.000000000,17.5184,78.278777,no2,4.0,13.0,8.0,37,good,32.6,37.5,29.5,2026,7,1,23,wednesday,summer,3597816.0,515.0,0,Evening,9.0,Warm,Low,High
india,telangana,hyderabad,"icrisat patancheru, hyderabad - tspcb",2026-07-01 23:00:00.000000000,17.5184,78.278777,so2,2.0,13.0,7.0,12,good,17.9,89.9,22.3,2026,7,1,23,wednesday,summer,3597816.0,515.0,0,Evening,11.0,Moderate,High,High
india,telangana,hyderabad,"kokapet, hyderabad - tspcb",2026-07-01 23:00:00.000000000,17.393559,78.339194,so2,6.0,11.0,9.0,15,good,38.1,57.2,9.8,2026,7,1,23,wednesday,summer,3597816.0,515.0,0,Evening,5.0,Hot,Moderate,Low
india,tripura,agartala,"bardowali, agartala - tripura spcb",2026-07-01 23:00:00.000000000,23.8175497,91.2726974,pm10,30.0,103.0,60.0,94,moderate,33.0,77.8,19.4,2026,7,1,23,wednesday,summer,203264.0,15.0,0,Evening,73.0,Warm,High,Moderate
india,tripura,agartala,"bardowali, agartala - tripura spcb",2026-07-01 23:00:00.000000000,23.8175497,91.2726974,so2,8.0,9.0,9.0,44,good,16.0,45.7,7.6,2026,7,1,23,wednesday,summer,203264.0,15.0,0,Evening,1.0,Moderate,Moderate,Low
india,rajasthan,sirohi,"vedhaynath colony, sirohi - rspcb",2026-07-01 23:00:00.000000000,24.885261,72.857549,ozone,25.0,35.0,31.0,46,good,28.0,70.2,15.3,2026,7,1,23,wednesday,summer,38610.0,294.0,0,Evening,10.0,Warm,High,Moderate
india,rajasthan,sri ganganagar,"old city, sri ganganagar - rspcb",2026-07-01 23:00:00.000000000,29.931624,73.864511,pm2.5,35.0,90.0,60.0,73,moderate,21.7,57.5,13.7,2026,7,1,23,wednesday,summer,231838.0,176.0,0,Evening,55.0,Moderate,Moderate,Moderate
india,rajasthan,udaipur,"ashok nagar, udaipur - rspcb",2026-07-01 23:00:00.000000000,24.5886166,73.6321397,nh3,2.0,5.0,3.0,43,good,22.4,59.6,13.8,2026,7,1,23,wednesday,summer,422784.0,565.0,0,Evening,3.0,Moderate,Moderate,Moderate
india,sikkim,gangtok,"zero point gici, gangtok - sspcb",2026-07-01 23:00:00.000000000,27.33853,88.614099,no2,7.0,8.0,8.0,29,good,35.4,91.2,22.5,2026,7,1,23,wednesday,summer,30700.0,1654.0,0,Evening,1.0,Hot,High,High
india,sikkim,gangtok,"zero point gici, gangtok - sspcb",2026-07-01 23:00:00.000000000,27.33853,88.614099,nh3,1.0,15.0,2.0,38,good,21.1,68.7,9.5,2026,7,1,23,wednesday,summer,30700.0,1654.0,0,Evening,14.0,Moderate,Moderate,Low
india,uttar pradesh,gorakhpur,"madan mohan malaviya university of technology, gorakhpur - uppcb",2026-07-01 23:00:00.000000000,26.730136,83.433859,no2,11.0,11.0,11.0,23,good,29.6,70.3,26.5,2026,7,1,23,wednesday,summer,674246.0,83.0,0,Evening,0.0,Warm,High,High
india,uttar pradesh,gorakhpur,"madan mohan malaviya university of technology, gorakhpur - uppcb",2026-07-01 23:00:00.000000000,26.730136,83.433859,co,5.0,5.0,5.0,11,good,22.2,33.5,24.5,2026,7,1,23,wednesday,summer,674246.0,83.0,0,Evening,0.0,Moderate,Low,High
india,uttar pradesh,greater noida,"knowledge park - v, greater noida - uppcb",2026-07-01 23:00:00.000000000,28.557054,77.453663,no2,3.0,11.0,6.5,433,hazardous,29.8,87.0,3.5,2026,7,1,23,wednesday,summer,293908.0,212.0,0,Evening,8.0,Warm,High,Low
india,uttar pradesh,greater noida,"knowledge park - v, greater noida - uppcb",2026-07-01 23:00:00.000000000,28.557054,77.453663,so2,1.0,17.0,8.0,21,good,38.7,93.3,12.3,2026,7,1,23,wednesday,summer,293908.0,212.0,0,Evening,16.0,Hot,High,Moderate
india,uttar pradesh,greater noida,"knowledge park - iii, greater noida - uppcb",2026-07-01 23:00:00.000000000,28.47272,77.482,pm2.5,16.0,70.0,42.0,11,good,20.3,56.6,28.5,2026,7,1,23,wednesday,summer,293908.0,212.0,0,Evening,54.0,Moderate,Moderate,High
india,uttar pradesh,greater noida,"knowledge park - iii, greater noida - uppcb",2026-07-01 23:00:00.000000000,28.47272,77.482,pm10,39.0,142.0,90.0,87,moderate,23.2,59.3,23.6,2026,7,1,23,wednesday,summer,293908.0,212.0,0,Evening,103.0,Moderate,Moderate,High
india,uttar pradesh,greater noida,"knowledge park - iii, greater noida - uppcb",2026-07-01 23:00:00.000000000,28.47272,77.482,no2,7.0,28.0,16.0,37,good,16.7,48.0,13.4,2026,7,1,23,wednesday,summer,293908.0,212.0,0,Evening,21.0,Moderate,Moderate,Moderate
india,uttar pradesh,greater noida,"knowledge park - iii, greater noida - uppcb",2026-07-01 23:00:00.000000000,28.47272,77.482,nh3,12.0,19.0,14.0,37,good,17.2,58.0,24.1,2026,7,1,23,wednesday,summer,293908.0,212.0,0,Evening,7.0,Moderate,Moderate,High
india,uttar pradesh,hapur,"anand vihar, hapur - uppcb",2026-07-01 23:00:00.000000000,28.725645,77.749675,pm10,15.0,90.0,54.0,100,moderate,37.2,31.7,26.3,2026,7,1,23,wednesday,summer,242920.0,219.0,0,Evening,75.0,Hot,Low,High
india,uttar pradesh,hapur,"anand vihar, hapur - uppcb",2026-07-01 23:00:00.000000000,28.725645,77.749675,co,40.0,46.0,44.0,35,good,28.0,92.2,9.5,2026,7,1,23,wednesday,summer,242920.0,219.0,0,Evening,6.0,Warm,High,Low
india,uttar pradesh,jhansi,"shivaji nagar, jhansi - uppcb",2026-07-01 23:00:00.000000000,25.4547,78.6039,pm2.5,3.0,122.0,19.0,12,good,18.1,83.1,2.9,2026,7,1,23,wednesday,summer,412927.0,248.0,0,Evening,119.0,Moderate,High,Low
india,uttar pradesh,jhansi,"shivaji nagar, jhansi - uppcb",2026-07-01 23:00:00.000000000,25.4547,78.6039,no2,6.0,6.0,6.0,41,good,20.3,62.3,29.0,2026,7,1,23,wednesday,summer,412927.0,248.0,0,Evening,0.0,Moderate,Moderate,High
india,uttar pradesh,kanpur,"nehru nagar, kanpur - uppcb",2026-07-01 23:00:00.000000000,26.4703136,80.3229863,pm2.5,28.0,59.0,41.0,16,good,26.3,64.6,19.4,2026,7,1,23,wednesday,summer,2823249.0,137.0,0,Evening,31.0,Warm,Moderate,Moderate
india,uttar pradesh,kanpur,"nehru nagar, kanpur - uppcb",2026-07-01 23:00:00.000000000,26.4703136,80.3229863,nh3,25.0,115.5,47.5,499,hazardous,34.0,69.3,13.5,2026,7,1,23,wednesday,summer,2823249.0,137.0,0,Evening,90.5,Warm,Moderate,Moderate
india,uttar pradesh,kanpur,"fti kidwai nagar, kanpur - uppcb",2026-07-01 23:00:00.000000000,26.428282,80.327067,pm10,22.0,172.0,54.0,83,moderate,25.8,36.5,26.6,2026,7,1,23,wednesday,summer,2823249.0,137.0,0,Evening,150.0,Warm,Low,High
india,uttar pradesh,kanpur,"fti kidwai nagar, kanpur - uppcb",2026-07-01 23:00:00.000000000,26.428282,80.327067,so2,9.0,18.0,12.0,43,good,36.4,38.7,29.3,2026,7,1,23,wednesday,summer,2823249.0,137.0,0,Evening,9.0,Hot,Low,High
india,uttar pradesh,noida,"sector - 125, noida - uppcb",2026-07-01 23:00:00.000000000,28.5447608,77.3231257,so2,3.0,6.0,5.0,3,good,34.6,60.7,14.5,2026,7,1,23,wednesday,summer,293908.0,206.0,0,Evening,3.0,Warm,Moderate,Moderate
india,uttar pradesh,noida,"sector - 125, noida - uppcb",2026-07-01 23:00:00.000000000,28.5447608,77.3231257,ozone,8.0,29.0,18.0,26,good,25.5,65.0,20.7,2026,7,1,23,wednesday,summer,293908.0,206.0,0,Evening,21.0,Warm,Moderate,High
india,uttar pradesh,noida,"sector - 62, noida - iitm",2026-07-01 23:00:00.000000000,28.6245479,77.3577104,no2,3.0,12.0,6.0,39,good,26.2,70.8,20.7,2026,7,1,23,wednesday,summer,293908.0,206.0,0,Evening,9.0,Warm,High,High
india,uttar pradesh,noida,"sector - 62, noida - iitm",2026-07-01 23:00:00.000000000,28.6245479,77.3577104,so2,8.0,13.0,9.5,465,hazardous,31.7,78.7,11.9,2026,7,1,23,wednesday,summer,293908.0,206.0,0,Evening,5.0,Warm,High,Moderate
india,uttar pradesh,noida,"sector - 62, noida - iitm",2026-07-01 23:00:00.000000000,28.6245479,77.3577104,co,13.0,14.0,13.0,33,good,32.3,58.5,11.4,2026,7,1,23,wednesday,summer,293908.0,206.0,0,Evening,1.0,Warm,Moderate,Moderate
india,uttar pradesh,noida,"sector-1, noida - uppcb",2026-07-01 23:00:00.000000000,28.5898,77.3101,pm2.5,51.0,113.0,71.0,89,moderate,31.9,78.5,25.7,2026,7,1,23,wednesday,summer,293908.0,206.0,0,Evening,62.0,Warm,High,High
india,uttar pradesh,noida,"sector-1, noida - uppcb",2026-07-01 23:00:00.000000000,28.5898,77.3101,pm10,65.0,124.0,100.0,74,moderate,15.4,62.3,27.0,2026,7,1,23,wednesday,summer,293908.0,206.0,0,Evening,59.0,Moderate,Moderate,High
india,uttar pradesh,prayagraj,"motilal nehru nit, prayagraj - uppcb",2026-07-01 23:00:00.000000000,25.494,81.863,ozone,23.0,41.0,33.0,24,good,39.8,88.6,11.2,2026,7,1,23,wednesday,summer,1073438.0,99.0,0,Evening,18.0,Hot,High,Moderate
india,uttar pradesh,prayagraj,"nagar nigam, prayagraj - uppcb",2026-07-01 23:00:00.000000000,25.44919916,81.82735986,co,14.0,18.0,16.0,10,good,23.9,46.8,2.3,2026,7,1,23,wednesday,summer,1073438.0,99.0,0,Evening,4.0,Moderate,Moderate,Low
india,uttar pradesh,prayagraj,"jhunsi, prayagraj - uppcb",2026-07-01 23:00:00.000000000,25.425602,81.917152,so2,8.0,31.0,17.0,47,good,34.0,42.9,14.1,2026,7,1,23,wednesday,summer,1073438.0,99.0,0,Evening,23.0,Warm,Moderate,Moderate
india,uttar pradesh,raebareli,"indira nagar, raebareli - ntpc unchahar",2026-07-01 23:00:00.000000000,26.207781,81.245571,pm10,6.0,22.0,12.333333333333332,336,hazardous,25.7,77.4,18.8,2026,7,1,23,wednesday,summer,186433.0,118.0,0,Evening,16.0,Warm,High,Moderate
india,uttar pradesh,raebareli,"indira nagar, raebareli - ntpc unchahar",2026-07-01 23:00:00.000000000,26.207781,81.245571,co,4.0,13.0,7.666666666666666,310,hazardous,16.1,41.7,4.1,2026,7,1,23,wednesday,summer,186433.0,118.0,0,Evening,9.0,Moderate,Moderate,Low
india,uttar pradesh,varanasi,"maldahiya, varanasi - uppcb",2026-07-01 23:00:00.000000000,25.32393,82.99687,no2,2.0,4.0,3.0,17,good,32.2,65.5,0.1,2026,7,1,23,wednesday,summer,1164404.0,86.0,0,Evening,2.0,Warm,Moderate,Low
india,uttar pradesh,varanasi,"ardhali bazar, varanasi - uppcb",2026-07-01 23:00:00.000000000,25.3505986,82.9083074,pm2.5,17.0,78.0,35.0,34,good,21.8,53.5,16.3,2026,7,1,23,wednesday,summer,1164404.0,86.0,0,Evening,61.0,Moderate,Moderate,Moderate
india,uttar pradesh,varanasi,"ardhali bazar, varanasi - uppcb",2026-07-01 23:00:00.000000000,25.3505986,82.9083074,so2,12.0,17.0,15.0,15,good,28.9,76.6,13.7,2026,7,1,23,wednesday,summer,1164404.0,86.0,0,Evening,5.0,Warm,High,Moderate
india,uttar pradesh,varanasi,"iesd banaras hindu university, varanasi - uppcb",2026-07-01 23:00:00.000000000,25.262326,82.995408,nh3,0.0,2.0,1.0,1,good,24.6,43.4,20.0,2026,7,1,23,wednesday,summer,1164404.0,86.0,0,Evening,2.0,Moderate,Moderate,High
india,uttar pradesh,varanasi,"iesd banaras hindu university, varanasi - uppcb",2026-07-01 23:00:00.000000000,25.262326,82.995408,ozone,0.0,7.0,4.0,8,good,21.5,77.5,6.1,2026,7,1,23,wednesday,summer,1164404.0,86.0,0,Evening,7.0,Moderate,High,Low
india,uttar pradesh,varanasi,"bhelupur, varanasi - uppcb",2026-07-01 23:00:00.000000000,25.301778,82.996789,pm2.5,11.0,35.0,22.0,17,good,37.8,48.2,10.6,2026,7,1,23,wednesday,summer,1164404.0,86.0,0,Evening,24.0,Hot,Moderate,Moderate
india,uttar pradesh,varanasi,"bhelupur, varanasi - uppcb",2026-07-01 23:00:00.000000000,25.301778,82.996789,pm10,27.0,86.0,55.0,67,moderate,27.4,59.3,26.2,2026,7,1,23,wednesday,summer,1164404.0,86.0,0,Evening,59.0,Warm,Moderate,High
india,uttar pradesh,varanasi,"bhelupur, varanasi - uppcb",2026-07-01 23:00:00.000000000,25.301778,82.996789,co,4.0,19.0,8.0,31,good,23.6,52.1,4.0,2026,7,1,23,wednesday,summer,1164404.0,86.0,0,Evening,15.0,Moderate,Moderate,Low
india,uttar pradesh,varanasi,"bhelupur, varanasi - uppcb",2026-07-01 23:00:00.000000000,25.301778,82.996789,ozone,7.0,19.0,10.0,48,good,25.7,42.4,23.7,2026,7,1,23,wednesday,summer,1164404.0,86.0,0,Evening,12.0,Warm,Moderate,High
india,uttar pradesh,vrindavan,"omex eternity, vrindavan - uppcb",2026-07-01 23:00:00.000000000,27.571409,77.655757,co,12.0,24.0,17.0,25,good,16.5,93.5,12.7,2026,7,1,23,wednesday,summer,60195.0,179.0,0,Evening,12.0,Moderate,High,Moderate
india,uttarakhand,kashipur,"govt. girls inter college, kashipur - ukpcb",2026-07-01 23:00:00.000000000,29.2124114,78.9611753,nh3,2.0,12.0,5.0,11,good,22.0,31.2,24.4,2026,7,1,23,wednesday,summer,103138.0,239.0,0,Evening,10.0,Moderate,Low,High
india,west bengal,asansol,"evelyn lodge, asansol - wbpcb",2026-07-01 23:00:00.000000000,23.697936,86.944395,pm10,25.0,53.0,37.0,4,good,28.4,65.4,1.2,2026,7,1,23,wednesday,summer,504271.0,119.0,0,Evening,28.0,Warm,Moderate,Low
india,west bengal,asansol,"evelyn lodge, asansol - wbpcb",2026-07-01 23:00:00.000000000,23.697936,86.944395,so2,74.0,76.0,75.0,57,moderate,26.2,70.9,0.1,2026,7,1,23,wednesday,summer,504271.0,119.0,0,Evening,2.0,Warm,High,Low
india,west bengal,asansol,"evelyn lodge, asansol - wbpcb",2026-07-01 23:00:00.000000000,23.697936,86.944395,co,32.0,44.0,35.0,23,good,15.8,81.9,18.3,2026,7,1,23,wednesday,summer,504271.0,119.0,0,Evening,12.0,Moderate,High,Moderate
india,west bengal,asansol,"trivenidevi bhalotia college, asansol - wbpcb",2026-07-01 23:00:00.000000000,23.616515,87.119133,pm2.5,10.0,59.0,36.0,14,good,33.4,67.5,1.7,2026,7,1,23,wednesday,summer,504271.0,119.0,0,Evening,49.0,Warm,Moderate,Low
india,west bengal,asansol,"asansol court area, asansol - wbpcb",2026-07-01 23:00:00.000000000,23.685297,86.945968,so2,10.0,15.0,12.0,25,good,36.4,30.9,24.1,2026,7,1,23,wednesday,summer,504271.0,119.0,0,Evening,5.0,Hot,Low,High
india,west bengal,howrah,"dasnagar, howrah - wbpcb",2026-07-01 23:00:00.000000000,22.6025571,88.3105664,co,32.0,48.0,40.0,48,good,19.7,69.6,2.4,2026,7,1,23,wednesday,summer,1027672.0,8.0,0,Evening,16.0,Moderate,Moderate,Low
india,west bengal,howrah,"belur math, howrah - wbpcb",2026-07-01 23:00:00.000000000,22.629801,88.352017,pm10,46.0,77.0,59.0,59,moderate,28.9,40.7,28.9,2026,7,1,23,wednesday,summer,1027672.0,8.0,0,Evening,31.0,Warm,Moderate,High
india,west bengal,howrah,"belur math, howrah - wbpcb",2026-07-01 23:00:00.000000000,22.629801,88.352017,nh3,4.0,5.0,4.0,17,good,32.2,82.1,20.1,2026,7,1,23,wednesday,summer,1027672.0,8.0,0,Evening,1.0,Warm,High,High
india,west bengal,howrah,"padmapukur, howrah - wbpcb",2026-07-01 23:00:00.000000000,22.5687319,88.2797276,pm10,50.0,83.0,69.0,52,moderate,39.2,83.8,9.5,2026,7,1,23,wednesday,summer,1027672.0,8.0,0,Evening,33.0,Hot,High,Low
india,west bengal,howrah,"ghusuri, howrah - wbpcb",2026-07-01 23:00:00.000000000,22.611968,88.347422,no2,60.0,83.0,73.0,82,moderate,29.1,70.8,5.8,2026,7,1,23,wednesday,summer,1027672.0,8.0,0,Evening,23.0,Warm,High,Low
india,west bengal,howrah,"ghusuri, howrah - wbpcb",2026-07-01 23:00:00.000000000,22.611968,88.347422,so2,7.0,10.0,8.0,48,good,26.9,36.4,22.9,2026,7,1,23,wednesday,summer,1027672.0,8.0,0,Evening,3.0,Warm,Low,High
india,west bengal,howrah,"botanical garden, howrah - wbpcb",2026-07-01 23:00:00.000000000,22.554954,88.292568,pm2.5,9.0,24.5,13.5,433,hazardous,24.9,63.2,20.6,2026,7,1,23,wednesday,summer,1027672.0,8.0,0,Evening,15.5,Moderate,Moderate,High
india,west bengal,howrah,"botanical garden, howrah - wbpcb",2026-07-01 23:00:00.000000000,22.554954,88.292568,no2,11.0,39.0,19.0,6,good,23.1,47.7,0.7,2026,7,1,23,wednesday,summer,1027672.0,8.0,0,Evening,28.0,Moderate,Moderate,Low
india,west bengal,howrah,"botanical garden, howrah - wbpcb",2026-07-01 23:00:00.000000000,22.554954,88.292568,so2,8.0,11.0,9.0,17,good,20.6,90.8,13.6,2026,7,1,23,wednesday,summer,1027672.0,8.0,0,Evening,3.0,Moderate,High,Moderate
india,west bengal,howrah,"botanical garden, howrah - wbpcb",2026-07-01 23:00:00.000000000,22.554954,88.292568,ozone,8.0,18.0,12.0,33,good,38.8,30.1,19.1,2026,7,1,23,wednesday,summer,1027672.0,8.0,0,Evening,10.0,Hot,Low,Moderate
india,west bengal,kolkata,"jadavpur, kolkata - wbpcb",2026-07-01 23:00:00.000000000,22.49929,88.36917,so2,5.0,6.0,5.0,37,good,22.3,36.4,14.6,2026,7,1,23,wednesday,summer,4631392.0,11.0,0,Evening,1.0,Moderate,Low,Moderate
india,west bengal,kolkata,"jadavpur, kolkata - wbpcb",2026-07-01 23:00:00.000000000,22.49929,88.36917,co,21.0,26.0,24.0,32,good,26.6,81.6,23.8,2026,7,1,23,wednesday,summer,4631392.0,11.0,0,Evening,5.0,Warm,High,High
india,west bengal,kolkata,"fort william, kolkata - wbpcb",2026-07-01 23:00:00.000000000,22.55664,88.342674,pm2.5,11.0,50.0,35.0,50,good,36.3,37.7,21.5,2026,7,1,23,wednesday,summer,4631392.0,11.0,0,Evening,39.0,Hot,Low,High
india,west bengal,kolkata,"fort william, kolkata - wbpcb",2026-07-01 23:00:00.000000000,22.55664,88.342674,pm10,12.0,53.0,37.0,18,good,24.9,61.9,13.0,2026,7,1,23,wednesday,summer,4631392.0,11.0,0,Evening,41.0,Moderate,Moderate,Moderate
india,west bengal,kolkata,"victoria, kolkata - wbpcb",2026-07-01 23:00:00.000000000,22.5448082,88.3403691,ozone,15.0,46.0,25.0,19,good,30.8,70.8,5.1,2026,7,1,23,wednesday,summer,4631392.0,11.0,0,Evening,31.0,Warm,High,Low
india,west bengal,barrackpore,"svspa campus, barrackpore - wbpcb",2026-07-01 23:00:00.000000000,22.7605581,88.3617589,pm10,27.0,74.0,50.0,44,good,20.2,74.0,15.4,2026,7,1,23,wednesday,summer,148174.0,12.0,0,Evening,47.0,Moderate,High,Moderate
india,west bengal,barrackpore,"svspa campus, barrackpore - wbpcb",2026-07-01 23:00:00.000000000,22.7605581,88.3617589,no2,11.0,22.0,17.0,33,good,24.0,90.8,20.5,2026,7,1,23,wednesday,summer,148174.0,12.0,0,Evening,11.0,Moderate,High,High
india,west bengal,durgapur,"pcbl residential complex, durgapur - wbpcb",2026-07-01 23:00:00.000000000,23.508764,87.35444,pm2.5,28.0,53.0,37.0,11,good,29.6,79.5,27.3,2026,7,1,23,wednesday,summer,18561.0,205.0,0,Evening,25.0,Warm,High,High
india,west bengal,durgapur,"pcbl residential complex, durgapur - wbpcb",2026-07-01 23:00:00.000000000,23.508764,87.35444,pm10,30.0,59.0,42.0,26,good,29.4,61.6,24.7,2026,7,1,23,wednesday,summer,18561.0,205.0,0,Evening,29.0,Warm,Moderate,High
india,west bengal,durgapur,"pcbl residential complex, durgapur - wbpcb",2026-07-01 23:00:00.000000000,23.508764,87.35444,no2,72.0,81.0,76.0,78,moderate,15.7,62.4,13.8,2026,7,1,23,wednesday,summer,18561.0,205.0,0,Evening,9.0,Moderate,Moderate,Moderate
india,west bengal,durgapur,"mahishkapur road_b-zone, durgapur - wbpcb",2026-07-01 23:00:00.000000000,23.567923,87.306843,pm10,27.0,120.0,66.0,79,moderate,27.9,86.4,6.6,2026,7,1,23,wednesday,summer,18561.0,205.0,0,Evening,93.0,Warm,High,Low
india,west bengal,durgapur,"mahishkapur road_b-zone, durgapur - wbpcb",2026-07-01 23:00:00.000000000,23.567923,87.306843,nh3,1.0,1.0,1.0,1,good,35.1,36.7,27.7,2026,7,1,23,wednesday,summer,18561.0,205.0,0,Evening,0.0,Hot,Low,High
india,west bengal,durgapur,"mahishkapur road_b-zone, durgapur - wbpcb",2026-07-01 23:00:00.000000000,23.567923,87.306843,so2,11.0,31.0,13.0,8,good,15.0,60.9,28.9,2026,7,1,23,wednesday,summer,18561.0,205.0,0,Evening,20.0,Moderate,Moderate,High
india,west bengal,haldia,"priyambada housing estate, haldia - wbpcb",2026-07-01 23:00:00.000000000,22.06047,88.109737,no2,6.0,20.0,10.0,26,good,17.1,65.1,10.3,2026,7,1,23,wednesday,summer,170695.0,6.0,0,Evening,14.0,Moderate,Moderate,Moderate
india,west bengal,haldia,"priyambada housing estate, haldia - wbpcb",2026-07-01 23:00:00.000000000,22.06047,88.109737,co,24.0,28.0,26.0,32,good,35.5,58.8,19.2,2026,7,1,23,wednesday,summer,170695.0,6.0,0,Evening,4.0,Hot,Moderate,Moderate
india,west bengal,howrah,"dasnagar, howrah - wbpcb",2026-07-01 23:00:00.000000000,22.6025571,88.3105664,pm10,13.0,73.0,34.0,29,good,26.8,80.0,6.4,2026,7,1,23,wednesday,summer,1027672.0,8.0,0,Evening,60.0,Warm,High,Low
india,west bengal,howrah,"dasnagar, howrah - wbpcb",2026-07-01 23:00:00.000000000,22.6025571,88.3105664,no2,6.0,12.0,8.0,0,good,24.2,83.2,11.9,2026,7,1,23,wednesday,summer,1027672.0,8.0,0,Evening,6.0,Moderate,High,Moderate
india,west bengal,howrah,"dasnagar, howrah - wbpcb",2026-07-01 23:00:00.000000000,22.6025571,88.3105664,nh3,1.0,5.0,2.0,47,good,39.0,58.5,23.7,2026,7,1,23,wednesday,summer,1027672.0,8.0,0,Evening,4.0,Hot,Moderate,High
india,uttar pradesh,khurja,"kalindi kunj, khurja - uppcb",2026-07-01 23:00:00.000000000,28.2348927,77.8683002,pm10,17.0,129.0,58.0,100,moderate,33.8,42.2,1.3,2026,7,1,23,wednesday,summer,105909.0,205.0,0,Evening,112.0,Warm,Moderate,Low
india,uttar pradesh,khurja,"kalindi kunj, khurja - uppcb",2026-07-01 23:00:00.000000000,28.2348927,77.8683002,nh3,1.0,1.0,1.0,50,good,38.4,32.2,1.4,2026,7,1,23,wednesday,summer,105909.0,205.0,0,Evening,0.0,Hot,Low,Low
india,uttar pradesh,khurja,"kalindi kunj, khurja - uppcb",2026-07-01 23:00:00.000000000,28.2348927,77.8683002,co,5.0,53.0,32.0,19,good,18.2,81.7,15.5,2026,7,1,23,wednesday,summer,105909.0,205.0,0,Evening,48.0,Moderate,High,Moderate
india,uttar pradesh,lucknow,"b r ambedkar university, lucknow - uppcb",2026-07-01 23:00:00.000000000,26.766433,80.927299,so2,32.0,34.0,33.0,39,good,23.2,73.8,13.4,2026,7,1,23,wednesday,summer,2472011.0,126.0,0,Evening,2.0,Moderate,High,Moderate
india,uttar pradesh,lucknow,"kukrail picnic spot-1, lucknow - uppcb",2026-07-01 23:00:00.000000000,26.90723,80.98579,nh3,28.5,32.0,29.5,461,hazardous,27.7,73.7,22.0,2026,7,1,23,wednesday,summer,2472011.0,126.0,0,Evening,3.5,Warm,High,High
india,uttar pradesh,lucknow,"lalbagh, lucknow - cpcb",2026-07-01 23:00:00.000000000,26.8458805,80.9365541,no2,25.0,30.0,26.0,12,good,25.6,39.6,8.9,2026,7,1,23,wednesday,summer,2472011.0,126.0,0,Evening,5.0,Warm,Low,Low
india,uttar pradesh,lucknow,"kendriya vidyalaya, lucknow - cpcb",2026-07-01 23:00:00.000000000,26.906111,80.948222,no2,20.0,28.0,24.0,25,good,37.7,68.7,0.4,2026,7,1,23,wednesday,summer,2472011.0,126.0,0,Evening,8.0,Hot,Moderate,Low
india,uttar pradesh,lucknow,"kendriya vidyalaya, lucknow - cpcb",2026-07-01 23:00:00.000000000,26.906111,80.948222,nh3,9.0,17.0,13.0,7,good,17.7,36.0,9.0,2026,7,1,23,wednesday,summer,2472011.0,126.0,0,Evening,8.0,Moderate,Low,Low
india,uttar pradesh,meerut,"pallavpuram phase 2, meerut - uppcb",2026-07-01 23:00:00.000000000,29.06351,77.709723,no2,11.0,30.0,17.0,42,good,18.4,32.0,13.2,2026,7,1,23,wednesday,summer,1223184.0,228.0,0,Evening,19.0,Moderate,Low,Moderate
india,uttar pradesh,meerut,"pallavpuram phase 2, meerut - uppcb",2026-07-01 23:00:00.000000000,29.06351,77.709723,ozone,7.0,17.0,12.0,3,good,15.3,64.3,16.4,2026,7,1,23,wednesday,summer,1223184.0,228.0,0,Evening,10.0,Moderate,Moderate,Moderate
india,uttar pradesh,moradabad,"jigar colony, moradabad - uppcb",2026-07-01 23:00:00.000000000,28.856664,78.772638,no2,24.0,25.0,25.0,49,good,18.7,90.2,19.3,2026,7,1,23,wednesday,summer,721139.0,205.0,0,Evening,1.0,Moderate,High,Moderate
india,uttar pradesh,moradabad,"jigar colony, moradabad - uppcb",2026-07-01 23:00:00.000000000,28.856664,78.772638,nh3,6.0,6.0,6.0,10,good,31.5,83.5,25.9,2026,7,1,23,wednesday,summer,721139.0,205.0,0,Evening,0.0,Warm,High,High
india,uttar pradesh,moradabad,"employment office, moradabad - uppcb",2026-07-01 23:00:00.000000000,28.88528,78.7388,pm10,20.0,54.0,35.0,38,good,39.5,55.7,9.9,2026,7,1,23,wednesday,summer,721139.0,205.0,0,Evening,34.0,Hot,Moderate,Low
india,uttar pradesh,moradabad,"kashiram nagar, moradabad - uppcb",2026-07-01 23:00:00.000000000,28.849399,78.742362,pm2.5,10.0,30.0,21.0,27,good,29.9,83.0,4.9,2026,7,1,23,wednesday,summer,721139.0,205.0,0,Evening,20.0,Warm,High,Low
india,uttar pradesh,moradabad,"kashiram nagar, moradabad - uppcb",2026-07-01 23:00:00.000000000,28.849399,78.742362,pm10,29.0,50.0,41.0,42,good,29.6,73.1,8.1,2026,7,1,23,wednesday,summer,721139.0,205.0,0,Evening,21.0,Warm,High,Low
india,uttar pradesh,muzaffarnagar,"new mandi, muzaffarnagar - uppcb",2026-07-01 23:00:00.000000000,29.4723508,77.7194031,nh3,2.0,6.0,3.0,28,good,21.1,65.6,28.1,2026,7,1,23,wednesday,summer,349706.0,251.0,0,Evening,4.0,Moderate,Moderate,High
india,uttar pradesh,muzaffarnagar,"new mandi, muzaffarnagar - uppcb",2026-07-01 23:00:00.000000000,29.4723508,77.7194031,ozone,16.0,30.0,24.0,8,good,30.5,90.4,18.7,2026,7,1,23,wednesday,summer,349706.0,251.0,0,Evening,14.0,Warm,High,Moderate
india,west bengal,kolkata,"rabindra bharati university, kolkata - wbpcb",2026-07-01 23:00:00.000000000,22.627847,88.380669,pm10,25.0,44.0,35.0,18,good,21.2,31.8,24.6,2026,7,1,23,wednesday,summer,4631392.0,11.0,0,Evening,19.0,Moderate,Low,High
india,west bengal,kolkata,"rabindra bharati university, kolkata - wbpcb",2026-07-01 23:00:00.000000000,22.627847,88.380669,co,40.0,53.0,45.0,12,good,36.2,40.5,4.9,2026,7,1,23,wednesday,summer,4631392.0,11.0,0,Evening,13.0,Hot,Moderate,Low
india,west bengal,kolkata,"ballygunge, kolkata - wbpcb",2026-07-01 23:00:00.000000000,22.5367507,88.3638022,ozone,15.0,22.0,19.0,38,good,34.4,50.3,26.5,2026,7,1,23,wednesday,summer,4631392.0,11.0,0,Evening,7.0,Warm,Moderate,High
india,west bengal,kolkata,"bidhannagar, kolkata - wbpcb",2026-07-01 23:00:00.000000000,22.58157048,88.41002457,pm2.5,21.0,36.0,29.0,31,good,31.6,91.0,4.0,2026,7,1,23,wednesday,summer,4631392.0,11.0,0,Evening,15.0,Warm,High,Low
india,west bengal,siliguri,"ward-32 bapupara, siliguri - wbpcb",2026-07-01 23:00:00.000000000,26.6879226,88.4152495,pm2.5,18.0,46.0,29.0,9,good,25.0,65.9,9.5,2026,7,1,23,wednesday,summer,515574.0,124.0,0,Evening,28.0,Warm,Moderate,Low
india,west bengal,siliguri,"ward-32 bapupara, siliguri - wbpcb",2026-07-01 23:00:00.000000000,26.6879226,88.4152495,pm10,36.0,94.0,48.0,17,good,35.7,54.8,27.1,2026,7,1,23,wednesday,summer,515574.0,124.0,0,Evening,58.0,Hot,Moderate,High
india,uttar pradesh,meerut,"ganga nagar, meerut - uppcb",2026-07-01 23:00:00.000000000,28.999264,77.7590354,ozone,7.0,45.0,28.0,31,good,32.8,84.2,4.2,2026,7,1,23,wednesday,summer,1223184.0,228.0,0,Evening,38.0,Warm,High,Low
india,uttar pradesh,meerut,"jai bhim nagar, meerut - uppcb",2026-07-01 23:00:00.000000000,28.9535882,77.7622941,nh3,5.0,23.0,10.0,1,good,30.9,69.1,18.8,2026,7,1,23,wednesday,summer,1223184.0,228.0,0,Evening,18.0,Warm,Moderate,Moderate
india,uttar pradesh,moradabad,"eco herbal park, moradabad - uppcb",2026-07-01 23:00:00.000000000,28.840739,78.697531,no2,15.0,29.0,19.0,28,good,31.3,41.5,21.8,2026,7,1,23,wednesday,summer,721139.0,205.0,0,Evening,14.0,Warm,Moderate,High
india,uttar pradesh,moradabad,"eco herbal park, moradabad - uppcb",2026-07-01 23:00:00.000000000,28.840739,78.697531,co,8.0,30.0,18.0,46,good,26.2,80.0,23.3,2026,7,1,23,wednesday,summer,721139.0,205.0,0,Evening,22.0,Warm,High,High
india,uttar pradesh,moradabad,"buddhi vihar, moradabad - uppcb",2026-07-01 23:00:00.000000000,28.83526,78.7446,pm10,17.0,56.0,32.0,24,good,37.0,88.5,9.4,2026,7,1,23,wednesday,summer,721139.0,205.0,0,Evening,39.0,Hot,High,Low
